<?xml version="1.0" encoding="UTF-8" standalone="yes"?>
<mule-project xmlns="http://www.mulesoft.com/tooling/project" runtimeId="org.mule.tooling.server.3.5.1.ee" schemaVersion="3.5.0.0">
    <name>lead_to_order</name>
    <description></description>
    <muleExtension name="SplunkLogger" qualifier="org.mule.tooling.ui.contribution.splunklogger.3.5.0"/>
    <muleExtension name="ObjectStore" qualifier="org.mule.tooling.ui.contribution.objectstore"/>
    <muleExtension name="Netsuite" qualifier="org.mule.tooling.ui.contribution.netsuite.3.5.0"/>
    <muleExtension name="Cloudhub" qualifier="org.mule.tooling.ui.contribution.cloudhub"/>
    <muleExtension name="Salesforce" qualifier="org.mule.tooling.ui.contribution.sfdc.3.5.0"/>
</mule-project>
