<?xml version="1.0" encoding="UTF-8"?>
<mule xmlns:scripting="http://www.mulesoft.org/schema/mule/scripting" xmlns:splunklogger="http://www.mulesoft.org/schema/mule/splunklogger" xmlns:tracking="http://www.mulesoft.org/schema/mule/ee/tracking" xmlns:json="http://www.mulesoft.org/schema/mule/json" xmlns:https="http://www.mulesoft.org/schema/mule/https" xmlns:data-mapper="http://www.mulesoft.org/schema/mule/ee/data-mapper" version="EE-3.5.2" xmlns="http://www.mulesoft.org/schema/mule/core" xmlns:core="http://www.mulesoft.org/schema/mule/core" xmlns:doc="http://www.mulesoft.org/schema/mule/documentation" xmlns:http="http://www.mulesoft.org/schema/mule/http" xmlns:spring="http://www.springframework.org/schema/beans" xmlns:xsi="http://www.w3.org/2001/XMLSchema-instance" xsi:schemaLocation="http://www.mulesoft.org/schema/mule/http http://www.mulesoft.org/schema/mule/http/current/mule-http.xsd
http://www.springframework.org/schema/beans http://www.springframework.org/schema/beans/spring-beans-current.xsd
http://www.mulesoft.org/schema/mule/core http://www.mulesoft.org/schema/mule/core/current/mule.xsd
http://www.mulesoft.org/schema/mule/ee/data-mapper http://www.mulesoft.org/schema/mule/ee/data-mapper/current/mule-data-mapper.xsd
http://www.mulesoft.org/schema/mule/https http://www.mulesoft.org/schema/mule/https/current/mule-https.xsd
http://www.mulesoft.org/schema/mule/json http://www.mulesoft.org/schema/mule/json/current/mule-json.xsd
http://www.mulesoft.org/schema/mule/ee/tracking http://www.mulesoft.org/schema/mule/ee/tracking/current/mule-tracking-ee.xsd
http://www.mulesoft.org/schema/mule/splunklogger http://www.mulesoft.org/schema/mule/splunklogger/current/mule-splunklogger.xsd
http://www.mulesoft.org/schema/mule/scripting http://www.mulesoft.org/schema/mule/scripting/current/mule-scripting.xsd">

    <data-mapper:config name="Mapping_Outputs" transformationGraphPath="json_to_json_avalara.grf" doc:name="Mapping_Outputs"/>
    <data-mapper:config name="Avalara_to_Cloudhub_Response" transformationGraphPath="avalara_to_cloudhub_response.grf" doc:name="Avalara_to_Cloudhub_Response"/>
    <data-mapper:config name="FPX_to_Avalara" transformationGraphPath="json_to_json_8.grf" doc:name="FPX_to_Avalara"/>
      
    <flow doc:name="ConnectToAvalara" name="ConnectToAvalara">
                <splunklogger:logger config-ref="SplunkLogger" message="Original Request: #[payload]" doc:name="Logger"/>
        <json:json-to-object-transformer returnClass="java.util.HashMap" doc:name="JSON to Object"/>
        <scripting:transformer doc:name="Input Validation">
            <scripting:script engine="Groovy" file="groovy_scripts/check_data_validations_fpx_avalara.groovy">
            	<property key="input_state" value="${avalara.field.validation.state}"/>
	            <property key="input_zip" value="${avalara.field.validation.zip}"/>
	            <property key="input_city_state" value="${avalara.field.validation.city.state}"/>
	            <property key="input_street_state" value="${avalara.field.validation.street.state}"/>
	            <property key="input_city_zip" value="${avalara.field.validation.city.zip}"/>
	            <property key="no_inputs" value="${avalara.field.validation.noinputs}"/>
	            <property key="input_street" value="${avalara.field.validation.street}"/>
	            <property key="input_city" value="${avalara.field.validation.city}"/>
	         </scripting:script>
        </scripting:transformer>
   
        <json:object-to-json-transformer doc:name="Object to JSON"/>

        <data-mapper:transform config-ref="FPX_to_Avalara" doc:name="Map Avalara">
            <data-mapper:input-arguments>
                <data-mapper:input-argument key="docType">${avalara.doc.type}</data-mapper:input-argument>
                <data-mapper:input-argument key="company">${avalara.company.code}</data-mapper:input-argument>
                <data-mapper:input-argument key="BusinessId">${avalara.businessId.number}</data-mapper:input-argument>
                <data-mapper:input-argument key="commitValue">${avalara.commit.value}</data-mapper:input-argument>
            </data-mapper:input-arguments>
        </data-mapper:transform>

        <object-to-string-transformer doc:name="Object to String" mimeType="application/json"/>
        <splunklogger:logger config-ref="SplunkLogger" message="Input to Avalara: #[payload]" doc:name="Log the input being sent to avalara"/>
        <set-variable variableName="OriginalMessageId" value="#[message.Id]" doc:name="Variable"/>
        <message-properties-transformer doc:name="Set Content-Type and Authentication">
            <add-message-property key="Content-Type" value="application/json"/>
            <add-message-property key="Authorization" value="${avalara.authentication.key}"/>
        </message-properties-transformer>

        <https:outbound-endpoint exchange-pattern="request-response"   method="POST" doc:name="Call Avalara Service" address="${avalara.service.endpoint}"  mimeType="application/json" responseTimeout="${avalara.service.endpoint.timeout.millis}" connector-ref="HTTPS_Conn"/>
        <object-to-string-transformer doc:name="Object to String"/>
        <splunklogger:logger config-ref="SplunkLogger" doc:name="Log the response" message="Output from Avalara: #[payload]">
            <splunklogger:fields>
                <splunklogger:field key="messageId">#[flowVars['OriginalMessageId']]</splunklogger:field>
            </splunklogger:fields>
        </splunklogger:logger>
        <choice doc:name="check the http.status">
            <when expression="#[message.inboundProperties['http.status'] == 200]">

                <data-mapper:transform config-ref="Mapping_Outputs" doc:name="Map Success Response to Output Format"/>
            </when>
            <otherwise>

                <data-mapper:transform doc:name="Map Failure Response to Output Format" config-ref="Avalara_to_Cloudhub_Response"/>
            </otherwise>
        </choice>
        
    </flow>
</mule>