<?xml version="1.0" encoding="UTF-8"?>

<mule xmlns:ws="http://www.mulesoft.org/schema/mule/ws" 
xmlns:cloudhub="http://www.mulesoft.org/schema/mule/cloudhub" 
xmlns:splunklogger="http://www.mulesoft.org/schema/mule/splunklogger" 
xmlns:objectstore="http://www.mulesoft.org/schema/mule/objectstore" 
xmlns:json="http://www.mulesoft.org/schema/mule/json"
	xmlns:scripting="http://www.mulesoft.org/schema/mule/scripting"
	xmlns:vm="http://www.mulesoft.org/schema/mule/vm"
	xmlns:netsuite="http://www.mulesoft.org/schema/mule/netsuite" 
	xmlns:http="http://www.mulesoft.org/schema/mule/http" 
	xmlns:sfdc="http://www.mulesoft.org/schema/mule/sfdc" 
	xmlns:context="http://www.springframework.org/schema/context"
	xmlns:https="http://www.mulesoft.org/schema/mule/https"
	xmlns="http://www.mulesoft.org/schema/mule/core" 
	xmlns:doc="http://www.mulesoft.org/schema/mule/documentation"
	xmlns:spring="http://www.springframework.org/schema/beans" version="EE-3.5.2"
	xmlns:xsi="http://www.w3.org/2001/XMLSchema-instance"
	xmlns:mule-ss="http://www.mulesoft.org/schema/mule/spring-security"
xmlns:ss="http://www.springframework.org/schema/security"
	xsi:schemaLocation="http://www.mulesoft.org/schema/mule/ws http://www.mulesoft.org/schema/mule/ws/current/mule-ws.xsd
http://www.mulesoft.org/schema/mule/json http://www.mulesoft.org/schema/mule/json/current/mule-json.xsd
http://www.mulesoft.org/schema/mule/scripting http://www.mulesoft.org/schema/mule/scripting/current/mule-scripting.xsd
http://www.mulesoft.org/schema/mule/vm http://www.mulesoft.org/schema/mule/vm/current/mule-vm.xsd
http://www.springframework.org/schema/context http://www.springframework.org/schema/context/spring-context-current.xsd
http://www.mulesoft.org/schema/mule/https http://www.mulesoft.org/schema/mule/https/current/mule-https.xsd
http://www.springframework.org/schema/beans http://www.springframework.org/schema/beans/spring-beans-current.xsd
http://www.mulesoft.org/schema/mule/core http://www.mulesoft.org/schema/mule/core/current/mule.xsd
http://www.mulesoft.org/schema/mule/sfdc http://www.mulesoft.org/schema/mule/sfdc/current/mule-sfdc.xsd
http://www.mulesoft.org/schema/mule/netsuite http://www.mulesoft.org/schema/mule/netsuite/current/mule-netsuite.xsd
http://www.mulesoft.org/schema/mule/objectstore http://www.mulesoft.org/schema/mule/objectstore/current/mule-objectstore.xsd
http://www.mulesoft.org/schema/mule/splunklogger http://www.mulesoft.org/schema/mule/splunklogger/current/mule-splunklogger.xsd
http://www.springframework.org/schema/security http://www.springframework.org/schema/security/spring-security-3.0.xsd
http://www.mulesoft.org/schema/mule/spring-security http://www.mulesoft.org/schema/mule/spring-security/current/mule-spring-security.xsd
http://www.mulesoft.org/schema/mule/cloudhub http://www.mulesoft.org/schema/mule/cloudhub/current/mule-cloudhub.xsd">
	<context:property-placeholder location="mule.${mule.env}.properties"/>
	<https:connector name="HTTPS_Conn" doc:name="HTTP\HTTPS">
		<https:tls-key-store path="${https.tls.keystore.file}" keyPassword="${https.tls.keypassword}"
			storePassword="${https.tls.storepassword}" />
	</https:connector>
	<spring:beans>
		<ss:authentication-manager alias="authenticationManager">
			<ss:authentication-provider>
				<ss:user-service id="userService">
					<ss:user name="${auth.splunk.user}" password="${auth.splunk.password}" authorities="ROLE_ADMIN"></ss:user>
				</ss:user-service>
			</ss:authentication-provider>
		</ss:authentication-manager>
	</spring:beans>

	<mule-ss:security-manager>
		<mule-ss:delegate-security-provider name="memory-provider" delegate-ref="authenticationManager"></mule-ss:delegate-security-provider>
	</mule-ss:security-manager>
    <netsuite:config name="Netsuite" email="${netsuite.email}" password="${netsuite.password}" endpoint="${netsuite.endpoint}" account="${netsuite.account}" roleId="${netsuite.role}" defaultEndpoint="${netsuite.endpoint}" doc:name="Netsuite" receiveTimeout="${netsuite.read.timeout.millis}" connectionTimeout="${netsuite.connec.timeout.millis}" authenticationType="${netsuite.authentication.type}">
        <reconnect frequency="${netsuite.reconnect.freq.millis}" count="${netsuite.reconnect.attempts}"/>
    </netsuite:config>
    <sfdc:config name="Salesforce" username="${sfdc.username}" password="${sfdc.password}" securityToken="${sfdc.token}" url="${sfdc.url}" doc:name="Salesforce">
        <reconnect frequency="${sfdc.reconnect.freq.millis}" count="${sfdc.reconnect.attempts}"/>
    </sfdc:config>
    <objectstore:config name="ObjectStore" entryTtl="${objstore.ttl.millis}" expirationInterval="${objstore.expinterval.millis}" maxEntries="${objstore.maxEntries}" doc:name="ObjectStore" partition="sfdcOppIdCache"/>
    <objectstore:config name="CancelOrderObjStore" entryTtl="${cancel.order.objstore.ttl.millis}" expirationInterval="${cancel.order.objstore.expinterval.millis}" maxEntries="${cancel.order.objstore.maxEntries}" doc:name="CancelOrderObjectStore" partition="sfdcCancelOrderCache"/>
    <objectstore:config name="ErrorObjectStore" entryTtl="${error.objstore.ttl.millis}" expirationInterval="${error.objstore.expinterval.millis}" maxEntries="${error.objstore.maxEntries}" doc:name="ErrorObjectStore" partition="sfdcErrMsgsCache"/>
    <objectstore:config name="NSCacheObjectStore" entryTtl="${ns.cache.objstore.ttl.millis}" expirationInterval="${ns.cache.objstore.expinterval.millis}" maxEntries="${ns.cache.objstore.maxEntries}" doc:name="NSCacheObjectStore" partition="nsDropDownValuesCache"/>
    <splunklogger:config name="SplunkLogger" doc:name="SplunkLogger" category="LEADTOORDER">
    	<splunklogger:global-fields> 
	    	<splunklogger:global-field key="messageId" value-ref="#[message.id]"/>
	    	<splunklogger:global-field key="msgCorrelationId" value-ref="#[message.correlationId]"/>
	    	<splunklogger:global-field key="flowName" value-ref="#[flow.name]"/>
    	</splunklogger:global-fields>
    </splunklogger:config>
    <cloudhub:config name="Cloudhub" doc:name="Cloudhub"/>
        <ws:consumer-config name="Web_Service_Consumer" wsdlLocation="${eloqua.wsdl.endpoint}" service="${eloqua.service}" port="${eloqua.port}" serviceAddress="${eloqua.service.endpoint}" doc:name="Web Service Consumer" connector-ref="HTTPS_Conn" >
        <ws:security>
            <ws:wss-username-token username="${eloqua.username}" password="${eloqua.password}" passwordType="TEXT"/>
        </ws:security>
    </ws:consumer-config>
    
    <ws:consumer-config name="Web_Service_Consumer_mkdata1" wsdlLocation="${mkdata.wsdl.endpoint}" service="${mkdata.service}" port="${mkdata.port}" serviceAddress="${mkdata.service.endpoint}" doc:name="Web Service Consumer" connector-ref="httpsOutboundConnector"/>
    
     <ws:consumer-config name="Web_Service_Consumer_sabrix" wsdlLocation="${sabrix.wsdl.endpoint}" service="${sabrix.service}" port="${sabrix.port}" serviceAddress="${sabrix.service.endpoint}" doc:name="Web Service Consumer" connector-ref="HTTPS_Conn" >
        <ws:security>
            <ws:wss-username-token username="${sabrix.username}" password="${sabrix.password}" passwordType="TEXT" addCreated="true" addNonce="true"/>
        </ws:security>
    </ws:consumer-config>
    
    <catch-exception-strategy name="default_catchexceptionstrategy">

        <logger message="${exception.detail.display}" level="ERROR" category="${error.log}" doc:name="Log the details of error"/>
    	<scripting:transformer doc:name="Set err code and err msg details">
			<scripting:script engine="Groovy" file="set_error_response.groovy">
		    </scripting:script>	  
		</scripting:transformer>
        <logger message="${error.resp.message}" level="INFO" category="${error.log}" doc:name="Error Response Message"/>
        <json:object-to-json-transformer doc:name="Object to JSON"/>
	</catch-exception-strategy>    
	
    <catch-exception-strategy name="error_resp_with_plain_msg_catch_strategy">
    	<splunklogger:logger config-ref="SplunkLogger" doc:name="Exception Message" message="${exception.detail.display}" severity="ERROR"/>
        <set-payload doc:name="Error Message to Caller" value="${sfdc.async.error.msg}"/>
        <set-property propertyName="http.status" value="500" doc:name="HTTP Status as 500"/>
    </catch-exception-strategy>
    <rollback-exception-strategy name="queue_process_rollback_excep_strategy"  maxRedeliveryAttempts="${rollback.retry.no.of.attempts}">
    	<splunklogger:logger config-ref="SplunkLogger" doc:name="Exception Message" message="${roll.back.retry.msg}" severity="ERROR"/>
        <objectstore:store config-ref="ErrorObjectStore" key="#[message.id]" value-ref="#[exception]" doc:name="ObjectStore-Store Actual Error Message" overwrite="true"/>
        <on-redelivery-attempts-exceeded doc:name="Redelivery exhausted">
        	<splunklogger:logger config-ref="SplunkLogger" doc:name="Retry Exhausted Message" message="${roll.back.retry.exhausted.msg}" severity="ERROR"/>
            <objectstore:contains config-ref="ErrorObjectStore" key="#[message.id]" doc:name="ObjectStore-Contains Message Id?"/>
            <choice doc:name="Is Msg Id present in Obj Store?">
	        	<when expression="#[payload]">
		            <objectstore:retrieve config-ref="ErrorObjectStore" doc:name="ObjectStore-Retrieve Actual Error Message" key="#[message.id]"/>
		            <scripting:transformer doc:name="Override Exception Payload">
		                <scripting:script engine="Groovy"><![CDATA[import org.mule.message.DefaultExceptionPayload
		
		message.setExceptionPayload(new DefaultExceptionPayload(payload))]]></scripting:script>
		            </scripting:transformer>
		            <objectstore:remove config-ref="ErrorObjectStore" key="#[message.id]" ignoreNotExists="true" doc:name="ObjectStore-Remove Actual Error Message"/>
	        	</when>
	            <otherwise>
	            	<splunklogger:logger config-ref="SplunkLogger" doc:name="No Message Id in Cache" message="${no.msg.id.in.cache}" severity="ERROR"/>
	            </otherwise>
	        </choice>    

            <vm:outbound-endpoint exchange-pattern="one-way" path="sfdcErrorLogQueue" doc:name="Send to SFDC Error Log queue" connector-ref="ErrorMessagesVM"/>
        </on-redelivery-attempts-exceeded>
    </rollback-exception-strategy>    
	<catch-exception-strategy name="error_resp_with_api_msg_catch_strategy">
		<splunklogger:logger config-ref="SplunkLogger" doc:name="Exception Message" message="${exception.detail.display}" severity="ERROR"/>
		<vm:outbound-endpoint exchange-pattern="one-way" path="sfdcErrorLogQueue" doc:name="Send to SFDC Error Log queue" connector-ref="ErrorMessagesVM"/>
        <choice doc:name="Is BadRequest Exception?">
            <when expression="#[exception.getCauseException() instanceof org.mule.module.apikit.exception.BadRequestException]">
		        <scripting:transformer doc:name="Set 400 err code and err msg details">
					<scripting:script engine="Groovy" file="groovy_scripts/set_error_response.groovy">
                        <property key="statusCodeVal" value="STS-400-BADREQUEST"/>
                        <property key="statusMsgVal" value="Invalid Request. Please correct and retry"/>
				    </scripting:script>	  
				</scripting:transformer>
				<set-property propertyName="http.status" value="400" doc:name="HTTP Status as 400"/>
            </when>
            <otherwise>
		        <scripting:transformer doc:name="Set 500 err code and err msg details">
					<scripting:script engine="Groovy" file="groovy_scripts/set_error_response.groovy">
                        <property key="statusCodeVal" value="STS-500-INTERNALERROR"/>
                        <property key="statusMsgVal" value="Operation failed"/>
				    </scripting:script>	  
				</scripting:transformer>
            	<set-property propertyName="http.status" value="500" doc:name="HTTP Status as 500"/>
            </otherwise>
        </choice> 
		<splunklogger:logger config-ref="SplunkLogger" message="${error.resp.message}" doc:name="Error Response Message" severity="ERROR"/>
        <json:object-to-json-transformer doc:name="Object to JSON"/>
	</catch-exception-strategy>
	<catch-exception-strategy name="error_resp_with_api_msg_no_filter_catch_strategy">
		<splunklogger:logger config-ref="SplunkLogger" doc:name="Exception Message" message="${exception.detail.display}" severity="ERROR"/>
		<scripting:transformer doc:name="Set 500 err code and err msg details">
			<scripting:script engine="Groovy" file="groovy_scripts/set_error_response.groovy">
            	<property key="statusCodeVal" value="STS-500-INTERNALERROR"/>
                <property key="statusMsgVal" value="Operation failed"/>
			</scripting:script>	  
		</scripting:transformer>
        <set-property propertyName="http.status" value="500" doc:name="HTTP Status as 500"/>
		<splunklogger:logger config-ref="SplunkLogger" message="${error.resp.message}" doc:name="Error Response Message" severity="ERROR"/>
        <json:object-to-json-transformer doc:name="Object to JSON"/>
	</catch-exception-strategy>	
    <vm:connector name="ErrorMessagesVM" validateConnections="true" doc:name="VM"/>
</mule>
