<?xml version="1.0" encoding="UTF-8"?>

<mule xmlns:vm="http://www.mulesoft.org/schema/mule/vm"
	xmlns:splunklogger="http://www.mulesoft.org/schema/mule/splunklogger" xmlns:batch="http://www.mulesoft.org/schema/mule/batch" xmlns:mulexml="http://www.mulesoft.org/schema/mule/xml" xmlns:scripting="http://www.mulesoft.org/schema/mule/scripting" xmlns:json="http://www.mulesoft.org/schema/mule/json" xmlns:ws="http://www.mulesoft.org/schema/mule/ws" xmlns:data-mapper="http://www.mulesoft.org/schema/mule/ee/data-mapper" xmlns:tracking="http://www.mulesoft.org/schema/mule/ee/tracking" xmlns="http://www.mulesoft.org/schema/mule/core" xmlns:doc="http://www.mulesoft.org/schema/mule/documentation"
	xmlns:spring="http://www.springframework.org/schema/beans" version="EE-3.5.2"
	xmlns:xsi="http://www.w3.org/2001/XMLSchema-instance"
	xsi:schemaLocation="
http://www.mulesoft.org/schema/mule/vm http://www.mulesoft.org/schema/mule/vm/current/mule-vm.xsd http://www.springframework.org/schema/beans http://www.springframework.org/schema/beans/spring-beans-current.xsd
http://www.mulesoft.org/schema/mule/core http://www.mulesoft.org/schema/mule/core/current/mule.xsd
http://www.mulesoft.org/schema/mule/ee/tracking http://www.mulesoft.org/schema/mule/ee/tracking/current/mule-tracking-ee.xsd
http://www.mulesoft.org/schema/mule/ws http://www.mulesoft.org/schema/mule/ws/current/mule-ws.xsd
http://www.mulesoft.org/schema/mule/ee/data-mapper http://www.mulesoft.org/schema/mule/ee/data-mapper/current/mule-data-mapper.xsd
http://www.mulesoft.org/schema/mule/json http://www.mulesoft.org/schema/mule/json/current/mule-json.xsd
http://www.mulesoft.org/schema/mule/scripting http://www.mulesoft.org/schema/mule/scripting/current/mule-scripting.xsd
http://www.mulesoft.org/schema/mule/xml http://www.mulesoft.org/schema/mule/xml/current/mule-xml.xsd
http://www.mulesoft.org/schema/mule/batch http://www.mulesoft.org/schema/mule/batch/current/mule-batch.xsd
http://www.mulesoft.org/schema/mule/splunklogger http://www.mulesoft.org/schema/mule/splunklogger/current/mule-splunklogger.xsd">
    <data-mapper:config name="JSON_To_Xml_Create_" transformationGraphPath="json_to_xml_create__4.grf" doc:name="JSON_To_Xml_Create_"/>
    <data-mapper:config name="Xml_CreateResponse__To_Map" transformationGraphPath="xml_createresponse__to_map.grf" doc:name="Xml_CreateResponse__To_Map"/>
    <flow name="eloqua_web_activity_post_flow" doc:name="eloqua_web_activity_post_flow">
        <splunklogger:logger config-ref="SplunkLogger" message="${eloqua.webact.put.input.msg}" doc:name="Input Message - JSON"/>

        <set-variable variableName="originalPayload" value="#[payload]" doc:name="Save Orginal Payload"/>
        <scripting:transformer doc:name="Groovy">
            <scripting:script engine="Groovy" file="groovy_scripts/create_exception_payload_eloqua_webactivity.groovy"/>
        </scripting:transformer>
        <set-variable variableName="exResponseMap" value="#[payload]" doc:name="Variable"/>
        <set-payload value="#[flowVars['originalPayload']]" doc:name="Set Payload"/>
        
        <data-mapper:transform config-ref="JSON_To_Xml_Create_" doc:name="JSON To Xml&lt;Create&gt;">
            <data-mapper:input-arguments>
                <data-mapper:input-argument key="eloquaFormName">${eloqua.form.name}</data-mapper:input-argument>
            </data-mapper:input-arguments>
        </data-mapper:transform>
        <byte-array-to-string-transformer doc:name="Byte Array to String"/>
        <splunklogger:logger config-ref="SplunkLogger" message="${eloqua.request.data}" doc:name="Eloqua Request"/>
        <until-successful maxRetries="${eloqua.reconnect.attempts}" synchronous="true" doc:name="Until Successful" millisBetweenRetries="${eloqua.reconnect.freq.millis}">
            <ws:consumer config-ref="Web_Service_Consumer" operation="Create" doc:name="Call Eloqua for Create"/>
        </until-successful>
        <splunklogger:logger config-ref="SplunkLogger" message="${eloqua.response.data}" doc:name="Eloqua Response"/>
        <data-mapper:transform config-ref="Xml_CreateResponse__To_Map" doc:name="Xml&lt;CreateResponse&gt; To Map"/>
        <splunklogger:logger config-ref="SplunkLogger" message="${eloqua.webact.put.output.map}" doc:name="Output - Map"/>
        
        <catch-exception-strategy doc:name="Catch Exception Strategy">
            <splunklogger:logger config-ref="SplunkLogger" doc:name="Exception Message" message="${exception.detail.display}" severity="ERROR"/>
            <set-variable variableName="eloquaError" value="#[exception.getCauseException().toString()]" doc:name="Eloqua Error"/>
            <scripting:transformer doc:name="Groovy">
            	<scripting:script engine="Groovy" file="prepare_eloqua_exception_map.groovy"/>
            </scripting:transformer>
            <vm:outbound-endpoint exchange-pattern="one-way" path="sfdcErrorLogQueue" doc:name="Send to SFDC Error Log queue" connector-ref="ErrorMessagesVM"/>
                         
            <set-variable variableName="exMessage" value=" #[exception.toString()]" doc:name="Variable"/>
            <!--
            <logger message="The exception variable is #[flowVars['exMessage']]" level="INFO" doc:name="Logger"/>
            <choice doc:name="Choice">
                <when expression="#[flowVars['exMessage'] contains 'RoutingException']">
                    <logger message="Exception is Connection Exception" level="INFO" doc:name="Exception is Connection Exception"/>
                    <scripting:transformer doc:name="Groovy">
                        <scripting:script engine="Groovy" file="prepare_eloqua_exception_map.groovy"/>
                    </scripting:transformer>
                    <set-payload value="#[payload]" doc:name="Set Payload"/>
                    <async doc:name="Async">
                        <json:object-to-json-transformer doc:name="Object to JSON"/>
                        <flow-ref name="sfdc_error_log_put_flow" doc:name="Flow Reference"/>
                    </async>
                </when>
                <otherwise>
                    <logger message="Exception is not Connection Exception" level="INFO" doc:name="Exception is not Connection Exception"/>
                    <scripting:transformer doc:name="Groovy">
                        <scripting:script engine="Groovy" file="prepare_eloqua_exception_map.groovy"/>
                    </scripting:transformer>
                    <set-payload value="#[payload]" doc:name="Set Payload"/>
                </otherwise>
            </choice>
             -->
        </catch-exception-strategy>
    </flow>
</mule>
