<?xml version="1.0" encoding="UTF-8"?>
<mule xmlns:json="http://www.mulesoft.org/schema/mule/json" 
xmlns:splunklogger="http://www.mulesoft.org/schema/mule/splunklogger" 
xmlns:scripting="http://www.mulesoft.org/schema/mule/scripting" 
xmlns="http://www.mulesoft.org/schema/mule/core" 
xmlns:apikit="http://www.mulesoft.org/schema/mule/apikit" 
xmlns:doc="http://www.mulesoft.org/schema/mule/documentation" 
xmlns:http="http://www.mulesoft.org/schema/mule/http" 
xmlns:https="http://www.mulesoft.org/schema/mule/https" 
xmlns:spring="http://www.springframework.org/schema/beans" 
xmlns:tracking="http://www.mulesoft.org/schema/mule/ee/tracking" 
xmlns:xsi="http://www.w3.org/2001/XMLSchema-instance" 
xmlns:spring-security="http://www.mulesoft.org/schema/mule/spring-security"
xmlns:ss="http://www.springframework.org/schema/security"
xsi:schemaLocation="http://www.mulesoft.org/schema/mule/core http://www.mulesoft.org/schema/mule/core/current/mule.xsd
http://www.mulesoft.org/schema/mule/http http://www.mulesoft.org/schema/mule/http/current/mule-http.xsd
http://www.mulesoft.org/schema/mule/apikit http://www.mulesoft.org/schema/mule/apikit/current/mule-apikit.xsd
http://www.springframework.org/schema/beans http://www.springframework.org/schema/beans/spring-beans-3.1.xsd
http://www.mulesoft.org/schema/mule/https http://www.mulesoft.org/schema/mule/https/current/mule-https.xsd
http://www.mulesoft.org/schema/mule/ee/tracking http://www.mulesoft.org/schema/mule/ee/tracking/current/mule-tracking-ee.xsd
http://www.mulesoft.org/schema/mule/scripting http://www.mulesoft.org/schema/mule/scripting/current/mule-scripting.xsd
http://www.mulesoft.org/schema/mule/splunklogger http://www.mulesoft.org/schema/mule/splunklogger/current/mule-splunklogger.xsd
http://www.springframework.org/schema/security http://www.springframework.org/schema/security/spring-security-3.0.xsd
http://www.mulesoft.org/schema/mule/spring-security http://www.mulesoft.org/schema/mule/spring-security/current/mule-spring-security.xsd
http://www.mulesoft.org/schema/mule/json http://www.mulesoft.org/schema/mule/json/current/mule-json.xsd" version="EE-3.5.2">
    <apikit:config name="lead_to_order_apis-config" raml="lead_to_order_apis.raml" consoleEnabled="true" consolePath="console" doc:name="Router" />
    <apikit:mapping-exception-strategy name="lead_to_order_apis-apiKitGlobalExceptionMapping" doc:name="Mapping Exception Strategy">
        <apikit:mapping statusCode="404">
            <apikit:exception value="org.mule.module.apikit.exception.NotFoundException" />
            <set-property propertyName="Content-Type" value="application/json" doc:name="Property" />
            <set-payload value="{ &quot;message&quot;: &quot;Resource not found&quot; }" doc:name="Set Payload" />
        </apikit:mapping>
        <apikit:mapping statusCode="405">
            <apikit:exception value="org.mule.module.apikit.exception.MethodNotAllowedException" />
            <set-property propertyName="Content-Type" value="application/json" doc:name="Property" />
            <set-payload value="{ &quot;message&quot;: &quot;Method not allowed&quot; }" doc:name="Set Payload" />
        </apikit:mapping>
        <apikit:mapping statusCode="415">
            <apikit:exception value="org.mule.module.apikit.exception.UnsupportedMediaTypeException" />
            <set-property propertyName="Content-Type" value="application/json" doc:name="Property" />
            <set-payload value="{ &quot;message&quot;: &quot;Unsupported media type&quot; }" doc:name="Set Payload" />
        </apikit:mapping>
        <apikit:mapping statusCode="406">
            <apikit:exception value="org.mule.module.apikit.exception.NotAcceptableException" />
            <set-property propertyName="Content-Type" value="application/json" doc:name="Property" />
            <set-payload value="{ &quot;message&quot;: &quot;Not acceptable&quot; }" doc:name="Set Payload" />
        </apikit:mapping>
        <apikit:mapping statusCode="400">
            <apikit:exception value="org.mule.module.apikit.exception.BadRequestException" />
            <set-property propertyName="Content-Type" value="application/json" doc:name="Property" />
             <choice doc:name="check the http.request.path">
				<when expression="#[message.inboundProperties['http.request.path'] == '/api/sabrix/calculateSalesTax']">
					<set-payload value="{&quot;statusCode&quot;: &quot;STS-400-BADREQUEST&quot;, &quot;systemErrorMessage&quot;: &quot;Input fields are not matching with the defined structure.&quot;, &quot;statusMessage&quot;: &quot;Please validate the inputs and try again.&quot;}" doc:name="Set Payload" />
				</when>
                <when expression="#[message.inboundProperties['http.request.path'] == '/api/sfdc/eventTracking']">
                    <set-payload value="#[&quot;{\&quot;message\&quot;:\&quot;Bad Request. Event string must be of length 1 to 50.\&quot;}&quot;]" doc:name="Set Payload for addEvent input validation error"/>
                </when>				
				<otherwise>
					<set-payload value="{ &quot;message&quot;: &quot;Bad request&quot; }" doc:name="Other Payload" /> 
				</otherwise>
			</choice>
        </apikit:mapping>     
    </apikit:mapping-exception-strategy>
    <!--  <flow name="lead_to_order_apis-main" doc:name="lead_to_order_apis-main">
        <https:inbound-endpoint address="https://localhost:${https.endpoint.port}/api" doc:name="HTTPS" exchange-pattern="request-response" connector-ref="HTTPS_Conn">
			<mule-ss:http-security-filter realm="Lead To Order API"/>
        </https:inbound-endpoint>
        <message-filter  doc:name="Filter non-whitelisted IPs" throwOnUnaccepted="true">
            <custom-filter class="com.splunk.enterprisetrials.components.IPWhitelistFilter">
                <spring:property name="whitelist" value="${api.source.whitelist}"/>
            </custom-filter>
        </message-filter>
        <set-variable variableName="apiCall" value="#[message.inboundProperties['http.request']]" doc:name="Variable"/>
        <splunklogger:logger config-ref="SplunkLogger" message="env=&quot;${mule.env}&quot;,apiCall=&quot;#[flowVars['apiCall']]&quot;,action=&quot;receive&quot;" doc:name="Log API Call Start"/>

        <apikit:router config-ref="lead_to_order_apis-config" doc:name="APIkit Router" />
        <splunklogger:logger config-ref="SplunkLogger" message="env=&quot;${mule.env}&quot;,apiCall=&quot;#[flowVars['apiCall']]&quot;,action=&quot;respond&quot;" doc:name="Log API Call end"/>

        <exception-strategy ref="lead_to_order_apis-apiKitGlobalExceptionMapping" doc:name="Reference Exception Strategy" />
    </flow> -->
    <flow name="lead_to_order_apis-main" doc:name="lead_to_order_apis-main">
        <https:inbound-endpoint address="https://localhost:${https.endpoint.port}/api" doc:name="HTTPS" connector-ref="HTTPS_Conn" exchange-pattern="request-response">
            <spring-security:http-security-filter realm="mule-realm" />
        </https:inbound-endpoint>
        
        <apikit:router config-ref="lead_to_order_apis-config" doc:name="APIkit Router" />
        <exception-strategy ref="lead_to_order_apis-apiKitGlobalExceptionMapping" doc:name="Reference Exception Strategy" />
    </flow>
    <flow name="put:/ns/contacts:lead_to_order_apis-config" doc:name="put:/ns/contacts:lead_to_order_apis-config">
        <flow-ref name="ns_contact_put_flow" doc:name="Put NS Contact Flow" />
    </flow>
    <flow name="put:/ns/salesorders:lead_to_order_apis-config" doc:name="put:/ns/salesorders:lead_to_order_apis-config">
        <enricher doc:name="Message Enricher" target="#[flowVars['payloadAsMap']]">
            <json:json-to-object-transformer returnClass="java.util.HashMap" doc:name="JSON to Object" />
        </enricher>
        <scripting:transformer doc:name="Set Payload Data for Error Log">
            <scripting:script engine="Groovy" file="groovy_scripts/set_payload_data_for_error_log.groovy">
                <property key="objectTypeVal" value="SalesOrder" />
                <property key="targetSystemVal" value="NS" />
                <property key="operationTypeVal" value="PUT" />
                <property key="processNameVal" value="Create/Update NS SO" />
                <property key="errorTypeVal" value="Cloudhub" />
                <property key="recordTypeIdVal" value="${error.log.record.type.id}" />
                <property key="functionalModuleVal" value="${ns.so.fail.default.func.value}" />
                <property key="isSourceTargetIdsValid" value="false" />
            </scripting:script>
        </scripting:transformer>
        <flow-ref name="ns_salesorder_flow" doc:name="Put NS Sales Order flow" />
        <exception-strategy ref="error_resp_with_api_msg_catch_strategy" doc:name="Ref To Formatted Error Msg Catch Strategy" />
    </flow>
    <flow name="put:/sfdc/contacts:lead_to_order_apis-config" doc:name="put:/sfdc/contacts:lead_to_order_apis-config">
        <flow-ref name="sfdc_contact_put_flow" doc:name="Put SFDC Contact Flow" />
    </flow>
    <!-- 
    <flow name="get:/sfdc/contacts/{CONTACT_ID}:lead_to_order_apis-config" doc:name="get:/sfdc/contacts/{CONTACT_ID}:lead_to_order_apis-config">
        <flow-ref name="sfdc_contact_get_flow" doc:name="Get SFDC Contact Flow" />
    </flow>
     -->
    <flow name="put:/sfdc/salesorders:lead_to_order_apis-config" doc:name="put:/sfdc/salesorders:lead_to_order_apis-config">
        <enricher doc:name="Message Enricher" target="#[flowVars['payloadAsMap']]">
            <json:json-to-object-transformer returnClass="java.util.HashMap" doc:name="JSON to Object" />
        </enricher>
        <scripting:transformer doc:name="Set Payload Data for Error Log">
            <scripting:script engine="Groovy" file="groovy_scripts/set_payload_data_for_error_log.groovy">
                <property key="objectTypeVal" value="SalesOrder" />
                <property key="targetSystemVal" value="SFDC" />
                <property key="operationTypeVal" value="PUT" />
                <property key="processNameVal" value="Create/Update SFDC SO" />
                <property key="sourceIdFieldVal" value="netSuiteId" />
                <property key="targetIdFieldVal" value="sfdcId" />
                <property key="errorTypeVal" value="Cloudhub" />
                <property key="recordTypeIdVal" value="${error.log.record.type.id}" />
                <property key="functionalModuleVal" value="${sfdc.so.fail.default.func.value}" />
                <property key="isSourceTargetIdsValid" value="true" />
            </scripting:script>
        </scripting:transformer>
        <flow-ref name="sfdc_salesorder_put_flow" doc:name="Put SFDC Sales Order Flow" />
        <exception-strategy ref="error_resp_with_api_msg_catch_strategy" doc:name="Ref To Formatted Error Msg Catch Strategy" />
    </flow>

    <flow name="put:/sfdc/financial:lead_to_order_apis-config" doc:name="put:/sfdc/financial:lead_to_order_apis-config">
        <enricher doc:name="Message Enricher" target="#[flowVars['payloadAsMap']]">
            <json:json-to-object-transformer returnClass="java.util.HashMap" doc:name="JSON to Object" />
        </enricher>
        <scripting:transformer doc:name="Set Payload Data for Error Log">
            <scripting:script engine="Groovy" file="groovy_scripts/set_payload_data_for_error_log.groovy">
                <property key="objectTypeVal" value="Financial" />
                <property key="targetSystemVal" value="SFDC" />
                <property key="operationTypeVal" value="PUT" />
                <property key="processNameVal" value="Create/Update SFDC Financial" />
                <property key="sourceIdFieldVal" value="internalId" />
                <property key="targetIdFieldVal" value="subscriptionPaymentId" />
                <property key="errorTypeVal" value="Cloudhub" />
                <property key="recordTypeIdVal" value="${error.log.record.type.id}" />
                <property key="functionalModuleVal" value="${sfdc.financial.fail.default.func.value}" />
                <property key="isSourceTargetIdsValid" value="true" />
            </scripting:script>
        </scripting:transformer>
        <scripting:component doc:name="Update Func Module for Rainmakr eComm">
            <scripting:script engine="Groovy">
                <![CDATA[if(flowVars['payloadAsMap'].get('subscriptionPaymentId')!=null && flowVars['payloadAsMap'].get('subscriptionPaymentId')!=''){
	sessionVars['errorLogDetMap'].put('functionalModule',functionalModuleVal)	
}

return payload]]>
<property key="functionalModuleVal" value="${ns.cs.fail.default.func.value}"/>
</scripting:script>
        </scripting:component>    
        <flow-ref name="sfdc_financial_put_flow" doc:name="Put SFDC Financial Flow" />
        <exception-strategy ref="error_resp_with_api_msg_catch_strategy" doc:name="Reference Exception Strategy"/>
    </flow>

    <flow name="post:/sfdc/salesordersasync:lead_to_order_apis-config" doc:name="post:/sfdc/salesordersasync:lead_to_order_apis-config">
        <enricher doc:name="Message Enricher" target="#[flowVars['payloadAsMap']]">
            <json:json-to-object-transformer returnClass="java.util.HashMap" doc:name="JSON to Object" />
        </enricher>
        <scripting:transformer doc:name="Set Payload Data for Error Log">
            <scripting:script engine="Groovy" file="groovy_scripts/set_payload_data_for_error_log.groovy">
                <property key="objectTypeVal" value="SalesOrder" />
                <property key="targetSystemVal" value="SFDC" />
                <property key="operationTypeVal" value="POST" />
                <property key="processNameVal" value="Create/Update SFDC SO Async" />
                <property key="sourceIdFieldVal" value="netSuiteId" />
                <property key="targetIdFieldVal" value="sfdcId" />
                <property key="errorTypeVal" value="Cloudhub" />
                <property key="recordTypeIdVal" value="${error.log.record.type.id}" />
                <property key="functionalModuleVal" value="${sfdc.so.fail.default.func.value}" />
                <property key="isSourceTargetIdsValid" value="true" />
            </scripting:script>
        </scripting:transformer>
        <flow-ref name="sfdc_salesorder_put_async_flow" doc:name="Put SFDC Sales Order Async Flow" />
    </flow>
    <flow name="put:/ns/accounts:lead_to_order_apis-config" doc:name="put:/ns/accounts:lead_to_order_apis-config">
        <flow-ref name="ns_account_put_flow" doc:name="Put NS Account Flow" />
    </flow>
    <flow name="put:/sfdc/accounts:lead_to_order_apis-config" doc:name="put:/sfdc/accounts:lead_to_order_apis-config">
        <flow-ref name="sfdc_account_put_flow" doc:name="Put SFDC Account Flow" />
    </flow>
    
    <flow name="put:/sfdc/accountsasync:lead_to_order_apis-config" doc:name="put:/sfdc/accountsasync:lead_to_order_apis-config">
        <enricher doc:name="Message Enricher" target="#[flowVars['payloadAsMap']]">
            <json:json-to-object-transformer returnClass="java.util.HashMap" doc:name="JSON to Object"/>
        </enricher>
        <scripting:transformer doc:name="Set Payload Data for Error Log">
            <scripting:script engine="Groovy" file="groovy_scripts/set_payload_data_for_error_log.groovy">
                <property key="objectTypeVal" value="Account"/>
                <property key="targetSystemVal" value="SFDC"/>
                <property key="operationTypeVal" value="PUT"/>
                <property key="processNameVal" value="Create/Update SFDC Account Async"/>
                <property key="errorTypeVal" value="Cloudhub"/>
                <property key="recordTypeIdVal" value="${error.log.record.type.id}"/>
                <property key="functionalModuleVal" value="Hangman"/>
                <property key="isSourceTargetIdsValid" value="false"/>
            </scripting:script>
        </scripting:transformer>
		<flow-ref name="sfdc_account_put_async_flow" doc:name="Put SFDC Account Async Flow"/>
    </flow>
    
    <flow name="get:/sfdc/accounts/{ACCOUNT_ID}:lead_to_order_apis-config" doc:name="get:/sfdc/accounts/{ACCOUNT_ID}:lead_to_order_apis-config">
        <flow-ref name="sfdc_account_get_flow" doc:name="Get SFDC Account Flow" />
    </flow>
    <flow name="put:/sfdc/lead:lead_to_order_apis-config" doc:name="put:/sfdc/lead:lead_to_order_apis-config">
        <flow-ref name="sfdc_lead_put_Flow" doc:name="Flow Reference" />
    </flow>
    <flow name="put:/sfdc/customer:lead_to_order_apis-config" doc:name="put:/sfdc/customer:lead_to_order_apis-config">
        <flow-ref name="sfdc_customer_put_Flow" doc:name="Flow Reference" />
    </flow>
    <flow name="get:/sfdc/lead:lead_to_order_apis-config" doc:name="get:/sfdc/lead:lead_to_order_apis-config">
        <set-variable variableName="email" value="#[message.inboundProperties['email']]" doc:name="Set Query Parameter" />
        <set-variable variableName="crmId" value="#[message.inboundProperties['crmId']]" doc:name="Set Query id paramenter" />
        <flow-ref name="sfdc_lead_get_Flow" doc:name="Call flow to get lead" />
    </flow>
    <flow name="get:/sfdc/contacts:lead_to_order_apis-config" doc:name="get:/sfdc/contacts:lead_to_order_apis-config">
        <set-variable variableName="email" value="#[message.inboundProperties['email']]" doc:name="Set Query email Parameter" />
        <set-variable variableName="crmId" value="#[message.inboundProperties['crmId']]" doc:name="Set Query id paramenter" />
        <flow-ref name="sfdc_contact_get_flow" doc:name="Call flow to get contacts" />
    </flow>
    <flow name="put:/sfdc/webactivites:lead_to_order_apis-config" doc:name="put:/sfdc/webactivites:lead_to_order_apis-config">
        <enricher doc:name="Message Enricher" target="#[flowVars['payloadAsMap']]">
            <json:json-to-object-transformer returnClass="java.util.HashMap" doc:name="JSON to Object" />
        </enricher>
        <scripting:transformer doc:name="Set Payload Data for Error Log">
            <scripting:script engine="Groovy" file="groovy_scripts/set_payload_data_for_error_log.groovy">
                <property key="objectTypeVal" value="Web Activity" />
                <property key="targetSystemVal" value="Eloqua" />
                <property key="operationTypeVal" value="PUT" />
                <property key="processNameVal" value="Create/Update WebActivity in Eloqua/SFDC" />
                <property key="errorTypeVal" value="Cloudhub" />
                <property key="recordTypeIdVal" value="${error.log.record.type.id}" />
                <property key="functionalModuleVal" value="${aem.webactivity.func.module}" />
                <property key="isSourceTargetIdsValid" value="false" />
            </scripting:script>
        </scripting:transformer>
        <set-variable variableName="orgPayload" value="#[payload]" doc:name="Save payload" />
        <flow-ref name="eloqua_web_activity_post_flow" doc:name="Create web activity in Eloqua" />
        <set-variable variableName="eloquaResponse" value="#[payload]" doc:name="Save Eloqua Response" />
        <set-payload value="#[flowVars['orgPayload']]" doc:name="Set Payload" />
        <flow-ref name="sfdc_webactivities_put_flow" doc:name="Create web activity in SFDC" />
        <set-variable variableName="sfdcResponse" value="#[payload]" doc:name="Save SFDC response" />
        <scripting:transformer doc:name="Create Web Activity Response">
            <scripting:script engine="Groovy" file="set_web_activity_resp.groovy" />
        </scripting:transformer>
        <json:object-to-json-transformer doc:name="Object to JSON"/>
    </flow>
    <flow name="get:/ns/salesorders:lead_to_order_apis-config" doc:name="get:/ns/salesorders:lead_to_order_apis-config">
        <set-variable variableName="sfdcOppId" value="#[message.inboundProperties.oppId!=null ? message.inboundProperties.oppId : &quot;&quot;]" doc:name="Set Query Parameter Opp Id" />
        <flow-ref name="ns_salesorder_get_flow" doc:name="Get NS SO Flow" />
    </flow>
    <flow name="put:/sfdc/errorLog:lead_to_order_apis-config" doc:name="put:/sfdc/errorLog:lead_to_order_apis-config">
        <flow-ref name="sfdc_error_log_put_flow" doc:name="Put SFDC Error Log Flow" />
        <exception-strategy ref="error_resp_with_api_msg_no_filter_catch_strategy" doc:name="Ref To Formatted Error Msg No Filter Catch Strategy" />
    </flow>
    <flow name="post:/validateDpl:lead_to_order_apis-config" doc:name="post:/validateDpl:lead_to_order_apis-config">
        <enricher target="#[flowVars['payloadAsMap']]" doc:name="Message Enricher">
            <json:json-to-object-transformer returnClass="java.util.HashMap" doc:name="JSON to Object"/>
        </enricher>
        <scripting:transformer doc:name="Groovy">
            <scripting:script engine="Groovy" file="groovy_scripts/set_payload_data_for_error_log.groovy">
                <property key="objectTypeVal" value="Account/Contact"/>
                <property key="targetSystemVal" value="SFDC"/>
                <property key="operationTypeVal" value="POST"/>
                <property key="processNameVal" value="ValidateDPL"/>
                <property key="errorTypeVal" value="Cloudhub"/>
                <property key="recordTypeIdVal" value="${error.log.record.type.id}"/>
                <property key="functionalModuleVal" value="${sfdc.validatedpl.fail.default.func.value}"/>
                <property key="isSourceTargetIdsValid" value="false"/>
            </scripting:script>
        </scripting:transformer>
        <flow-ref name="mkdata_validatedplFlow" doc:name="Flow Reference"/>
        <exception-strategy ref="error_resp_with_api_msg_catch_strategy" doc:name="Reference Exception Strategy"/>
    </flow>
    
    <flow name="put:/mkdataservice:lead_to_order_apis-config" doc:name="put:/mkdataservice:lead_to_order_apis-config">
        <flow-ref name="mkdata-check_flow" doc:name="Flow Reference"/>
    </flow>
    <flow name="put:/sfdc/products:lead_to_order_apis-config" doc:name="put:/sfdc/products:lead_to_order_apis-config">
        <enricher doc:name="Message Enricher" target="#[flowVars['payloadAsMap']]">
            <json:json-to-object-transformer returnClass="java.util.HashMap" doc:name="JSON to Object" />
        </enricher>
        <scripting:transformer doc:name="Set Payload Data for Error Log">
            <scripting:script engine="Groovy" file="groovy_scripts/set_payload_data_for_error_log.groovy">
                <property key="objectTypeVal" value="Product" />
                <property key="targetSystemVal" value="SFDC" />
                <property key="operationTypeVal" value="PUT" />
                <property key="processNameVal" value="Create/Update SFDC Product" />
                <property key="sourceIdFieldVal" value="netsuiteId" />
                <property key="targetIdFieldVal" value="sfdcId" />
                <property key="errorTypeVal" value="Cloudhub" />
                <property key="recordTypeIdVal" value="${error.log.record.type.id}" />
                <property key="functionalModuleVal" value="${sfdc.product.fail.default.func.value}" />
                <property key="isSourceTargetIdsValid" value="true" />
            </scripting:script>
        </scripting:transformer>    
        <flow-ref name="sfdc_product_put_flow" doc:name="Put SFDC Products Flow"/>
        <exception-strategy ref="error_resp_with_api_msg_catch_strategy" doc:name="Reference Exception Strategy"/>
    </flow>    

    <flow name="put:/sfdc/documents:lead_to_order_apis-config" doc:name="put:/sfdc/documents:lead_to_order_apis-config">
        <flow-ref name="sfdc_document_put_flow" doc:name="Put SFDC documents Flow"/>
    </flow>
    
    <flow name="post:/calculateSalesTax:lead_to_order_apis-config" doc:name="post:/calculateSalesTax:lead_to_order_apis-config">
        <flow-ref name="ConnectToAvalara" doc:name="Calculate Sales Tax"/>
        <exception-strategy doc:name="Ref To Formatted Error Msg Catch Strategy" ref="error_resp_with_api_msg_catch_strategy"/>
    </flow>
  
    <flow name="get:/sfdc/customer:lead_to_order_apis-config" doc:name="get:/sfdc/customer:lead_to_order_apis-config">
        <message-properties-transformer scope="invocation" doc:name="Message Properties">
            <add-message-property key="email" value="#[message.inboundProperties['email']]"/>
            <add-message-property key="crmId" value="#[message.inboundProperties['crmId']]"/>
        </message-properties-transformer>
        <flow-ref name="sfdc_customer_get_flow" doc:name="Flow Reference"/>
    </flow>
   
    
    <flow name="post:/sfdc/lead:lead_to_order_apis-config" doc:name="post:/sfdc/lead:lead_to_order_apis-config">
        <flow-ref name="sfdc_lead_post_flow" doc:name="Lead Post Flow"/>

    </flow>

    <flow name="put:/ns/soattachments:lead_to_order_apis-config" doc:name="put:/ns/soattachments:lead_to_order_apis-config">
        <enricher doc:name="Message Enricher" target="#[flowVars['payloadAsMap']]">
            <json:json-to-object-transformer returnClass="java.util.HashMap" doc:name="JSON to Object" />
        </enricher>
        <scripting:transformer doc:name="Set Payload Data for Error Log">
            <scripting:script engine="Groovy" file="groovy_scripts/set_payload_data_for_error_log.groovy">
                <property key="objectTypeVal" value="SalesOrderAttachments" />
                <property key="targetSystemVal" value="NS" />
                <property key="operationTypeVal" value="PUT" />
                <property key="processNameVal" value="Create/Update NS SO Attachments" />
                <property key="errorTypeVal" value="Cloudhub" />
                <property key="recordTypeIdVal" value="${error.log.record.type.id}" />
                <property key="functionalModuleVal" value="${ns.so.fail.default.func.value}" />
                <property key="isSourceTargetIdsValid" value="false" />
            </scripting:script>
        </scripting:transformer>
        <flow-ref name="ns_so_attach_files_flow" doc:name="Put NS Sales Order Attachments flow" />
        <exception-strategy ref="error_resp_with_api_msg_catch_strategy" doc:name="Ref To Formatted Error Msg Catch Strategy" />
    </flow>     
    
    <flow name="put:/ns/dropDownValuesCache:lead_to_order_apis-config" doc:name="put:/ns/dropDownValuesCache:lead_to_order_apis-config">
        <enricher doc:name="Message Enricher" target="#[flowVars['payloadAsMap']]">
            <json:json-to-object-transformer returnClass="java.util.HashMap" doc:name="JSON to Object" />
        </enricher>
        <scripting:transformer doc:name="Set Payload Data for Error Log">
            <scripting:script engine="Groovy" file="groovy_scripts/set_payload_data_for_error_log.groovy">
                <property key="objectTypeVal" value="CustomListsCache" />
                <property key="targetSystemVal" value="NS" />
                <property key="operationTypeVal" value="GET" />
                <property key="processNameVal" value="Create/Update NS Custom Lists Cache" />
                <property key="errorTypeVal" value="Cloudhub" />
                <property key="recordTypeIdVal" value="${error.log.record.type.id}" />
                <property key="functionalModuleVal" value="NSCustomListsCache" />
                <property key="isSourceTargetIdsValid" value="false" />
            </scripting:script>
        </scripting:transformer>
        <set-payload doc:name="Set Payload" value="#[flowVars['payloadAsMap']]"/>
    	<choice doc:name="Custom Setting Type?">
            <when expression="#[payload.get('cacheType')=='CUSTOM_LIST']">
            	<flow-ref name="ns_customlists_get_cache_flow" doc:name="NS Custom Lists Cache flow" />
            </when>
            <when expression="#[payload.get('cacheType')=='CUSTOM_RECORD']">
            	<flow-ref name="ns_customrecords_get_cache_flow" doc:name="NS Custom Records Cache flow" />
            </when>
            <when expression="#[payload.get('cacheType')=='ACCOUNTING_TERMS']">
            	<flow-ref name="ns_terms_get_cache_flow" doc:name="NS Terms Cache flow" />
            </when>
            <when expression="#[payload.get('cacheType')=='CUSTOM_SETTING']">
				<flow-ref name="sfdc_customsettings_get_cache_flow" doc:name="SFDC Custom Settings Cache flow" />           
            </when>            
            <otherwise>
            	<splunklogger:logger config-ref="SplunkLogger" message="Invalid Cache Type" doc:name="Invalid Cache Type"/>
            </otherwise>
        </choice>  
        <exception-strategy ref="error_resp_with_api_msg_catch_strategy" doc:name="Ref To Formatted Error Msg Catch Strategy" />
    </flow>    
    <flow name="get:/ns/dropDownValuesCache/{CACHE_TYPE}/{CACHE_ELEMENT_KEY}:lead_to_order_apis-config" doc:name="get:/ns/dropDownValuesCache/{CACHE_TYPE}/{CACHE_ELEMENT_KEY}:lead_to_order_apis-config">
        <scripting:transformer doc:name="Create req map with input params">
            <scripting:script engine="Groovy"><![CDATA[java.util.Map<String,String> reqDataMap =  new java.util.HashMap<String,String>()

if(flowVars['CACHE_TYPE']!=null){
	reqDataMap.put('CACHE_TYPE', flowVars['CACHE_TYPE'])
}

if(flowVars['CACHE_ELEMENT_KEY']!=null){
	reqDataMap.put('CACHE_ELEMENT_KEY', flowVars['CACHE_ELEMENT_KEY'])
}

return reqDataMap]]></scripting:script>
        </scripting:transformer>
        <flow-ref name="ns_dropdownvalues_cache_fetch_flow" doc:name="Get NS drop down Value" />
        <json:object-to-json-transformer doc:name="Object to JSON"/>
    </flow>    
    
    <flow name="put:/ns/cashsale:lead_to_order_apis-config" doc:name="put:/ns/cashsale:lead_to_order_apis-config">
        <enricher doc:name="Message Enricher" target="#[flowVars['payloadAsMap']]">
            <json:json-to-object-transformer returnClass="java.util.HashMap" doc:name="JSON to Object" />
        </enricher>
        <scripting:transformer doc:name="Set Payload Data for Error Log">
            <scripting:script engine="Groovy" file="groovy_scripts/set_payload_data_for_error_log.groovy">
                <property key="objectTypeVal" value="CashSale" />
                <property key="targetSystemVal" value="NS" />
                <property key="operationTypeVal" value="PUT" />
                <property key="processNameVal" value="Create/Update NS CS" />
                <property key="errorTypeVal" value="Cloudhub" />
                <property key="recordTypeIdVal" value="${error.log.record.type.id}" />
                <property key="functionalModuleVal" value="${ns.cs.fail.default.func.value}" />
                <property key="isSourceTargetIdsValid" value="false" />
            </scripting:script>
        </scripting:transformer>
        <flow-ref name="ns_cashsale_flow" doc:name="NS Cash Sale flow" />
        <exception-strategy ref="error_resp_with_api_msg_catch_strategy" doc:name="Ref To Formatted Error Msg Catch Strategy" />    
    </flow>
    
     <flow name="post:/sabrix/calculateSalesTax:lead_to_order_apis-config" doc:name="post:/sabrix/calculateSalesTax:lead_to_order_apis-config">
        <flow-ref name="sabrix_calculate_sales_taxFlow" doc:name="Calculate Sales Tax"/>
        <exception-strategy doc:name="Ref To Formatted Error Msg Catch Strategy" ref="error_resp_with_api_msg_catch_strategy"/>
    </flow>
    
    <flow name="put:/sfdc/eventTracking:lead_to_order_apis-config" doc:name="put:/sfdc/eventTracking:lead_to_order_apis-config">
        <enricher doc:name="Message Enricher" target="#[flowVars['payloadAsMap']]">
            <json:json-to-object-transformer returnClass="java.util.HashMap" doc:name="JSON to Object" />
        </enricher>
        <scripting:transformer doc:name="Set Payload Data for Error Log">
            <scripting:script engine="Groovy" file="groovy_scripts/set_payload_data_for_error_log.groovy">
                <property key="objectTypeVal" value="EventTracking" />
                <property key="targetSystemVal" value="SFDC" />
                <property key="operationTypeVal" value="PUT" />
                <property key="processNameVal" value="Create Event Tracking" />
                <property key="errorTypeVal" value="Cloudhub" />
                <property key="recordTypeIdVal" value="${error.log.record.type.id}" />
                <property key="functionalModuleVal" value="${sfdc.eventtrackfail.fail.default.func.value}" />
                <property key="isSourceTargetIdsValid" value="false" />
            </scripting:script>
        </scripting:transformer>    
        <flow-ref name="sfdc_addEvent_flow" doc:name="SFDC AddEvent Flow" />
        <exception-strategy ref="error_resp_with_api_msg_catch_strategy" doc:name="Ref To Formatted Error Msg Catch Strategy" />
    </flow>
</mule>
