<?xml version="1.0" encoding="UTF-8"?>

<mule xmlns:vm="http://www.mulesoft.org/schema/mule/vm"
	xmlns:cloudhub="http://www.mulesoft.org/schema/mule/cloudhub" xmlns:tracking="http://www.mulesoft.org/schema/mule/ee/tracking" xmlns:splunklogger="http://www.mulesoft.org/schema/mule/splunklogger" xmlns:json="http://www.mulesoft.org/schema/mule/json"
	xmlns:scripting="http://www.mulesoft.org/schema/mule/scripting"
	xmlns:http="http://www.mulesoft.org/schema/mule/http" xmlns="http://www.mulesoft.org/schema/mule/core" xmlns:doc="http://www.mulesoft.org/schema/mule/documentation"
	xmlns:spring="http://www.springframework.org/schema/beans" version="EE-3.5.2"
	xmlns:xsi="http://www.w3.org/2001/XMLSchema-instance"
	xsi:schemaLocation="http://www.mulesoft.org/schema/mule/vm http://www.mulesoft.org/schema/mule/vm/current/mule-vm.xsd
http://www.mulesoft.org/schema/mule/json http://www.mulesoft.org/schema/mule/json/current/mule-json.xsd
http://www.mulesoft.org/schema/mule/scripting http://www.mulesoft.org/schema/mule/scripting/current/mule-scripting.xsd
http://www.springframework.org/schema/beans http://www.springframework.org/schema/beans/spring-beans-current.xsd
http://www.mulesoft.org/schema/mule/core http://www.mulesoft.org/schema/mule/core/current/mule.xsd
http://www.mulesoft.org/schema/mule/http http://www.mulesoft.org/schema/mule/http/current/mule-http.xsd
http://www.mulesoft.org/schema/mule/splunklogger http://www.mulesoft.org/schema/mule/splunklogger/current/mule-splunklogger.xsd
http://www.mulesoft.org/schema/mule/ee/tracking http://www.mulesoft.org/schema/mule/ee/tracking/current/mule-tracking-ee.xsd
http://www.mulesoft.org/schema/mule/cloudhub http://www.mulesoft.org/schema/mule/cloudhub/current/mule-cloudhub.xsd">
    
    <flow name="log_error_to_sfdc" doc:name="log_error_to_sfdc">
    	<vm:inbound-endpoint exchange-pattern="one-way" address="vm://sfdcErrorLogQueue" doc:name="VM" connector-ref="ErrorMessagesVM"/>

	   	<splunklogger:logger config-ref="SplunkLogger" message="${error.handle.excep.input.msg}" doc:name="Exception Message" severity="ERROR"/>
        <scripting:transformer doc:name="Set Error Log Details">
        	<scripting:script engine="Groovy" file="groovy_scripts/set_error_log_details.groovy"/>
    	</scripting:transformer>
	    <json:object-to-json-transformer doc:name="HashMap to JSON"/>
	    <splunklogger:logger config-ref="SplunkLogger" message="${sfdc.so.post.async.excep.errorlog.data}" doc:name="Error Log Data" severity="ERROR"/>
	    <flow-ref name="sfdc_error_log_put_flow" doc:name="Call SFDC Error Log Put Flow"/>
        <catch-exception-strategy doc:name="Catch Exception Strategy">
            <splunklogger:logger config-ref="SplunkLogger" message="${exception.detail.display}" doc:name="Exception Message" severity="ERROR"/>
            <cloudhub:create-notification config-ref="Cloudhub" message="${cloudhub.notification.msg}" priority="ERROR" doc:name="Cloudhub"/>
        </catch-exception-strategy>
    </flow>
</mule>
