<?xml version="1.0" encoding="UTF-8"?>

<mule xmlns:splunklogger="http://www.mulesoft.org/schema/mule/splunklogger" xmlns:scripting="http://www.mulesoft.org/schema/mule/scripting" xmlns:tracking="http://www.mulesoft.org/schema/mule/ee/tracking" xmlns:json="http://www.mulesoft.org/schema/mule/json"
	xmlns="http://www.mulesoft.org/schema/mule/core" xmlns:doc="http://www.mulesoft.org/schema/mule/documentation"
	xmlns:spring="http://www.springframework.org/schema/beans" version="EE-3.5.2"
	xmlns:xsi="http://www.w3.org/2001/XMLSchema-instance"
	xsi:schemaLocation="http://www.mulesoft.org/schema/mule/json http://www.mulesoft.org/schema/mule/json/current/mule-json.xsd
http://www.springframework.org/schema/beans http://www.springframework.org/schema/beans/spring-beans-current.xsd
http://www.mulesoft.org/schema/mule/core http://www.mulesoft.org/schema/mule/core/current/mule.xsd
http://www.mulesoft.org/schema/mule/splunklogger http://www.mulesoft.org/schema/mule/splunklogger/current/mule-splunklogger.xsd
http://www.mulesoft.org/schema/mule/scripting http://www.mulesoft.org/schema/mule/scripting/current/mule-scripting.xsd
http://www.mulesoft.org/schema/mule/ee/tracking http://www.mulesoft.org/schema/mule/ee/tracking/current/mule-tracking-ee.xsd">
    <flow name="mkdata_validatedplFlow" doc:name="mkdata_validatedplFlow">
        <splunklogger:logger config-ref="SplunkLogger" message="${mkdata.json.request}" doc:name="Log SFDC request "/>
        <enricher target="#[flowVars['SFDCReq']]" doc:name="Message Enricher">
            <json:json-to-object-transformer returnClass="java.util.HashMap" doc:name="JSON to Object"/>
        </enricher>
        <set-payload value="#[flowVars['SFDCReq'].get('AccountDataList')]" doc:name="Extract AccountDataList"/>
        <splunklogger:logger config-ref="SplunkLogger" message="${mkdata.account.list}" doc:name="Print AccountDataList"/>
        <foreach doc:name="For Each">
            <splunklogger:logger config-ref="SplunkLogger" message="${mkdata.inside.for.account}" doc:name="Logger"/>
            <flow-ref name="mkdata_retrieve_account_flow" doc:name="Route to mkdata_retrieve_account_flow"/>
        </foreach>
        <set-payload value="#[flowVars['SFDCReq'].get('ContactDataList')]" doc:name="Extract ContactDataList"/>
        <splunklogger:logger config-ref="SplunkLogger" message="${mkdata.contact.list}" doc:name="Print ContactDataList"/>
        <foreach doc:name="For Each">
            <splunklogger:logger config-ref="SplunkLogger" message="${mkdata.inside.for.contact}" doc:name="Logger"/>
            <flow-ref name="mkdata_retrieve_contact_flow" doc:name="Route to mkdata_retrieve_contact_flow"/>
        </foreach>
        <set-payload value="{&quot;statusCode&quot;: &quot;STS-200-SUCCESS&quot;,&quot;statusMessage&quot;: &quot;Object updated successfully&quot;}" doc:name="Set success response "/>
        <!-- <catch-exception-strategy doc:name="Catch Exception Strategy">
            <splunklogger:logger config-ref="SplunkLogger" message="Exception Message is: #[exception.getMessage()]" severity="ERROR" doc:name="Print exception message"/>
            <set-payload value="{&quot;statusCode&quot;: &quot;STS-500-001&quot;,&quot;statusMessage&quot;: &quot;Object update failed&quot;}" doc:name="Set failure message"/>
            <set-property propertyName="http.status" value="500" doc:name="http status 500"/>

        </catch-exception-strategy> -->
    </flow>
    <sub-flow name="mkdata_retrieve_account_flow" doc:name="mkdata_retrieve_account_flow">
        <message-properties-transformer doc:name="Retrieve account payload to variable" scope="session">
            <add-message-property key="DPLName" value="#[payload.get('Name')]"/>
            <add-message-property key="countryCode" value="#[(payload.get('Account_Country_Code__c') !=null ) ? payload.get('Account_Country_Code__c'):payload.get('Account_Shipping_Country_Code__c')]"/>
            <add-message-property key="shippingCountryCode" value="#[(payload.get('Account_Shipping_Country_Code__c') !=null ) ? payload.get('Account_Shipping_Country_Code__c'):payload.get('Account_Country_Code__c')]"/>
            <add-message-property key="maxCount" value="#[(payload.get('MaxResults__c') != null )?payload.get('MaxResults__c'):&quot;100&quot;]"/>
            <add-message-property key="accountId" value="#[payload.get('Id')]"/>
        </message-properties-transformer>
        <splunklogger:logger config-ref="SplunkLogger" message="${mkdata.account.property.value}" doc:name="Logger"/>
        <flow-ref name="sfdc_mkdata_accountFlow" doc:name="Route to sfdc_mkdata_accountFlow"/>
    </sub-flow>
    <sub-flow name="mkdata_retrieve_contact_flow" doc:name="mkdata_retrieve_contact_flow">
        <message-properties-transformer scope="session" doc:name="Retrieve contact payload to variable">
            <add-message-property key="DPLName" value="#[payload.get('Name')]"/>
            <add-message-property key="countryCode" value="#[payload.get('Contact_Country_Code__c')]"/>
            <add-message-property key="contactId" value="#[payload.get('Id')]"/>
            <add-message-property key="accountName" value="#[(payload.get('Account_Name__c') != null) ? payload.get('Account_Name__c'):&quot;&quot;]"/>
            <add-message-property key="maxCount" value="#[(payload.get('MaxResults__c') != null )?payload.get('MaxResults__c'):&quot;100&quot;]"/>
        </message-properties-transformer>
        <splunklogger:logger config-ref="SplunkLogger" message="${mkdata.contact.property.value}" doc:name="Logger"/>
        <flow-ref name="sfdc_mkdata_contactFlow" doc:name="Route to sfdc_mkdata_contactFlow"/>
    </sub-flow>
</mule>
