<?xml version="1.0" encoding="UTF-8"?>

<mule xmlns:splunklogger="http://www.mulesoft.org/schema/mule/splunklogger" xmlns:tracking="http://www.mulesoft.org/schema/mule/ee/tracking" xmlns:vm="http://www.mulesoft.org/schema/mule/vm" xmlns:ws="http://www.mulesoft.org/schema/mule/ws" xmlns:data-mapper="http://www.mulesoft.org/schema/mule/ee/data-mapper" xmlns:http="http://www.mulesoft.org/schema/mule/http" xmlns="http://www.mulesoft.org/schema/mule/core" xmlns:doc="http://www.mulesoft.org/schema/mule/documentation"
	xmlns:spring="http://www.springframework.org/schema/beans" version="EE-3.5.2"
	xmlns:xsi="http://www.w3.org/2001/XMLSchema-instance"
	xsi:schemaLocation="http://www.springframework.org/schema/beans http://www.springframework.org/schema/beans/spring-beans-current.xsd
http://www.mulesoft.org/schema/mule/core http://www.mulesoft.org/schema/mule/core/current/mule.xsd
http://www.mulesoft.org/schema/mule/http http://www.mulesoft.org/schema/mule/http/current/mule-http.xsd
http://www.mulesoft.org/schema/mule/ws http://www.mulesoft.org/schema/mule/ws/current/mule-ws.xsd
http://www.mulesoft.org/schema/mule/ee/data-mapper http://www.mulesoft.org/schema/mule/ee/data-mapper/current/mule-data-mapper.xsd
http://www.mulesoft.org/schema/mule/vm http://www.mulesoft.org/schema/mule/vm/current/mule-vm.xsd
http://www.mulesoft.org/schema/mule/ee/tracking http://www.mulesoft.org/schema/mule/ee/tracking/current/mule-tracking-ee.xsd
http://www.mulesoft.org/schema/mule/splunklogger http://www.mulesoft.org/schema/mule/splunklogger/current/mule-splunklogger.xsd">
   <!--  <ws:consumer-config name="Web_Service_Consumer2" wsdlLocation="https://sandbox.mkdenial.com/dplv3_1.asmx?wsdl" service="DplWS_3_1" port="DplWS_3_1Soap" serviceAddress="https://sandbox.mkdenial.com/dplv3_1.asmx" doc:name="Web Service Consumer" connector-ref="httpsOutboundConnector"/> -->
   <!--  <data-mapper:config name="Pojo_To_Xml_SearchDpl_1" transformationGraphPath="pojo_to_xml_searchdpl_.grf" doc:name="Pojo_To_Xml_SearchDpl_"/>
    <data-mapper:config name="Xml_SearchDplResponse__To_Pojo" transformationGraphPath="xml_searchdplresponse__to_pojo.grf" doc:name="Xml_SearchDplResponse__To_Pojo"/>
    <data-mapper:config name="List_String__To_JSON" transformationGraphPath="list_string__to_json.grf" doc:name="List_String__To_JSON"/>-->
    <data-mapper:config name="Xml_SearchDplResponse__To_Map" transformationGraphPath="xml_searchdplresponse__to_map.grf" doc:name="Xml_SearchDplResponse__To_Map"/> 
    <flow name="mkdatatest_flow" doc:name="mkdatatest_flow">
        <vm:inbound-endpoint exchange-pattern="request-response"  connector-ref="MKDataVM" doc:name="VM" address="vm://mkdataQueue">
        </vm:inbound-endpoint>
        <splunklogger:logger config-ref="SplunkLogger" message="${mkdata.service.payload}" doc:name="Request Received"/>
        
        <data-mapper:transform config-ref="Pojo_To_Xml_SearchDpl_" doc:name="Pojo To Xml&lt;SearchDpl&gt;">
            <data-mapper:input-arguments>
                <data-mapper:input-argument key="CountryCode">#[sessionVars['countryCode']]</data-mapper:input-argument>
                <data-mapper:input-argument key="DPLName">#[sessionVars['DPLName']]</data-mapper:input-argument>
                <data-mapper:input-argument key="Username">${mkdata.username}</data-mapper:input-argument>
                <data-mapper:input-argument key="Password">${mkdata.password}</data-mapper:input-argument>
                <data-mapper:input-argument key="MatchLevel">${mkdata.match.level}</data-mapper:input-argument>

            </data-mapper:input-arguments>
        </data-mapper:transform>
        <byte-array-to-string-transformer doc:name="Byte Array to String"/>
        <splunklogger:logger config-ref="SplunkLogger" message="${mkdata.ws.call.request}" doc:name="Request"/>
        <splunklogger:time config-ref="SplunkLogger"     message="${mkdata.query.time}" doc:name="Time execution" destination="#[flowVars['elapsedTime']]">
            <ws:consumer config-ref="Web_Service_Consumer_mkdata1" operation="SearchDpl" doc:name="Call MK data Search DPL"/>
        </splunklogger:time>
        <data-mapper:transform config-ref="Xml_SearchDplResponse__To_Map" doc:name="Xml&lt;SearchDplResponse&gt; To Map"/>
        <splunklogger:logger config-ref="SplunkLogger" message="${mkdata.ws.call.response}" doc:name="Response"/>
       
    </flow>
    <flow name="mkdata-check_flow" doc:name="mkdata-check_flow">
        <splunklogger:logger config-ref="SplunkLogger" message="Request in MK data service is #[payload]" doc:name="Request"/>
        <message-properties-transformer scope="session" doc:name="Message Properties">
            <add-message-property key="DPLName" value="#[json:Name]"/>
            <add-message-property key="countryCode" value="#[json:Country]"/>
        </message-properties-transformer>
        <vm:outbound-endpoint exchange-pattern="request-response"  connector-ref="MKDataVM" doc:name="VM" address="vm://mkdataQueue"/>
        <splunklogger:logger config-ref="SplunkLogger" message="Response from MK data Service #[payload]" doc:name="Response"/>
    </flow>
</mule>
