<?xml version="1.0" encoding="UTF-8"?>

<mule xmlns:splunklogger="http://www.mulesoft.org/schema/mule/splunklogger" xmlns:json="http://www.mulesoft.org/schema/mule/json"
	xmlns:scripting="http://www.mulesoft.org/schema/mule/scripting"
	xmlns:data-mapper="http://www.mulesoft.org/schema/mule/ee/data-mapper" xmlns:tracking="http://www.mulesoft.org/schema/mule/ee/tracking" xmlns:context="http://www.springframework.org/schema/context"
	xmlns:netsuite="http://www.mulesoft.org/schema/mule/netsuite" xmlns:http="http://www.mulesoft.org/schema/mule/http" xmlns="http://www.mulesoft.org/schema/mule/core" xmlns:doc="http://www.mulesoft.org/schema/mule/documentation"
	xmlns:spring="http://www.springframework.org/schema/beans" version="EE-3.5.2"
	xmlns:xsi="http://www.w3.org/2001/XMLSchema-instance"
	xsi:schemaLocation="http://www.mulesoft.org/schema/mule/json http://www.mulesoft.org/schema/mule/json/current/mule-json.xsd
http://www.mulesoft.org/schema/mule/scripting http://www.mulesoft.org/schema/mule/scripting/current/mule-scripting.xsd
http://www.springframework.org/schema/context http://www.springframework.org/schema/context/spring-context-current.xsd
http://www.springframework.org/schema/beans http://www.springframework.org/schema/beans/spring-beans-current.xsd
http://www.mulesoft.org/schema/mule/core http://www.mulesoft.org/schema/mule/core/current/mule.xsd
http://www.mulesoft.org/schema/mule/http http://www.mulesoft.org/schema/mule/http/current/mule-http.xsd
http://www.mulesoft.org/schema/mule/netsuite http://www.mulesoft.org/schema/mule/netsuite/current/mule-netsuite.xsd
http://www.mulesoft.org/schema/mule/ee/data-mapper http://www.mulesoft.org/schema/mule/ee/data-mapper/current/mule-data-mapper.xsd
http://www.mulesoft.org/schema/mule/ee/tracking http://www.mulesoft.org/schema/mule/ee/tracking/current/mule-tracking-ee.xsd
http://www.mulesoft.org/schema/mule/splunklogger http://www.mulesoft.org/schema/mule/splunklogger/current/mule-splunklogger.xsd">
        
    <flow name="ns_attach_files_flow" doc:name="ns_attach_files_flow" processingStrategy="synchronous">
        <splunklogger:logger config-ref="SplunkLogger" message="${ns.attach.files.input.msg}" doc:name="Input Message - JSON"/>
        <json:json-to-object-transformer returnClass="java.util.HashMap" doc:name="JSON to Map"/>
        <foreach doc:name="For Each" collection="#[payload.get('attachmentsList')]">
        	<splunklogger:logger config-ref="SplunkLogger" message="${ns.attach.each.file.req}" doc:name="Each Request Data"/>
			<splunklogger:time config-ref="SplunkLogger" destination="#[flowVars['nsAttachFilesTime']]" message="${ns.attach.files.time}" doc:name="Time execution">
	            <netsuite:attach-record config-ref="Netsuite" doc:name="Attach File">
				  <netsuite:source internalId="#[payload.get('sourceInternalId')]" type="#[payload.get('sourceObjectType')]"/>
				  <netsuite:destination internalId="#[payload.get('destInternalId')]" type="#[payload.get('destObjectType')]"/>
				</netsuite:attach-record>
			</splunklogger:time>        	
	 		<enricher doc:name="Message Enricher" target="flowVars['nsFileAttachRespJson']">
	            <json:object-to-json-transformer doc:name="Object to JSON for printing"/>
	        </enricher>			
            <splunklogger:logger config-ref="SplunkLogger" message="${ns.attach.each.file.resp}" doc:name="Each Response"/>
            <scripting:transformer doc:name="Capture response into list">
                <scripting:script engine="Groovy"><![CDATA[import java.util.List
import java.util.ArrayList

responses = flowVars['fileAttachResps']

if(responses==null){
	responses = new ArrayList<Object>()
}

responses.add(payload)

flowVars['fileAttachResps'] = responses]]></scripting:script>
            </scripting:transformer>            
        </foreach>
        <set-payload doc:name="File Attach Responses" value="#[flowVars['fileAttachResps']]"/>
        
        <scripting:transformer doc:name="Prepare Response Map">
            <scripting:script engine="Groovy" file="groovy_scripts/set_resp_for_multiple_put_oper.groovy">
                <property key="targetObjectType" value="FileAttachments"/>
            </scripting:script>
        </scripting:transformer>         
        <json:object-to-json-transformer doc:name="HashMap to JSON"/>     
        <splunklogger:logger config-ref="SplunkLogger" message="${ns.attach.files.output.msg}" doc:name="Output Message - JSON"/>       
    </flow>
</mule>
