<?xml version="1.0" encoding="UTF-8"?>

<mule xmlns:splunklogger="http://www.mulesoft.org/schema/mule/splunklogger" xmlns:json="http://www.mulesoft.org/schema/mule/json"
	xmlns:scripting="http://www.mulesoft.org/schema/mule/scripting"
	xmlns:data-mapper="http://www.mulesoft.org/schema/mule/ee/data-mapper" xmlns:tracking="http://www.mulesoft.org/schema/mule/ee/tracking" xmlns:context="http://www.springframework.org/schema/context"
	xmlns:netsuite="http://www.mulesoft.org/schema/mule/netsuite" xmlns:http="http://www.mulesoft.org/schema/mule/http" xmlns="http://www.mulesoft.org/schema/mule/core" xmlns:doc="http://www.mulesoft.org/schema/mule/documentation"
	xmlns:spring="http://www.springframework.org/schema/beans" version="EE-3.5.2"
	xmlns:xsi="http://www.w3.org/2001/XMLSchema-instance"
	xsi:schemaLocation="http://www.mulesoft.org/schema/mule/json http://www.mulesoft.org/schema/mule/json/current/mule-json.xsd
http://www.mulesoft.org/schema/mule/scripting http://www.mulesoft.org/schema/mule/scripting/current/mule-scripting.xsd
http://www.springframework.org/schema/context http://www.springframework.org/schema/context/spring-context-current.xsd
http://www.springframework.org/schema/beans http://www.springframework.org/schema/beans/spring-beans-current.xsd
http://www.mulesoft.org/schema/mule/core http://www.mulesoft.org/schema/mule/core/current/mule.xsd
http://www.mulesoft.org/schema/mule/http http://www.mulesoft.org/schema/mule/http/current/mule-http.xsd
http://www.mulesoft.org/schema/mule/netsuite http://www.mulesoft.org/schema/mule/netsuite/current/mule-netsuite.xsd
http://www.mulesoft.org/schema/mule/ee/data-mapper http://www.mulesoft.org/schema/mule/ee/data-mapper/current/mule-data-mapper.xsd
http://www.mulesoft.org/schema/mule/ee/tracking http://www.mulesoft.org/schema/mule/ee/tracking/current/mule-tracking-ee.xsd
http://www.mulesoft.org/schema/mule/splunklogger http://www.mulesoft.org/schema/mule/splunklogger/current/mule-splunklogger.xsd">
    <data-mapper:config name="JSON_To_NS_CUSTOMER" transformationGraphPath="json_to_ns_customer.grf" doc:name="JSON_To_NS_CUSTOMER"/>
    
    <flow name="ns_account_put_flow" doc:name="ns_account_put_flow" processingStrategy="synchronous">
        <splunklogger:logger config-ref="SplunkLogger" message="${ns.account.put.input.msg}" doc:name="Input Message - JSON"/>

        <data-mapper:transform config-ref="JSON_To_NS_CUSTOMER" doc:name="JSON To NS CUSTOMER">
            <data-mapper:input-arguments>
                <data-mapper:input-argument key="nsStateDropDownCountries">${ns.state.drop.down.countries}</data-mapper:input-argument>
            </data-mapper:input-arguments>
        </data-mapper:transform>
        <splunklogger:logger config-ref="SplunkLogger" message="${ns.account.put.input.msg.accountdata}" doc:name="NS Account - Map"/>
        <!-- START: Fix for CPQ-80 -->
        <scripting:transformer doc:name="Check Data Validations">
            <scripting:script engine="Groovy" file="groovy_scripts/chk_data_validations_ns_acc.groovy">
            	<property key="nsStateDropDownCountries" value="${ns.state.drop.down.countries}"/>
            </scripting:script>
        </scripting:transformer>
        <!-- END: Fix for CPQ-80 -->
        <!-- START: Fix for CPQ-135 -->
        <scripting:transformer doc:name="Check Null Values">
            <scripting:script engine="Groovy" file="groovy_scripts/check_ ns_acc_null_vals.groovy"/>
        </scripting:transformer>
        <splunklogger:logger config-ref="SplunkLogger" message="${ns.account.put.input.msg.accountdata}" doc:name="NS Account - Map"/>
        <!-- END: Fix for CPQ-135 -->
        <choice doc:name="Is NetSuite Id present?">
        	<when expression="#[payload.get('internalId') == null || payload.get('internalId') == '']">
        		<splunklogger:logger config-ref="SplunkLogger" message="${account.ns.id.notpresent}" doc:name="NS ID not present"/>
				<splunklogger:time config-ref="SplunkLogger" destination="#[flowVars['nsCreateAccTime']]" message="${ns.create.account.time}" doc:name="Time execution">
					<netsuite:add-record config-ref="Netsuite" doc:name="Create Account" recordType="CUSTOMER">
	            		<netsuite:attributes ref="#[payload]"/>
	        		</netsuite:add-record>
				</splunklogger:time>                
        	</when>
            <otherwise>
            	<splunklogger:logger config-ref="SplunkLogger" message="${account.ns.id.present}" doc:name="NS ID present"/>
				<splunklogger:time config-ref="SplunkLogger" destination="#[flowVars['nsUpdAccTime']]" message="${ns.upd.account.time}" doc:name="Time execution">
					<netsuite:update-record config-ref="Netsuite" doc:name="Update Account" recordType="CUSTOMER">
	                    <netsuite:attributes ref="#[payload]"/>
	        		</netsuite:update-record>
				</splunklogger:time>                
            </otherwise>
        </choice>
        <enricher doc:name="Message Enricher" target="flowVars['nsRespJson']">
            <json:object-to-json-transformer doc:name="Object to JSON for printing"/>
        </enricher>
        <splunklogger:logger config-ref="SplunkLogger" message="${ns.account.oper.resp.msg}" doc:name="NS Response - Object"/>
        <scripting:transformer doc:name="Prepare Response Map">
            <scripting:script engine="Groovy" file="groovy_scripts/set_resp_for_put_oper.groovy">
                <property key="targetSystem" value="NS"/>
                <property key="targetObjectType" value="Account"/>
            </scripting:script>
        </scripting:transformer> 
        <json:object-to-json-transformer doc:name="HashMap to JSON"/>       
        <splunklogger:logger config-ref="SplunkLogger" message="${ns.account.put.output.msg}" doc:name="Output Message - JSON"/>
    </flow>
</mule>
