<?xml version="1.0" encoding="UTF-8"?>

<mule xmlns:netsuite="http://www.mulesoft.org/schema/mule/netsuite" xmlns:json="http://www.mulesoft.org/schema/mule/json"
	xmlns:scripting="http://www.mulesoft.org/schema/mule/scripting"
	xmlns:splunklogger="http://www.mulesoft.org/schema/mule/splunklogger" xmlns:tracking="http://www.mulesoft.org/schema/mule/ee/tracking" xmlns="http://www.mulesoft.org/schema/mule/core" xmlns:doc="http://www.mulesoft.org/schema/mule/documentation"
	xmlns:spring="http://www.springframework.org/schema/beans" version="EE-3.5.2"
	xmlns:xsi="http://www.w3.org/2001/XMLSchema-instance"
	xsi:schemaLocation="http://www.mulesoft.org/schema/mule/json http://www.mulesoft.org/schema/mule/json/current/mule-json.xsd
http://www.mulesoft.org/schema/mule/scripting http://www.mulesoft.org/schema/mule/scripting/current/mule-scripting.xsd
http://www.springframework.org/schema/beans http://www.springframework.org/schema/beans/spring-beans-current.xsd
http://www.mulesoft.org/schema/mule/core http://www.mulesoft.org/schema/mule/core/current/mule.xsd
http://www.mulesoft.org/schema/mule/ee/tracking http://www.mulesoft.org/schema/mule/ee/tracking/current/mule-tracking-ee.xsd
http://www.mulesoft.org/schema/mule/splunklogger http://www.mulesoft.org/schema/mule/splunklogger/current/mule-splunklogger.xsd
http://www.mulesoft.org/schema/mule/netsuite http://www.mulesoft.org/schema/mule/netsuite/current/mule-netsuite.xsd">
    <flow name="ns_cashsale_get_flow" doc:name="ns_cashsale_get_flow">
       <splunklogger:logger config-ref="SplunkLogger" message="${ns.cs.get.input.msg}" doc:name="Input - Query Params"/>
        <scripting:transformer doc:name="Prepare NS CS search query by Subscrip Id">
			<scripting:script engine="Groovy" file="groovy_scripts/create_cs_search_object.groovy"/>
		</scripting:transformer>
		<splunklogger:time config-ref="SplunkLogger" destination="#[flowVars['nsGetCSTime']]" message="${ns.get.cs.time}" doc:name="Time execution">
            <netsuite:search config-ref="Netsuite" searchRecord="TRANSACTION_ADVANCED" doc:name="Netsuite"/>
 
		</splunklogger:time>		
        <choice doc:name="Is Payload null?">
            <when expression="#[payload instanceof org.mule.transport.NullPayload]">
            	<splunklogger:logger config-ref="SplunkLogger" message="${payload.is.null.msg}" doc:name="Payload is null"/>
                <set-payload value="${payload.null.case.json.response}" doc:name="Set Payload"/>
            </when>
            <otherwise>
            	<splunklogger:logger config-ref="SplunkLogger" message="${ns.cs.query.resp.msg}" doc:name="NS Response"/>
              	<scripting:transformer doc:name="Prepare NS Cash Sale Get Response Format">
		            <scripting:script engine="Groovy" file="groovy_scripts/prep_ns_get_response.groovy"/>
		        </scripting:transformer>
				<json:object-to-json-transformer doc:name="HashMap to JSON"/>           
				<splunklogger:logger config-ref="SplunkLogger" message="${ns.cs.get.output.msg}" doc:name="Output Message -  JSON"/>
            </otherwise>
        </choice>        
    </flow>
</mule>
