<?xml version="1.0" encoding="UTF-8"?>

<mule xmlns:data-mapper="http://www.mulesoft.org/schema/mule/ee/data-mapper" xmlns:netsuite="http://www.mulesoft.org/schema/mule/netsuite" xmlns:tracking="http://www.mulesoft.org/schema/mule/ee/tracking" xmlns:json="http://www.mulesoft.org/schema/mule/json"
	xmlns:scripting="http://www.mulesoft.org/schema/mule/scripting"
	xmlns:splunklogger="http://www.mulesoft.org/schema/mule/splunklogger" xmlns="http://www.mulesoft.org/schema/mule/core" xmlns:doc="http://www.mulesoft.org/schema/mule/documentation"
	xmlns:spring="http://www.springframework.org/schema/beans" version="EE-3.5.2"
	xmlns:xsi="http://www.w3.org/2001/XMLSchema-instance"
	xsi:schemaLocation="http://www.mulesoft.org/schema/mule/json http://www.mulesoft.org/schema/mule/json/current/mule-json.xsd
http://www.mulesoft.org/schema/mule/scripting http://www.mulesoft.org/schema/mule/scripting/current/mule-scripting.xsd
http://www.springframework.org/schema/beans http://www.springframework.org/schema/beans/spring-beans-current.xsd
http://www.mulesoft.org/schema/mule/core http://www.mulesoft.org/schema/mule/core/current/mule.xsd
http://www.mulesoft.org/schema/mule/splunklogger http://www.mulesoft.org/schema/mule/splunklogger/current/mule-splunklogger.xsd
http://www.mulesoft.org/schema/mule/ee/tracking http://www.mulesoft.org/schema/mule/ee/tracking/current/mule-tracking-ee.xsd
http://www.mulesoft.org/schema/mule/netsuite http://www.mulesoft.org/schema/mule/netsuite/current/mule-netsuite.xsd
http://www.mulesoft.org/schema/mule/ee/data-mapper http://www.mulesoft.org/schema/mule/ee/data-mapper/current/mule-data-mapper.xsd">
    <data-mapper:config name="Do_CS_Lookups" transformationGraphPath="do_cs_lookups.grf" doc:name="Do_CS_Lookups"/>
    <flow name="ns_cashsale_flow" doc:name="ns_cashsale_flow">
       <splunklogger:logger config-ref="SplunkLogger" message="${ns.cs.flow.input.msg}" doc:name="Input Message - JSON"/>
        <json:json-to-object-transformer returnClass="java.util.HashMap" doc:name="JSON to HashMap"/>
        <set-variable doc:name="Current Processing Object - Account" value="Account" variableName="currentProcObj"/>
          <splunklogger:time config-ref="SplunkLogger" destination="#[flowVars['checkNsAccFlowTime']]" message="${check.ns.account.flow.time}" doc:name="Time execution">
			<flow-ref name="ns_account_check_flow" doc:name="Check NS Account"/>
		</splunklogger:time>
		<set-variable doc:name="Current Processing Object - Contact" value="Contact" variableName="currentProcObj"/>
        <scripting:transformer doc:name="Groovy">
            <scripting:script engine="Groovy" file="groovy_scripts/prep_ns_cs_cntctchk_payload.groovy"></scripting:script>
        </scripting:transformer>
        <splunklogger:logger config-ref="SplunkLogger" message="${ns.contact.flow.input.msg}" doc:name="Input Message to NS Contact"/>
        <splunklogger:time config-ref="SplunkLogger" destination="#[flowVars['checkNsCntctFlowTime']]" message="${check.ns.cntct.flow.time}" doc:name="Time execution">
			<flow-ref name="ns_contact_check_flow" doc:name="Check NS Contact"/>
		</splunklogger:time>        
        <set-variable doc:name="Current Processing Object - None" value="" variableName="currentProcObj"/>
        <scripting:transformer doc:name="Groovy">
            <scripting:script engine="Groovy" file="groovy_scripts/upd_ns_cs_cntctchk_resp.groovy"/>
        </scripting:transformer>
        <splunklogger:logger config-ref="SplunkLogger" message="${ns.cashsale.flow.input.msg}" doc:name="Input Message to Cashsale"/>
		<splunklogger:time config-ref="SplunkLogger" destination="#[flowVars['nsCSPutFlowTime']]" message="${ns.put.cs.flow.time}" doc:name="Time execution">
			<flow-ref name="ns_cashsale_put_flow" doc:name="Create NS CS"/>
		</splunklogger:time>        
        <scripting:transformer doc:name="Prepare Response Map">
            <scripting:script engine="Groovy" file="groovy_scripts/set_resp_for_put_oper.groovy">
            	<property value="NS" key="targetSystem" />
            	<property value="CASH_SALE" key="targetObjectType" />
            </scripting:script>
        </scripting:transformer> 	
        <json:object-to-json-transformer doc:name="HashMap to JSON"/>
        <splunklogger:logger config-ref="SplunkLogger" message="${ns.cs.flow.output.msg}" doc:name="Output Message - JSON"/>
    </flow>
    
    <flow name="ns_cashsale_put_flow" doc:name="ns_cashsale_put_flow" processingStrategy="synchronous">
        <splunklogger:logger config-ref="SplunkLogger" message="${ns.cashsale.put.input.msg}" doc:name="Input Message-Map"/>
        
        <choice doc:name="Is Lookup Fields present?">
        	<when expression="#[(payload.get('addressList') != null &amp;&amp; payload.get('addressList').get('address') != '') || 
        		(payload.get('orderType') != null &amp;&amp; payload.get('orderType') != '') || 
        		(payload.get('orderBillToType') != null &amp;&amp; payload.get('orderBillToType') != '')]">
        		<splunklogger:logger config-ref="SplunkLogger" message="${cashsale.ns.lookupfields.present}" doc:name="NS Lookup fields present"/>
		        
		        <scripting:transformer doc:name="Create SO Lookup fields Map">
		            <scripting:script engine="Groovy" file="groovy_scripts/create_CS_lookup_fields_map.groovy"/>
		        </scripting:transformer>
		        <data-mapper:transform config-ref="Do_CS_Lookups" doc:name="Do CS Lookups"/>
		        
		        <splunklogger:logger config-ref="SplunkLogger" message="CS Data Lookup Result is: #[payload]" doc:name="CS Lookup Data"/>
		        <scripting:transformer doc:name="Update SO Lookup fields data in Payload">
		            <scripting:script engine="Groovy" file="groovy_scripts/update_CS_lookup_fields_data.groovy">
		            	<property key="nsStateDropDownCountries" value="${ns.state.drop.down.countries}"/>
		            </scripting:script>
		        </scripting:transformer>            
        	</when>
            <otherwise>
            	<splunklogger:logger config-ref="SplunkLogger" message="${cashsale.ns.lookupfields.notpresent}" doc:name="NS Lookup fields not present"/>
            </otherwise>
        </choice>         
        
        <scripting:transformer doc:name="Create NS Cash sale object">
             <scripting:script engine="Groovy" file="groovy_scripts/create_ns_cashsale.groovy"/>
        </scripting:transformer>
        <enricher target="#[flowVars['cashSaleDataJson']]" doc:name="Message Enricher">
            <json:object-to-json-transformer doc:name="Object to JSON"/>
        </enricher>
        <splunklogger:logger config-ref="SplunkLogger" message="${ns.cashsale.put.input.msg.cashsaledata}" doc:name="Cash Sale Data"/>
        
        <choice doc:name="Is NetSuite Id present?">
        	<when expression="#[payload.get('internalId') == null || payload.get('internalId') == '']">
        		<splunklogger:logger config-ref="SplunkLogger" message="${cashsale.ns.id.notpresent}" doc:name="NS ID not present"/>
		        <splunklogger:time config-ref="SplunkLogger" destination="#[flowVars['nsCreateCashSaleTime']]" message="${ns.create.cashsale.time}" doc:name="Time execution">
		            <netsuite:add-record config-ref="Netsuite" recordType="CASH_SALE" doc:name="Create Cash Sale">
		            	<netsuite:attributes ref="#[payload]"/>
		            </netsuite:add-record>
		        </splunklogger:time>               
        	</when>
            <otherwise>
            	<splunklogger:logger config-ref="SplunkLogger" message="${cashsale.ns.id.present}" doc:name="NS ID present"/>
            	
            	<!-- Added this code to get existing cash sale and set one of the fields in items and send back, as items is mandatory in update -->
            	<set-variable variableName="cashSalePayload" value="#[payload]" doc:name="Set Cash Sale Payload Var"/>
 				<netsuite:get-record config-ref="Netsuite" doc:name="Get Sales Order">
                	<netsuite:record-ref internalId="#[payload.get('internalId')]" type="CASH_SALE"/>
                </netsuite:get-record>
                <splunklogger:logger config-ref="SplunkLogger" message="${cashsale.data.from.ns}" doc:name="NS Cash Sale Data"/>
                <scripting:component doc:name="Update Items Data in Payload">
                    <scripting:script engine="Groovy" file="groovy_scripts/upd_ns_CS_items_into_payload.groovy"/>
                </scripting:component>            	
            	<remove-variable variableName="cashSalePayload" doc:name="Remove Cash Sale Payload Var"/>
            	
		        <splunklogger:time config-ref="SplunkLogger" destination="#[flowVars['nsUpdCashSaleTime']]" message="${ns.upd.cashsale.time}" doc:name="Time execution">
		            <netsuite:update-record config-ref="Netsuite" recordType="CASH_SALE" doc:name="Update Cash Sale">
		            	<netsuite:attributes ref="#[payload]"/>
		            </netsuite:update-record>
		        </splunklogger:time>              
            </otherwise>
        </choice>        

         <enricher doc:name="Message Enricher" target="flowVars['nsRespJson']">
            <json:object-to-json-transformer doc:name="Object to JSON for printing"/>
        </enricher>
         <splunklogger:logger config-ref="SplunkLogger" message="${ns.cashsale.oper.resp.msg}" doc:name="NS Response - Object"/>            
        <splunklogger:logger config-ref="SplunkLogger" message="${ns.cashsale.put.output.msg}" doc:name="Output Message - Object"/>
    </flow>    
</mule>
