<?xml version="1.0" encoding="UTF-8"?>

<mule xmlns:splunklogger="http://www.mulesoft.org/schema/mule/splunklogger" xmlns:data-mapper="http://www.mulesoft.org/schema/mule/ee/data-mapper" xmlns:netsuite="http://www.mulesoft.org/schema/mule/netsuite" xmlns:json="http://www.mulesoft.org/schema/mule/json"
	xmlns:scripting="http://www.mulesoft.org/schema/mule/scripting"
	xmlns:http="http://www.mulesoft.org/schema/mule/http" xmlns="http://www.mulesoft.org/schema/mule/core" xmlns:doc="http://www.mulesoft.org/schema/mule/documentation"
	xmlns:spring="http://www.springframework.org/schema/beans" version="EE-3.5.2"
	xmlns:xsi="http://www.w3.org/2001/XMLSchema-instance"
	xsi:schemaLocation="http://www.mulesoft.org/schema/mule/json http://www.mulesoft.org/schema/mule/json/current/mule-json.xsd
http://www.mulesoft.org/schema/mule/scripting http://www.mulesoft.org/schema/mule/scripting/current/mule-scripting.xsd
http://www.springframework.org/schema/beans http://www.springframework.org/schema/beans/spring-beans-current.xsd
http://www.mulesoft.org/schema/mule/core http://www.mulesoft.org/schema/mule/core/current/mule.xsd
http://www.mulesoft.org/schema/mule/http http://www.mulesoft.org/schema/mule/http/current/mule-http.xsd
http://www.mulesoft.org/schema/mule/netsuite http://www.mulesoft.org/schema/mule/netsuite/current/mule-netsuite.xsd
http://www.mulesoft.org/schema/mule/ee/data-mapper http://www.mulesoft.org/schema/mule/ee/data-mapper/current/mule-data-mapper.xsd
http://www.mulesoft.org/schema/mule/splunklogger http://www.mulesoft.org/schema/mule/splunklogger/current/mule-splunklogger.xsd">
    <flow name="ns_contact_get_flow" doc:name="ns_contact_get_flow" processingStrategy="synchronous">
    	<splunklogger:logger config-ref="SplunkLogger" message="${ns.contact.get.input.msg}" doc:name="Input - Query Params"/>
        <scripting:transformer doc:name="Prepare NS Contact search query by SFDC Id">
			<scripting:script engine="Groovy" file="groovy_scripts/create_ns_contact_srch_obj.groovy"/>
		</scripting:transformer>
		<splunklogger:time config-ref="SplunkLogger" destination="#[flowVars['nsGetCntctTime']]" message="${ns.get.cntct.time}" doc:name="Time execution">
			<netsuite:search config-ref="Netsuite" doc:name="Get Contact" searchRecord="CONTACT_ADVANCED" >
	            <netsuite:criteria ref="#[payload]"/>
	        </netsuite:search> 		
		</splunklogger:time>		
        <choice doc:name="Is Payload null?">
            <when expression="#[payload instanceof org.mule.transport.NullPayload]">
            	<splunklogger:logger config-ref="SplunkLogger" message="${payload.is.null.msg}" doc:name="Payload is null"/>
                <set-payload value="${payload.null.case.json.response}" doc:name="Set Payload"/>
            </when>
            <otherwise>
            	<splunklogger:logger config-ref="SplunkLogger" message="${ns.contact.query.resp.msg}" doc:name="NS Response"/>
              	<scripting:transformer doc:name="Prepare NS Contact Get Response Format">
		            <scripting:script engine="Groovy" file="groovy_scripts/prep_ns_get_response.groovy"/>
		        </scripting:transformer>
				<json:object-to-json-transformer doc:name="HashMap to JSON"/>           
				<splunklogger:logger config-ref="SplunkLogger" message="${ns.contact.get.output.msg}" doc:name="Output Message -  JSON"/>
            </otherwise>
        </choice>        
    </flow>
</mule>
