<?xml version="1.0" encoding="UTF-8"?>

<mule xmlns:splunklogger="http://www.mulesoft.org/schema/mule/splunklogger" xmlns:scripting="http://www.mulesoft.org/schema/mule/scripting" xmlns:http="http://www.mulesoft.org/schema/mule/http" xmlns:sfdc="http://www.mulesoft.org/schema/mule/sfdc" xmlns="http://www.mulesoft.org/schema/mule/core" xmlns:doc="http://www.mulesoft.org/schema/mule/documentation"
	xmlns:spring="http://www.springframework.org/schema/beans" version="EE-3.5.2"
	xmlns:xsi="http://www.w3.org/2001/XMLSchema-instance"
	xsi:schemaLocation="http://www.springframework.org/schema/beans http://www.springframework.org/schema/beans/spring-beans-current.xsd
http://www.mulesoft.org/schema/mule/core http://www.mulesoft.org/schema/mule/core/current/mule.xsd
http://www.mulesoft.org/schema/mule/http http://www.mulesoft.org/schema/mule/http/current/mule-http.xsd
http://www.mulesoft.org/schema/mule/sfdc http://www.mulesoft.org/schema/mule/sfdc/current/mule-sfdc.xsd
http://www.mulesoft.org/schema/mule/scripting http://www.mulesoft.org/schema/mule/scripting/current/mule-scripting.xsd
http://www.mulesoft.org/schema/mule/splunklogger http://www.mulesoft.org/schema/mule/splunklogger/current/mule-splunklogger.xsd">
    <flow name="ns_country_lookup_flow" doc:name="ns_country_lookup_flow" processingStrategy="synchronous">
    	<splunklogger:logger config-ref="SplunkLogger" message="${ns.country.lookup.input.msg}" doc:name="Input - Map"/>
		<splunklogger:time config-ref="SplunkLogger" destination="#[flowVars['nsCntryLookupTime']]" message="${ns.cntry.lookup.time}" doc:name="Time execution">
			<sfdc:query-single config-ref="Salesforce" query="${sfdc.country.lookup.soql}" doc:name="Salesforce"/>
		</splunklogger:time>        
        <splunklogger:logger config-ref="SplunkLogger" message="${ns.country.lookup.sfdc.resp}" doc:name="SFDC Response"/>
        <scripting:transformer doc:name="Set NetSuite Country">
            <scripting:script engine="Groovy"><![CDATA[
java.util.HashMap netSuiteValMap = new java.util.HashMap()
if(payload instanceof org.mule.transport.NullPayload){
	return null
}
if (payload !=null && payload.get('MULE_NS_API_VALUE__c')!=null){
	// The below 5 lines will be removed once lookup values are properly updated on lookup table
	/*valueToSet = ''
	cntryEnumVal = com.netsuite.webservices.platform.common_2014_1.types.Country.fromValue(payload.get('netsuite_value__c'))
	if(cntryEnumVal!=null){
		valueToSet = cntryEnumVal.toString()
	}*/

	netSuiteValMap.put('nsCountryVal', payload.get('MULE_NS_API_VALUE__c'))
} else {
	netSuiteValMap.put('nsCountryVal', null)
}
return netSuiteValMap

]]></scripting:script>
        </scripting:transformer>
        <splunklogger:logger config-ref="SplunkLogger" message="${ns.country.lookup.output.msg}" doc:name="Output - Map"/>
    </flow>
</mule>
	