<?xml version="1.0" encoding="UTF-8"?>

<mule xmlns:core="http://www.mulesoft.org/schema/mule/core" xmlns:sfdc="http://www.mulesoft.org/schema/mule/sfdc" xmlns:objectstore="http://www.mulesoft.org/schema/mule/objectstore" xmlns:splunklogger="http://www.mulesoft.org/schema/mule/splunklogger" xmlns:data-mapper="http://www.mulesoft.org/schema/mule/ee/data-mapper" xmlns:netsuite="http://www.mulesoft.org/schema/mule/netsuite" xmlns:json="http://www.mulesoft.org/schema/mule/json"
	xmlns:scripting="http://www.mulesoft.org/schema/mule/scripting"
	xmlns:http="http://www.mulesoft.org/schema/mule/http" xmlns="http://www.mulesoft.org/schema/mule/core" xmlns:doc="http://www.mulesoft.org/schema/mule/documentation"
	xmlns:spring="http://www.springframework.org/schema/beans" version="EE-3.5.2"
	xmlns:xsi="http://www.w3.org/2001/XMLSchema-instance"
	xsi:schemaLocation="http://www.mulesoft.org/schema/mule/core http://www.mulesoft.org/schema/mule/core/current/mule.xsd
http://www.mulesoft.org/schema/mule/json http://www.mulesoft.org/schema/mule/json/current/mule-json.xsd
http://www.mulesoft.org/schema/mule/scripting http://www.mulesoft.org/schema/mule/scripting/current/mule-scripting.xsd
http://www.springframework.org/schema/beans http://www.springframework.org/schema/beans/spring-beans-current.xsd
http://www.mulesoft.org/schema/mule/http http://www.mulesoft.org/schema/mule/http/current/mule-http.xsd
http://www.mulesoft.org/schema/mule/netsuite http://www.mulesoft.org/schema/mule/netsuite/current/mule-netsuite.xsd
http://www.mulesoft.org/schema/mule/ee/data-mapper http://www.mulesoft.org/schema/mule/ee/data-mapper/current/mule-data-mapper.xsd
http://www.mulesoft.org/schema/mule/splunklogger http://www.mulesoft.org/schema/mule/splunklogger/current/mule-splunklogger.xsd
http://www.mulesoft.org/schema/mule/objectstore http://www.mulesoft.org/schema/mule/objectstore/current/mule-objectstore.xsd
http://www.mulesoft.org/schema/mule/sfdc http://www.mulesoft.org/schema/mule/sfdc/current/mule-sfdc.xsd">
    <flow name="ns_dropdownvalues_cache_poll_flow" doc:name="ns_dropdownvalues_cache_poll_flow">
        <poll doc:name="Poll">
            <fixed-frequency-scheduler frequency="${ns.cache.polling.freq.secs}" timeUnit="SECONDS"/>
            <splunklogger:logger config-ref="SplunkLogger" message="Starting NS Dropdown values cache..." doc:name="Poll Start"/>
        </poll>
        <scatter-gather doc:name="Scatter-Gather">
        	<flow-ref name="ns_customlists_get_cache_flow" doc:name="Load NS CustomLists in Obj Store"/>
        	<flow-ref name="ns_customrecords_get_cache_flow" doc:name="Load NS CustomRecords in Obj Store"/>
        	<flow-ref name="ns_terms_get_cache_flow" doc:name="Load NS Terms in Obj Store"/>
            <processor-chain>
                <scripting:transformer doc:name="Create BillToTier Custom Setting Req">
                    <scripting:script engine="Groovy"><![CDATA[java.util.Map<String,String> billtotierCustomSettingMap= new HashMap<String,String>()
billtotierCustomSettingMap.put('customSettingType','billtotier')
return billtotierCustomSettingMap]]></scripting:script>
                </scripting:transformer>
                <flow-ref name="sfdc_customsettings_get_cache_flow" doc:name="Load NS BillToTier Mappings in Obj Store"/>
            </processor-chain>
            <processor-chain>
                <scripting:transformer doc:name="Create Country Custom Setting Req">
                    <scripting:script engine="Groovy"><![CDATA[java.util.Map<String,String> countryCustomSettingMap= new HashMap<String,String>()
countryCustomSettingMap.put('customSettingType','country')
return countryCustomSettingMap]]></scripting:script>
                </scripting:transformer>
                <flow-ref name="sfdc_customsettings_get_cache_flow" doc:name="Load NS Country Mappings in Obj Store"/>
            </processor-chain>
            <processor-chain>
                <scripting:transformer doc:name="Create State Custom Setting Req">
                    <scripting:script engine="Groovy"><![CDATA[java.util.Map<String,String> stateCustomSettingMap= new HashMap<String,String>()
stateCustomSettingMap.put('customSettingType','state')
return stateCustomSettingMap]]></scripting:script>
                </scripting:transformer>
                <flow-ref name="sfdc_customsettings_get_cache_flow" doc:name="Load NS State Mappings in Obj Store"/>
            </processor-chain>
        </scatter-gather>
		<splunklogger:logger config-ref="SplunkLogger" message="Completed NS Dropdown values cache..." doc:name="End"/>
		<exception-strategy ref="error_resp_with_plain_msg_catch_strategy" doc:name="Ref To Plain Error Msg Catch Strategy"/>
    </flow>
    
    <flow name="ns_dropdownvalues_cache_fetch_flow" doc:name="ns_dropdownvalues_cache_fetch_flow">
        <splunklogger:logger config-ref="SplunkLogger" message="${ns.dropdownvals.fetch.input.msg}" doc:name="Input Message-Map"/>
        <set-variable variableName="cacheElemKey" value="#[payload.get('CACHE_ELEMENT_KEY')]" doc:name="Set Cache Element Key"/>
        <set-variable variableName="cacheTypeKey" value="#[payload.get('CACHE_TYPE')]" doc:name="Set Cache Type Key"/>
        <objectstore:contains config-ref="NSCacheObjectStore" key="#[payload.get('CACHE_TYPE')]" doc:name="ObjectStore-Contains Key?"/>
        
    	<choice doc:name="Is key exists in cache?">
            <when expression="#[payload]">
            	<splunklogger:logger config-ref="SplunkLogger" message="Key exists in Cache" doc:name="Key present in cache"/>
            </when>    	
            <when expression="#[flowVars['cacheTypeKey']=='customlist_order_type' || flowVars['cacheTypeKey']=='customlist_opportunity_type' || flowVars['cacheTypeKey']=='customlistmab_payment_type_list' || flowVars['cacheTypeKey']=='customlist_spk_billingtype' || flowVars['cacheTypeKey']=='customlist_spk_buyingvehicletype' || flowVars['cacheTypeKey']=='customlist_spk_proposaladhocbundle' || flowVars['cacheTypeKey']=='customlist_channel_sales_tiers']">
            	<flow-ref name="ns_customlists_get_cache_flow" doc:name="NS Custom Lists Cache flow" />
            </when>
            <when expression="#[flowVars['cacheTypeKey']=='customrecord_celigo_tc_type']">
            	<flow-ref name="ns_customrecords_get_cache_flow" doc:name="NS Custom Records Cache flow" />
            </when>
            <when expression="#[flowVars['cacheTypeKey']=='terms']">
            	<flow-ref name="ns_terms_get_cache_flow" doc:name="NS Terms Cache flow" />
            </when>
            <otherwise>
            	<choice doc:name="SFDC Custom setting Type?">
		            <when expression="#[flowVars['cacheTypeKey']=='state']">
		            	<scripting:transformer doc:name="Create State Custom Setting Req">
                    		<scripting:script engine="Groovy"><![CDATA[java.util.Map<String,String> stateCustomSettingMap= new HashMap<String,String>()
stateCustomSettingMap.put('customSettingType','state')
return stateCustomSettingMap]]></scripting:script>
                		</scripting:transformer>
                		<flow-ref name="sfdc_customsettings_get_cache_flow" doc:name="Load NS State Mappings in Obj Store"/>
		            </when>
		            <when expression="#[flowVars['cacheTypeKey']=='country']">
		            	<scripting:transformer doc:name="Create Country Custom Setting Req">
                    		<scripting:script engine="Groovy"><![CDATA[java.util.Map<String,String> countryCustomSettingMap= new HashMap<String,String>()
countryCustomSettingMap.put('customSettingType','country')
return countryCustomSettingMap]]></scripting:script>
                		</scripting:transformer>
                		<flow-ref name="sfdc_customsettings_get_cache_flow" doc:name="Load NS Country Mappings in Obj Store"/>
		            </when>
		            <when expression="#[flowVars['cacheTypeKey']=='billtotier']">
						<scripting:transformer doc:name="Create BillToTier Custom Setting Req">
							<scripting:script engine="Groovy"><![CDATA[java.util.Map<String,String> billtotierCustomSettingMap= new HashMap<String,String>()
billtotierCustomSettingMap.put('customSettingType','billtotier')
return billtotierCustomSettingMap]]></scripting:script>
                		</scripting:transformer>
                		<flow-ref name="sfdc_customsettings_get_cache_flow" doc:name="Load NS BillToTier Mappings in Obj Store"/>
		            </when>
		            <otherwise>
		            	<splunklogger:logger config-ref="SplunkLogger" message="Invalid Cache Type" doc:name="Invalid Cache Type"/>
		            </otherwise>
		        </choice>                
            </otherwise>
        </choice>        
        
        <objectstore:retrieve config-ref="NSCacheObjectStore" doc:name="ObjectStore-Retrieve Data" key="#[flowVars['cacheTypeKey']]"/>
        <splunklogger:logger config-ref="SplunkLogger" message="${ns.dropdownvals.cache.type.data}" doc:name="Data from Obj Store"/>
        <scripting:transformer doc:name="Retrieve the mapping value from Cache">
            <scripting:script engine="Groovy"><![CDATA[java.util.Map<String,String> cacheOutputMap = new java.util.HashMap<String,String>()

if(payload instanceof org.mule.transport.NullPayload){
	return null
}

if (payload !=null) {
		cacheElement=(flowVars['cacheElemKey'])
		if(cacheElement != null){
			if((flowVars['cacheTypeKey']).equals('state') || (flowVars['cacheTypeKey']).equals('country'))
			{
				cacheElement = cacheElement.toUpperCase()
			}
		
			if(payload.get(cacheElement)!=null)
			{
				cacheOutputMap.put('dataFromNSCache', payload.get(cacheElement).toString())
			}
		}
	}
	
else {
	return null
	//cacheOutputMap.put('dataFromNSCache', null)
}
return cacheOutputMap]]></scripting:script>
        </scripting:transformer>
        <remove-variable variableName="cacheElemKey" doc:name="Remove Cache Element Key"/>
        <remove-variable variableName="cacheTypeKey" doc:name="Remove Cache Type Key"/>
        <splunklogger:logger config-ref="SplunkLogger" message="${ns.dropdownvals.fetch.output.msg}" doc:name="Output Message-Map"/>
    </flow>
    
    <flow name="ns_customlists_get_cache_flow" doc:name="ns_customlists_get_cache_flow" processingStrategy="synchronous">
    	<splunklogger:logger config-ref="SplunkLogger" message="${ns.caches.get.input.msg}" doc:name="Input Message"/>
        <scripting:transformer doc:name="Prepare NS List of Objects to be retrieved">
			<scripting:script engine="Groovy" file="groovy_scripts/prep_ns_objects_custlists_to_retrieve.groovy"/>
		</scripting:transformer>
		<enricher doc:name="Message Enricher" target="#[flowVars['nsReqJSON']]">
        	<json:object-to-json-transformer doc:name="Object to JSON"/>
        </enricher>			
		<splunklogger:logger config-ref="SplunkLogger" message="${ns.get.objects.list.req.data}" doc:name="NS Request"/>
		<splunklogger:time config-ref="SplunkLogger" destination="#[flowVars['nsGetCustomListsTime']]" message="${ns.get.objects.list.time}" doc:name="Time execution">
			<netsuite:get-list config-ref="Netsuite" doc:name="Get NS Custom Lists"  >
                <netsuite:references ref="#[payload]"/>
	        </netsuite:get-list> 		
		</splunklogger:time>
		
        <choice doc:name="Is Payload null?">
            <when expression="#[payload instanceof org.mule.transport.NullPayload]">
            	<splunklogger:logger config-ref="SplunkLogger" message="${payload.is.null.msg}" doc:name="Payload is null"/>
                <set-payload value="${payload.null.case.json.response}" doc:name="Set Payload Null Message"/>
            </when>
            <otherwise>
				<enricher doc:name="Message Enricher" target="#[flowVars['nsRespJSON']]">
                    <json:object-to-json-transformer doc:name="Object to JSON"/>
		        </enricher>	            
            	<splunklogger:logger config-ref="SplunkLogger" message="${ns.get.objects.list.resp.msg}" doc:name="NS Response"/>
              	<scripting:transformer doc:name="Prepare Map to be placed in NS Object Store Cache">
		            <scripting:script engine="Groovy" file="groovy_scripts/prep_ns_objstore_cache_for_customlists.groovy"/>
		        </scripting:transformer>
		        <splunklogger:logger config-ref="SplunkLogger" message="${ns.objstore.data}" doc:name="NS Data for Object Store"/>
                <foreach doc:name="For Each">
                    <objectstore:store config-ref="NSCacheObjectStore" key="#[payload.get('objStoreKey')]" value-ref="#[payload.get('objStoreValue')]" overwrite="true" doc:name="ObjectStore-Store Data"/>
                </foreach>
				<set-payload value="${ns.caches.get.success.resp.msg}" doc:name="Set Success Response Message"/>
            </otherwise>
        </choice>
        <splunklogger:logger config-ref="SplunkLogger" message="${ns.caches.get.output.msg}" doc:name="Output Message-JSON"/>        
    </flow>
    
    <flow name="ns_customrecords_get_cache_flow" doc:name="ns_customrecords_get_cache_flow" processingStrategy="synchronous">
    	<splunklogger:logger config-ref="SplunkLogger" message="${ns.customrecords.get.input.msg}" doc:name="Input Message"/>
        <scripting:transformer doc:name="Prepare NS Search Object">
			<scripting:script engine="Groovy" file="groovy_scripts/prep_ns_custrecords_search_obj.groovy">
				<property key="nscustrectctypeid" value="${netsuite.custom.record.tctype.id}" />
			</scripting:script>
		</scripting:transformer>
		<enricher doc:name="Message Enricher" target="#[flowVars['nsReqJSON']]">
        	<json:object-to-json-transformer doc:name="Object to JSON"/>
        </enricher>			
		<splunklogger:logger config-ref="SplunkLogger" message="${ns.customrecords.get.req.data}" doc:name="NS Request"/>
		<splunklogger:time config-ref="SplunkLogger" destination="#[flowVars['nsGetCustomRecsTime']]" message="${ns.customrecords.get.time.msg}" doc:name="Time execution">
			<netsuite:search config-ref="Netsuite" doc:name="Get NS Custom Records" searchRecord="CUSTOM_RECORD_BASIC">
            	<netsuite:criteria ref="#[payload]"/>
	    	</netsuite:search> 		
		</splunklogger:time>
		
        <choice doc:name="Is Payload null?">
            <when expression="#[payload instanceof org.mule.transport.NullPayload]">
            	<splunklogger:logger config-ref="SplunkLogger" message="${payload.is.null.msg}" doc:name="Payload is null"/>
                <set-payload value="${payload.null.case.json.response}" doc:name="Set Payload Null Message"/>
            </when>
            <otherwise>
				<enricher doc:name="Message Enricher" target="#[flowVars['nsRespJSON']]">
                    <json:object-to-json-transformer doc:name="Object to JSON"/>
		        </enricher>	            
            	<splunklogger:logger config-ref="SplunkLogger" message="${ns.customrecords.get.resp.msg}" doc:name="NS Response"/>
              	<scripting:transformer doc:name="Prepare Map to be placed in NS Object Store Cache">
		            <scripting:script engine="Groovy" file="groovy_scripts/prep_ns_objstore_cache_for_custrecs.groovy"/>
		        </scripting:transformer>
		        <splunklogger:logger config-ref="SplunkLogger" message="${ns.customrecords.objstore.data}" doc:name="NS Data for Object Store"/>
                <objectstore:store config-ref="NSCacheObjectStore" key="#['customrecord_celigo_tc_type']" value-ref="#[payload]" overwrite="true" doc:name="ObjectStore-Store Data"/>
				<set-payload value="${ns.customrecords.get.success.resp.msg}" doc:name="Set Success Response Message"/>
            </otherwise>
        </choice>
        <splunklogger:logger config-ref="SplunkLogger" message="${ns.customrecords.get.output.msg}" doc:name="Output Message-JSON"/>        
    </flow>    

    <flow name="ns_terms_get_cache_flow" doc:name="ns_terms_get_cache_flow" processingStrategy="synchronous">
    	<splunklogger:logger config-ref="SplunkLogger" message="${ns.terms.get.input.msg}" doc:name="Input Message"/>
		<splunklogger:time config-ref="SplunkLogger" destination="#[flowVars['nsGetTermsTime']]" message="${ns.terms.get.time.msg}" doc:name="Time execution">
			<netsuite:query-records config-ref="Netsuite" doc:name="Get NS Terms" query="${ns.terms.get.soql}">
	    	</netsuite:query-records>		
		</splunklogger:time>
		
        <choice doc:name="Is Payload null?">
            <when expression="#[payload instanceof org.mule.transport.NullPayload]">
            	<splunklogger:logger config-ref="SplunkLogger" message="${payload.is.null.msg}" doc:name="Payload is null"/>
                <set-payload value="${payload.null.case.json.response}" doc:name="Set Payload Null Message"/>
            </when>
            <otherwise>
                <json:object-to-json-transformer doc:name="Object to JSON"/>
            	<splunklogger:logger config-ref="SplunkLogger" message="${ns.terms.get.resp.msg}" doc:name="NS Response"/>
                <json:json-to-object-transformer returnClass="java.util.ArrayList" doc:name="JSON to ArrayList"/>
              	<scripting:transformer doc:name="Prepare Map to be placed in NS Object Store Cache">
		            <scripting:script engine="Groovy" file="groovy_scripts/prep_ns_objstore_cache_for_terms.groovy"/>
		        </scripting:transformer>
		        <splunklogger:logger config-ref="SplunkLogger" message="${ns.terms.objstore.data}" doc:name="NS Data for Object Store"/>
                <objectstore:store config-ref="NSCacheObjectStore" key="#['terms']" value-ref="#[payload]" overwrite="true" doc:name="ObjectStore-Store Data"/>
				<set-payload value="${ns.terms.get.success.resp.msg}" doc:name="Set Success Response Message"/>
            </otherwise>
        </choice>
        <splunklogger:logger config-ref="SplunkLogger" message="${ns.terms.get.output.msg}" doc:name="Output Message-JSON"/>        
    </flow>
    
    <flow name="sfdc_customsettings_get_cache_flow" doc:name="sfdc_customsettings_get_cache_flow" processingStrategy="synchronous">
    	<splunklogger:logger config-ref="SplunkLogger" message="${sfdc.customsettings.get.input.msg}" doc:name="Input Message"/>
        <set-variable variableName="sfdcCustSetType" value="#[payload.get('customSettingType')]" doc:name="Set Custom Setting Type"/>
    	<choice doc:name="Custom Setting Type?">
            <when expression="#[payload.get('customSettingType')=='state']">
				<splunklogger:time config-ref="SplunkLogger" destination="#[flowVars['nsGetSFDCCustSettingsTime']]" message="${sfdc.customsettings.get.time}" doc:name="Time execution">
		            <sfdc:query config-ref="Salesforce" query="${sfdc.get.state.list.soql}" doc:name="Get State List"/> 		
				</splunklogger:time>            
            </when>
            <when expression="#[payload.get('customSettingType')=='country']">
				<splunklogger:time config-ref="SplunkLogger" destination="#[flowVars['nsGetSFDCCustSettingsTime']]" message="${sfdc.customsettings.get.time}" doc:name="Time execution">
		            <sfdc:query config-ref="Salesforce" query="${sfdc.get.country.list.soql}" doc:name="Get Country List"/> 		
				</splunklogger:time>            
            </when>
            <when expression="#[payload.get('customSettingType')=='billtotier']">
				<splunklogger:time config-ref="SplunkLogger" destination="#[flowVars['nsGetSFDCCustSettingsTime']]" message="${sfdc.customsettings.get.time}" doc:name="Time execution">
		            <sfdc:query config-ref="Salesforce" query="${sfdc.get.billtotier.list.soql}" doc:name="Get Bill To Tier List"/> 		
				</splunklogger:time>            
            </when>
            <otherwise>
            	<splunklogger:logger config-ref="SplunkLogger" message="${sfdc.customsettings.invalid.type}" doc:name="Invalid Custom Setting Type"/>
            </otherwise>                        
        </choice>
		
        <choice doc:name="Is Payload null?">
            <when expression="#[payload instanceof org.mule.transport.NullPayload]">
            	<splunklogger:logger config-ref="SplunkLogger" message="${payload.is.null.msg}" doc:name="Payload is null"/>
                <set-payload value="${payload.null.case.json.response}" doc:name="Set Payload Null Message"/>
            </when>
            <otherwise>
            	<splunklogger:logger config-ref="SplunkLogger" message="${sfdc.customsettings.get.resp.msg}" doc:name="SFDC Response"/>
              	<scripting:transformer doc:name="Prepare Map to be placed in NS Object Store Cache">
		            <scripting:script engine="Groovy" file="groovy_scripts/prep_ns_objstore_cache_for_customsettings.groovy"/>
		        </scripting:transformer>
		        <splunklogger:logger config-ref="SplunkLogger" message="${sfdc.customsetting.objstore.data}" doc:name="SFDC Custom Setting Data for Object Store"/>
				<objectstore:store config-ref="NSCacheObjectStore" key="#[flowVars['sfdcCustSetType']]" value-ref="#[payload]" overwrite="true" doc:name="ObjectStore-Store Data"/>
				<set-payload value="${sfdc.customsetting.get.success.resp.msg}" doc:name="Set Success Response Message"/>
            </otherwise>
        </choice>
        <remove-variable variableName="sfdcCustSetType" doc:name="Remove Custom Setting Type"/>
        <splunklogger:logger config-ref="SplunkLogger" message="${sfdc.customsettings.get.output.msg}" doc:name="Output Message-JSON"/>        
    </flow>    
</mule>
