<?xml version="1.0" encoding="UTF-8"?>

<mule xmlns:splunklogger="http://www.mulesoft.org/schema/mule/splunklogger" xmlns:json="http://www.mulesoft.org/schema/mule/json"
	xmlns:scripting="http://www.mulesoft.org/schema/mule/scripting"
	xmlns:data-mapper="http://www.mulesoft.org/schema/mule/ee/data-mapper" xmlns:tracking="http://www.mulesoft.org/schema/mule/ee/tracking" xmlns:context="http://www.springframework.org/schema/context"
	xmlns:netsuite="http://www.mulesoft.org/schema/mule/netsuite" xmlns:http="http://www.mulesoft.org/schema/mule/http" xmlns="http://www.mulesoft.org/schema/mule/core" xmlns:doc="http://www.mulesoft.org/schema/mule/documentation"
	xmlns:spring="http://www.springframework.org/schema/beans" version="EE-3.5.2"
	xmlns:xsi="http://www.w3.org/2001/XMLSchema-instance"
	xsi:schemaLocation="http://www.mulesoft.org/schema/mule/json http://www.mulesoft.org/schema/mule/json/current/mule-json.xsd
http://www.mulesoft.org/schema/mule/scripting http://www.mulesoft.org/schema/mule/scripting/current/mule-scripting.xsd
http://www.springframework.org/schema/context http://www.springframework.org/schema/context/spring-context-current.xsd
http://www.springframework.org/schema/beans http://www.springframework.org/schema/beans/spring-beans-current.xsd
http://www.mulesoft.org/schema/mule/core http://www.mulesoft.org/schema/mule/core/current/mule.xsd
http://www.mulesoft.org/schema/mule/http http://www.mulesoft.org/schema/mule/http/current/mule-http.xsd
http://www.mulesoft.org/schema/mule/netsuite http://www.mulesoft.org/schema/mule/netsuite/current/mule-netsuite.xsd
http://www.mulesoft.org/schema/mule/ee/data-mapper http://www.mulesoft.org/schema/mule/ee/data-mapper/current/mule-data-mapper.xsd
http://www.mulesoft.org/schema/mule/ee/tracking http://www.mulesoft.org/schema/mule/ee/tracking/current/mule-tracking-ee.xsd
http://www.mulesoft.org/schema/mule/splunklogger http://www.mulesoft.org/schema/mule/splunklogger/current/mule-splunklogger.xsd">

    <flow name="ns_file_put_flow" doc:name="ns_file_put_flow" processingStrategy="synchronous">
        <splunklogger:logger config-ref="SplunkLogger" message="${ns.file.put.input.msg}" doc:name="Input Message - JSON"/>
        <json:json-to-object-transformer returnClass="java.util.HashMap" doc:name="JSON to Map"/>
		<scripting:transformer doc:name="Create NS File Objects">
            <scripting:script engine="Groovy" file="groovy_scripts/create_ns_files_objects.groovy"/>
        </scripting:transformer>
        <splunklogger:logger config-ref="SplunkLogger" message="${ns.file.put.filerecdata}" doc:name="NS File - Map"/>        
		<splunklogger:time config-ref="SplunkLogger" destination="#[flowVars['nsCreateFilesTime']]" message="${ns.create.files.time}" doc:name="Time execution">
	        <netsuite:add-list config-ref="Netsuite" recordType="FILE" doc:name="Netsuite">
	            <netsuite:records ref="#[payload]"/>
	        </netsuite:add-list>
		</splunklogger:time>        
 		<enricher doc:name="Message Enricher" target="flowVars['nsFilesRespJson']">
            <json:object-to-json-transformer doc:name="Object to JSON for printing"/>
        </enricher>
        <splunklogger:logger config-ref="SplunkLogger" message="${ns.file.add.oper.resp.msg}" doc:name="NS Response - Object"/>
         
        <scripting:transformer doc:name="Prepare Response Map">
            <scripting:script engine="Groovy" file="groovy_scripts/set_resp_for_multiple_put_oper.groovy">
            	<property key="targetObjectType" value="Files"/>
            </scripting:script>
        </scripting:transformer> 
         
        <json:object-to-json-transformer doc:name="HashMap to JSON"/>   
        <splunklogger:logger config-ref="SplunkLogger" message="${ns.file.put.output.msg}" doc:name="Output Message - JSON"/>       
    </flow>
</mule>
