<?xml version="1.0" encoding="UTF-8"?>

<mule xmlns:http="http://www.mulesoft.org/schema/mule/http"
	xmlns:sfdc="http://www.mulesoft.org/schema/mule/sfdc" xmlns:splunklogger="http://www.mulesoft.org/schema/mule/splunklogger" xmlns:scripting="http://www.mulesoft.org/schema/mule/scripting" xmlns:json="http://www.mulesoft.org/schema/mule/json" xmlns="http://www.mulesoft.org/schema/mule/core" xmlns:doc="http://www.mulesoft.org/schema/mule/documentation"
	xmlns:spring="http://www.springframework.org/schema/beans" version="EE-3.5.2"
	xmlns:xsi="http://www.w3.org/2001/XMLSchema-instance"
	xsi:schemaLocation="http://www.mulesoft.org/schema/mule/http http://www.mulesoft.org/schema/mule/http/current/mule-http.xsd
http://www.springframework.org/schema/beans http://www.springframework.org/schema/beans/spring-beans-current.xsd
http://www.mulesoft.org/schema/mule/core http://www.mulesoft.org/schema/mule/core/current/mule.xsd
http://www.mulesoft.org/schema/mule/json http://www.mulesoft.org/schema/mule/json/current/mule-json.xsd
http://www.mulesoft.org/schema/mule/splunklogger http://www.mulesoft.org/schema/mule/splunklogger/current/mule-splunklogger.xsd
http://www.mulesoft.org/schema/mule/scripting http://www.mulesoft.org/schema/mule/scripting/current/mule-scripting.xsd
http://www.mulesoft.org/schema/mule/sfdc http://www.mulesoft.org/schema/mule/sfdc/current/mule-sfdc.xsd">
    <flow name="ns_so_attach_files_flow" doc:name="ns_so_attach_files_flow">
        <splunklogger:logger config-ref="SplunkLogger" message="${ns.so.attach.files.input.msg}" doc:name="Input Message - JSON"/>
        <json:json-to-object-transformer returnClass="java.util.HashMap" doc:name="JSON to Map"/>
        <set-variable variableName="nsSoAttachIntId" value="#[payload.get('soInternalId')]" doc:name="Set NS SO Internal Id"/>
    	<choice doc:name="Is Attachments List Present?">
        	<when expression="#[payload.get('attachmentsList') == null || payload.get('attachmentsList').size() == 0]">
        		<splunklogger:logger config-ref="SplunkLogger" message="${no.attachments.in.input}" doc:name="No Attachments"/>
				<splunklogger:time config-ref="SplunkLogger" destination="#[flowVars['sfdcGetAttachIdsTime']]" message="${sfdc.get.attachment.ids.time}" doc:name="Time execution">
					<sfdc:query config-ref="Salesforce" query="${sfdc.attachment.ids.get.soql}" doc:name="Get Attachment Ids"/>
				</splunklogger:time>
				<json:object-to-json-transformer doc:name="Object to JSON"/>
				<json:json-to-object-transformer returnClass="java.util.ArrayList" doc:name="JSON to List"/>
				<scripting:transformer doc:name="Create Attachments List ">
            		<scripting:script engine="Groovy" file="groovy_scripts/create_attachments_list.groovy"/>
        		</scripting:transformer>
        	</when>
        	<otherwise>
        		<splunklogger:logger config-ref="SplunkLogger" message="${attachments.present.in.input}" doc:name="Attachments Present"/>
        	</otherwise>
        </choice>
    	<choice doc:name="Is Attachments Present?">
        	<when expression="#[payload.get('attachmentsList') == null || payload.get('attachmentsList').size() == 0]">
        		<splunklogger:logger config-ref="SplunkLogger" message="${no.attachments.in.input}" doc:name="No Attachments"/>
        	</when>
        	<otherwise>
        		<splunklogger:logger config-ref="SplunkLogger" message="${attachments.present.in.input}" doc:name="Attachments Present"/>
		        <json:object-to-json-transformer doc:name="Object to JSON"/>
		        <flow-ref name="sfdc_documents_get_flow" doc:name="Get SFDC Attachments"/>
		        <!-- 
		        <splunklogger:logger config-ref="SplunkLogger" message="${sfdc.attachments.response.msg}" doc:name="SFDC Attachments Response"/>
		         -->
		        <json:json-to-object-transformer returnClass="java.util.ArrayList" doc:name="JSON to List"/>
		        <scripting:transformer doc:name="Create NS Files Payload">
		            <scripting:script engine="Groovy" file="groovy_scripts/create_ns_files_put_payload.groovy">
		                <property key="nsfodlerintid" value="${netsuite.files.folder.id}"/>
		            </scripting:script>
		        </scripting:transformer>
		        <splunklogger:logger config-ref="SplunkLogger" message="${ns.files.req.msg}" doc:name="NS Files Request"/>
		        <flow-ref name="ns_file_put_flow" doc:name="Put Files in NS"/>
		        <splunklogger:logger config-ref="SplunkLogger" message="${ns.files.response.msg}" doc:name="NS Files Response"/>
		        <json:json-to-object-transformer returnClass="java.util.HashMap" doc:name="JSON to Map"/>
		        <scripting:transformer doc:name="Create NS Attachments Payload">
		            <scripting:script engine="Groovy" file="groovy_scripts/create_ns_attach_files_payload.groovy">
		               <property key="srcObjVal" value="FILE"/>
		               <property key="destObjVal" value="SALES_ORDER"/>
		            </scripting:script>
		        </scripting:transformer>
		        <splunklogger:logger config-ref="SplunkLogger" message="${ns.attach.files.req.msg}" doc:name="NS Attach Files Request"/>
		        <flow-ref name="ns_attach_files_flow" doc:name="Attach Files to SO in NS"/>
		        <splunklogger:logger config-ref="SplunkLogger" message="${ns.file.attachments.response.msg}" doc:name="NS File Attachments Response"/>        		
        	</otherwise>
        </choice>        

        <remove-variable variableName="nsSoAttachIntId" doc:name="Remove NS SO Internal Id "/>
    </flow>
</mule>
