<?xml version="1.0" encoding="UTF-8"?>

<mule xmlns:core="http://www.mulesoft.org/schema/mule/core" xmlns:data-mapper="http://www.mulesoft.org/schema/mule/ee/data-mapper" xmlns:https="http://www.mulesoft.org/schema/mule/https"
	xmlns:splunklogger="http://www.mulesoft.org/schema/mule/splunklogger" xmlns:scripting="http://www.mulesoft.org/schema/mule/scripting"
	xmlns:netsuite="http://www.mulesoft.org/schema/mule/netsuite" xmlns:json="http://www.mulesoft.org/schema/mule/json" xmlns:context="http://www.springframework.org/schema/context"
	xmlns:tracking="http://www.mulesoft.org/schema/mule/ee/tracking" xmlns="http://www.mulesoft.org/schema/mule/core" xmlns:doc="http://www.mulesoft.org/schema/mule/documentation"
	xmlns:spring="http://www.springframework.org/schema/beans" version="EE-3.5.2"
	xmlns:xsi="http://www.w3.org/2001/XMLSchema-instance"
	xsi:schemaLocation="http://www.mulesoft.org/schema/mule/core http://www.mulesoft.org/schema/mule/core/current/mule.xsd
http://www.mulesoft.org/schema/mule/https http://www.mulesoft.org/schema/mule/https/current/mule-https.xsd
http://www.mulesoft.org/schema/mule/scripting http://www.mulesoft.org/schema/mule/scripting/current/mule-scripting.xsd
http://www.springframework.org/schema/context http://www.springframework.org/schema/context/spring-context-current.xsd
http://www.springframework.org/schema/beans http://www.springframework.org/schema/beans/spring-beans-current.xsd
http://www.mulesoft.org/schema/mule/ee/tracking http://www.mulesoft.org/schema/mule/ee/tracking/current/mule-tracking-ee.xsd
http://www.mulesoft.org/schema/mule/netsuite http://www.mulesoft.org/schema/mule/netsuite/current/mule-netsuite.xsd
http://www.mulesoft.org/schema/mule/json http://www.mulesoft.org/schema/mule/json/current/mule-json.xsd
http://www.mulesoft.org/schema/mule/splunklogger http://www.mulesoft.org/schema/mule/splunklogger/current/mule-splunklogger.xsd
http://www.mulesoft.org/schema/mule/ee/data-mapper http://www.mulesoft.org/schema/mule/ee/data-mapper/current/mule-data-mapper.xsd">
    <data-mapper:config name="SFDC_JSON_To_NS_JSON_ACC" transformationGraphPath="sfdc_json_to_ns_json_acc.grf" doc:name="SFDC_JSON_To_NS_JSON_ACC"/>
    <data-mapper:config name="SFDC_JSON_To_NS_JSON" transformationGraphPath="sfdc_json_to_ns_json.grf" doc:name="SFDC JSON To NS JSON"/>
    <data-mapper:config name="Do_SO_Data_Lookups" transformationGraphPath="do_so_data_lookups.grf" doc:name="Do_SO_Data_Lookups"/>

    <flow name="ns_salesorder_flow" doc:name="ns_salesorder_flow" processingStrategy="synchronous">
    	<splunklogger:logger config-ref="SplunkLogger" message="${ns.so.flow.input.msg}" doc:name="Input Message - JSON"/>
        <json:json-to-object-transformer returnClass="java.util.HashMap" doc:name="JSON to HashMap"/>
        
		<choice doc:name="Is NS SO Id present in Req?">
			<when expression="#[payload.get('salesOrder') == null || payload.get('salesOrder').get('netSuiteId') == null || payload.get('salesOrder').get('netSuiteId') == '']">
				<splunklogger:logger config-ref="SplunkLogger" message="${req.have.no.so.id}" doc:name="SO Id not pressent"/>
		        
		        <set-variable doc:name="Current Processing Object - Account" value="Account" variableName="currentProcObj"/>
		        <!-- START: CPQ-196 Changes -->
		    	<choice doc:name="Is Channel Accounts present?">
		        	<when expression="#[payload.get('channelAccounts') == null || payload.get('channelAccounts').size() == 0]">
		        		<splunklogger:logger config-ref="SplunkLogger" message="${no.channel.accounts.in.oppor}" doc:name="No Channel Accounts"/>
		        	</when>
		        	<otherwise>
		        		<splunklogger:logger config-ref="SplunkLogger" message="${channel.accounts.in.oppor}" doc:name="Channel Accounts"/>
				        <splunklogger:time config-ref="SplunkLogger" destination="#[flowVars['checkNsChannelAccsFlowTime']]" message="${check.ns.channel.accounts.flow.time}" doc:name="Time execution">
							<flow-ref name="ns_channel_accounts_check_flow" doc:name="Check NS Channel Accounts"/>
						</splunklogger:time>         	
		        	</otherwise>
		        </choice>	        
		        <!-- END: CPQ-196 Changes -->
		        
		        <splunklogger:time config-ref="SplunkLogger" destination="#[flowVars['checkNsAccFlowTime']]" message="${check.ns.account.flow.time}" doc:name="Time execution">
					<flow-ref name="ns_account_check_flow" doc:name="Check NS Account"/>
				</splunklogger:time>
				<set-variable doc:name="Current Processing Object - Contact" value="Contact" variableName="currentProcObj"/>
		        <splunklogger:time config-ref="SplunkLogger" destination="#[flowVars['checkNsCntctFlowTime']]" message="${check.ns.cntct.flow.time}" doc:name="Time execution">
					<flow-ref name="ns_contact_check_flow" doc:name="Check NS Contact"/>
				</splunklogger:time>        
		        <set-variable doc:name="Current Processing Object - None" value="" variableName="currentProcObj"/>
			</when>
			<otherwise>
				<splunklogger:logger config-ref="SplunkLogger" message="${req.have.so.id}" doc:name="SO Id pressent"/>
			</otherwise>
		</choice>        

        <!-- 
        <scripting:transformer doc:name="Default Account to Florida credit union, if not present">
            <scripting:script engine="Groovy"><![CDATA[if(payload.get('account')!= null && (payload.get('account').get('netSuiteId')==null || payload.get('account').get('netSuiteId')=='')){
	payload.get('account').put('netSuiteId','41152')
}
return payload]]></scripting:script>
        </scripting:transformer>
         -->
		<splunklogger:time config-ref="SplunkLogger" destination="#[flowVars['nsSoPutFlowTime']]" message="${ns.put.so.flow.time}" doc:name="Time execution">
			<flow-ref name="ns_salesorder_put_flow" doc:name="Create NS SO"/>
		</splunklogger:time>        
        <scripting:transformer doc:name="Prepare Response Map">
            <scripting:script engine="Groovy" file="groovy_scripts/set_resp_for_put_oper.groovy">
            	<property value="NS" key="targetSystem" />
            	<property value="SalesOrder" key="targetObjectType" />
            </scripting:script>
        </scripting:transformer> 	
        <json:object-to-json-transformer doc:name="HashMap to JSON"/>
        <splunklogger:logger config-ref="SplunkLogger" message="${ns.so.flow.output.msg}" doc:name="Output Message - JSON"/>
    </flow>
    <!--  Account Check Flow -->
    <flow name="ns_account_check_flow" doc:name="ns_account_check_flow"  processingStrategy="synchronous">
    	<splunklogger:logger config-ref="SplunkLogger" message="${ns.account.check.input.msg}" doc:name="Input Message - Map"/>
        <set-variable variableName="sfdcPayload" value="#[payload]" doc:name="Backup SFDC Payload Data"/>
    	<choice doc:name="Is NetSuite Id present in SFDC Account?">
        	<when expression="#[payload.get('account').get('netSuiteId') == null || payload.get('account').get('netSuiteId') == '']">
                <splunklogger:logger config-ref="SplunkLogger" message="${ns.account.check.account.not.present}" doc:name="Account NS ID not present"/>
                <set-variable variableName="ACCOUNT_ID" value="#[payload.get('account').get('id')]" doc:name="SFDC Account Id"/>
                <flow-ref name="ns_account_get_flow" doc:name="Get NS Account Details"/>
                <json:json-to-object-transformer returnClass="java.util.HashMap" doc:name="JSON to HashMap"/>
                <choice doc:name="Is NetSuite Account present for SFDC Id?">
        			<when expression="#[payload.get('crossReferences') == null || payload.get('crossReferences').get('netSuiteId') == null || payload.get('crossReferences').get('netSuiteId') == '']">
        				<splunklogger:logger config-ref="SplunkLogger" message="${ns.account.get.not.present}" doc:name="Account not present in NS"/>
        				<flow-ref name="sfdc_account_get_flow" doc:name="Get SFDC Account Details"/>
        				<splunklogger:logger config-ref="SplunkLogger" message="${sfdc.to.ns.account.input.msg}" doc:name="SFDC Account Format"/> 
		                <data-mapper:transform config-ref="SFDC_JSON_To_NS_JSON_ACC" doc:name="SFDC JSON To NS JSON"/>
		                <object-to-string-transformer doc:name="Object to String"/>
		                <splunklogger:logger config-ref="SplunkLogger" message="${sfdc.to.ns.account.output.msg}" doc:name="NS Account Format"/>
		                <flow-ref name="ns_account_put_flow" doc:name="Put NS Account"/>
		                <splunklogger:logger config-ref="SplunkLogger" message="${ns.account.put.resp}" doc:name="NS Account Response"/>
                		<set-variable variableName="nsAccountId" value="#[json:objectId]" doc:name="NS Account Id"/>
        			</when>
        			<otherwise>
        				<splunklogger:logger config-ref="SplunkLogger" message="${ns.account.get.present}" doc:name="Account present in NS"/>
        				<set-variable variableName="nsAccountId" value="#[payload.get('crossReferences').get('netSuiteId')]" doc:name="NS Account Id"/>
        			</otherwise>
        		</choice>	
                
                <!-- 
                <message-properties-transformer overwrite="true" doc:name="Message Properties">
		        	<add-message-property key="Content-Type" value="application/json"/>
				</message-properties-transformer>
                <https:outbound-endpoint exchange-pattern="request-response" address="${sfdc.account.endpoint}/#[flowVars['sfdcAccountId']]" method="GET" doc:name="HTTPS: SFDC Get Account" mimeType="application/json" connector-ref="HTTPS_Conn" responseTimeout="${sfdc.rest.endpoint.read.timeout.millis}"/>
                <object-to-string-transformer doc:name="Object to String"/>
                 -->
                
                
                
                <!-- 
                <message-properties-transformer overwrite="true" doc:name="Message Properties">
		        	<add-message-property key="Content-Type" value="application/json"/>
				</message-properties-transformer>
                <https:outbound-endpoint exchange-pattern="request-response" address="${ns.account.endpoint}" method="PUT" doc:name="HTTPS: NS Put Account" mimeType="application/json" connector-ref="HTTPS_Conn" responseTimeout="${ns.rest.endpoint.read.timeout.millis}"/>
                <object-to-string-transformer doc:name="Object to String"/>
                -->
                

                <scripting:transformer doc:name="Prepare SFDC Account Upd Msg">
              		<scripting:script engine="Groovy" file="groovy_scripts/prepare_account_sfdc_upd_for_nsid.groovy"/>
          		</scripting:transformer>
          		<json:object-to-json-transformer doc:name="HashMap to JSON"/>
                <flow-ref name="sfdc_account_put_async_flow" doc:name="Put SFDC Account Async"/>
                
                <!-- 
          		<message-properties-transformer overwrite="true" doc:name="Message Properties">
          			<add-message-property key="Content-Type" value="application/json"/>
				</message-properties-transformer>
          		<https:outbound-endpoint exchange-pattern="request-response" address="${sfdc.account.endpoint}" method="PUT" doc:name="HTTPS: SFDC Put Account" mimeType="application/json" connector-ref="HTTPS_Conn" responseTimeout="${sfdc.rest.endpoint.read.timeout.millis}"/>
          		 -->
          		<splunklogger:logger config-ref="SplunkLogger" message="${sfdc.account.put.resp}" doc:name="SFDC Upd Response"/> 
		        <scripting:transformer doc:name="Update NS Account Id into Payload">
		            <scripting:script engine="Groovy"><![CDATA[payloaddata = flowVars['sfdcPayload']
		payloaddata.get('account').put('netSuiteId',flowVars['nsAccountId'])
		return payloaddata]]></scripting:script>
		        </scripting:transformer>
	        </when>
	        <otherwise>
	        	<splunklogger:logger config-ref="SplunkLogger" message="${ns.account.check.account.present}" doc:name="Account NS ID present"/>
	        </otherwise>
	    </choice>
	    <splunklogger:logger config-ref="SplunkLogger" message="${ns.account.check.output.msg}" doc:name="Output Message - Map"/>
    </flow>
    <!--  Contact Check Flow -->
    <flow name="ns_contact_check_flow" doc:name="ns_contact_check_flow" processingStrategy="synchronous">
        <splunklogger:logger config-ref="SplunkLogger" message="${ns.contact.check.input.msg}" doc:name="Input Message - Map"/>
        <set-variable variableName="contactRoles" value="#[payload.get('opportunityContactRoles')]" doc:name="Backup Contact Roles"/>
        <foreach doc:name="For Each Contact Role" collection="#[flowVars['contactRoles']]" counterVariableName="index">
	    	<choice doc:name="Is NetSuite Id present in SFDC Contact Role?">
	        	<when expression="#[payload.get('netSuiteId') == null || payload.get('netSuiteId') == '']">
	                <splunklogger:logger config-ref="SplunkLogger" message="${ns.contact.check.contact.not.present}" doc:name="Contact NS ID not present"/>
                    <set-variable variableName="crmId" value="#[payload.get('id')]" doc:name="SFDC Contact Id"/>
                    <flow-ref name="ns_contact_get_flow" doc:name="Get NS Contact Details"/>
                	<json:json-to-object-transformer returnClass="java.util.HashMap" doc:name="JSON to HashMap"/>
                	<choice doc:name="Is NetSuite Contact present for SFDC Id?">
	        			<when expression="#[payload.get('crossReferences') == null || payload.get('crossReferences').get('netSuiteId') == null || payload.get('crossReferences').get('netSuiteId') == '']">
	        				<splunklogger:logger config-ref="SplunkLogger" message="${ns.contact.get.not.present}" doc:name="Contact not present in NS"/>
	                    	<flow-ref name="sfdc_contact_get_flow" doc:name="SFDC Get Contact Details"/>
	                    	<splunklogger:logger config-ref="SplunkLogger" message="${sfdc.to.ns.contact.input.msg}" doc:name="SFDC Contact Format"/> 
		                    <enricher target="#[flowVars['sfdcContactResultMap']]" doc:name="Message Enricher">
		                        <json:json-to-object-transformer doc:name="JSON to HashMap" returnClass="java.util.HashMap"/>
		        			</enricher>
                            <set-variable variableName="sfdcContactName" value="#[flowVars['sfdcContactResultMap'].get('name') != null ? flowVars['sfdcContactResultMap'].get('name') : &quot;&quot;]" doc:name="Store SFDC Contact Name"/>
		        			<choice doc:name="Is NetSuite Id present in SFDC Contact?">
		                    	<when expression="#[flowVars['sfdcContactResultMap'].get('crossReferences').get('netSuiteId') == null || flowVars['sfdcContactResultMap'].get('crossReferences').get('netSuiteId') == '']">
		                    		<data-mapper:transform config-ref="SFDC_JSON_To_NS_JSON" doc:name="SFDC JSON To NS JSON"/>
		                            <object-to-string-transformer doc:name="Object to String"/>
							        <splunklogger:logger config-ref="SplunkLogger" message="${sfdc.to.ns.contact.output.msg}" doc:name="NS Contact Format"/>
		                            <flow-ref name="ns_contact_put_flow" doc:name="NS Put Contact"/>    
		                            
		                            <!--                 
				                    <message-properties-transformer overwrite="true" doc:name="Message Properties">
				                    	<add-message-property key="Content-Type" value="application/json"/>
				        			</message-properties-transformer>
				                    <https:outbound-endpoint exchange-pattern="request-response" address="${ns.contact.endpoint}" method="PUT" doc:name="HTTPS: NS Put Contact" mimeType="application/json" connector-ref="HTTPS_Conn" responseTimeout="${ns.rest.endpoint.read.timeout.millis}"/>
		                            
		                            <enricher target="#[flowVars.nsRespJsonStr]" doc:name="Message Enricher">
		                            	<object-to-string-transformer doc:name="Object to String"/>
		                            </enricher>
		                             
		                            <object-to-string-transformer doc:name="Object to String"/>
		                             -->
		                            <splunklogger:logger config-ref="SplunkLogger" message="${ns.contact.put.resp}" doc:name="NS Contact Response"/>
				                    <json:json-to-object-transformer returnClass="java.util.HashMap" doc:name="JSON to HashMap"/>
		                            <set-variable variableName="nsContactId" value="#[payload.get('objectId')]" doc:name="NS Contact Id"/>
		                            <scripting:transformer doc:name="Prepare SFDC Contact Upd Msg">
				                        <scripting:script engine="Groovy" file="groovy_scripts/prepare_sfdc_upd_for_nsid.groovy"/>
				                    </scripting:transformer>
				                    <json:object-to-json-transformer doc:name="HashMap to JSON"/>
		                            <flow-ref name="sfdc_contact_put_async_flow" doc:name="SFDC Put Contact Async"/>
		                            
		                            <!-- 
				                    <message-properties-transformer overwrite="true" doc:name="Message Properties">
				                    	<add-message-property key="Content-Type" value="application/json"/>
				        			</message-properties-transformer>
				                    <https:outbound-endpoint exchange-pattern="request-response" address="${sfdc.contact.endpoint}" method="PUT" doc:name="HTTPS: SFDC Put Contact" mimeType="application/json" connector-ref="HTTPS_Conn" responseTimeout="${sfdc.rest.endpoint.read.timeout.millis}"/>
				                     -->
				                    <splunklogger:logger config-ref="SplunkLogger" message="${sfdc.contact.put.resp}" doc:name="SFDC Upd Response"/>
		                    	</when>
		                    	<otherwise>
		                    		<splunklogger:logger config-ref="SplunkLogger" message="${sfdc.contact.ns.id.present}" doc:name="SFDC NS Id Present"/>
		                    		<set-variable variableName="nsContactId" value="#[flowVars['sfdcContactResultMap'].get('netSuiteId')]" doc:name="NS Contact Id"/>
		                    	</otherwise>
		                    </choice>
	                    </when>
	                    <otherwise>
	                    	<splunklogger:logger config-ref="SplunkLogger" message="${ns.contact.get.present}" doc:name="Contact present in NS"/>
        					<set-variable variableName="nsContactId" value="#[payload.get('crossReferences').get('netSuiteId')]" doc:name="NS Contact Id"/>
        					<scripting:transformer doc:name="Prepare SFDC Contact Upd Msg">
		                        <scripting:script engine="Groovy" file="groovy_scripts/prepare_sfdc_upd_for_nsid.groovy"/>
		                    </scripting:transformer>
		                    <json:object-to-json-transformer doc:name="HashMap to JSON"/>
                            <flow-ref name="sfdc_contact_put_async_flow" doc:name="SFDC Put Contact Async"/>
        					<splunklogger:logger config-ref="SplunkLogger" message="${sfdc.contact.put.resp}" doc:name="SFDC Upd Response"/>
	                    </otherwise>
	                </choice>    
                    
                    <!-- 
	                <https:outbound-endpoint exchange-pattern="request-response" address="${sfdc.contact.endpoint}/#[flowVars['sfdcContactId']]" method="GET" doc:name="HTTPS: SFDC Get Contact" mimeType="application/json" connector-ref="HTTPS_Conn" responseTimeout="${sfdc.rest.endpoint.read.timeout.millis}"/>
                    <object-to-string-transformer doc:name="Object to String"/>
                     -->
                    


                    <scripting:transformer doc:name="Update NetSutie Contact Id into Contact Role">
                        <scripting:script engine="Groovy" file="groovy_scripts/upd_contactid_in_contactrole.groovy"/>
                    </scripting:transformer>
	        	</when>
	            <otherwise>
	            	<splunklogger:logger config-ref="SplunkLogger" message="${ns.contact.check.contact.present}" doc:name="Contact NS ID present"/>
	            </otherwise>
	        </choice>
        </foreach>
        <scripting:transformer doc:name="Update ContactRoles into Payload">
            <scripting:script engine="Groovy"><![CDATA[payloaddata = payload
payloaddata.put('opportunityContactRoles',flowVars['contactRoles'])
return payloaddata]]></scripting:script>
        </scripting:transformer>
        <splunklogger:logger config-ref="SplunkLogger" message="${ns.contact.check.output.msg}" doc:name="Output Message - Map"/>
    </flow>
    <!--  Sales Order Put Flow -->
    <flow name="ns_salesorder_put_flow" doc:name="ns_salesorder_put_flow" processingStrategy="synchronous">
        <splunklogger:logger config-ref="SplunkLogger" message="${ns.so.put.input.msg}" doc:name="Input Message - Map"/>
        <scripting:transformer doc:name="Create SO Lookup fields Map">
            <scripting:script engine="Groovy" file="groovy_scripts/create_SO_lookup_fields_map.groovy"/>
        </scripting:transformer>
        <data-mapper:transform config-ref="Do_SO_Data_Lookups" doc:name="Do SO Data Lookups"/>
        <splunklogger:logger config-ref="SplunkLogger" message="SO Data Lookup Result is: #[payload]" doc:name="SO Lookup Data"/>
        <!-- 
        <splunklogger:logger config-ref="SplunkLogger" message="sampl xswwr" doc:name="Logger"/>
         -->
        <scripting:transformer doc:name="Update SO Lookup fields data in Payload">
            <scripting:script engine="Groovy" file="groovy_scripts/update_SO_lookup_fields_data.groovy">
            	<property key="nsStateDropDownCountries" value="${ns.state.drop.down.countries}"/>
            </scripting:script>
        </scripting:transformer>
        
        <set-variable variableName="sfdcBkngSchedules" value="#[payload.get('bookingSchedules')]" doc:name="Booking Schedules"/>
        
        <scripting:transformer doc:name="Create NS SO Map">
            <scripting:script engine="Groovy" file="groovy_scripts/create_ns_so.groovy">
            	<property key="nsStateDropDownCountries" value="${ns.state.drop.down.countries}"/>
            	<property key="endUserOppTypesStr" value="${sfdc.opp.types.enduser}"/>
            	<property key="resellerOppTypesStr" value="${sfdc.opp.types.reseller}"/>
            	<property key="distributorOppTypesStr" value="${sfdc.opp.types.distributor}"/>
            </scripting:script>
        </scripting:transformer>
        <enricher target="#[flowVars['soDataJson']]" doc:name="Message Enricher">
            <json:object-to-json-transformer doc:name="Object to JSON for printing"/>
        </enricher>
        <splunklogger:logger config-ref="SplunkLogger" message="${ns.so.put.sodata.map}" doc:name="SO Data Map to send NS"/>
        <choice doc:name="Is SO NetSuite Id present?">
        	<when expression="#[payload.get('internalId') == null || payload.get('internalId') == '']">
                <splunklogger:logger config-ref="SplunkLogger" message="${so.ns.id.notpresent}" doc:name="SO NS ID not present"/>
		        <netsuite:add-record config-ref="Netsuite" doc:name="Create SO" recordType="SALES_ORDER" receiveTimeout="${netsuite.read.timeout.millis}">
		            <netsuite:attributes ref="#[payload]"/>
		        </netsuite:add-record> 
        	</when>
            <otherwise>
            	<splunklogger:logger config-ref="SplunkLogger" message="${so.ns.id.present}" doc:name="SO NS ID present"/>
		        <netsuite:update-record config-ref="Netsuite" doc:name="Update SO" recordType="SALES_ORDER" receiveTimeout="${netsuite.read.timeout.millis}">
		            <netsuite:attributes ref="#[payload]"/>
		        </netsuite:update-record>            	
            </otherwise>
        </choice>
        <enricher target="#[flowVars.nsSOResultJson]" doc:name="Message Enricher">
            <json:object-to-json-transformer doc:name="Object to JSON for printing"/>
        </enricher>        
        <splunklogger:logger config-ref="SplunkLogger" message="${ns.so.put.output.msg}" doc:name="Output Message - Object"/>
        
        <choice doc:name="Is Booking Schedules present?">
        	<when expression="#[flowVars['sfdcBkngSchedules'] == null || flowVars['sfdcBkngSchedules'].size() == 0]">
                <splunklogger:logger config-ref="SplunkLogger" message="${ns.so.bkngsched.empty}" doc:name="No Bkng Scheds Present"/>
        	</when>
            <otherwise>
		        <flow-ref name="ns_bkngschedules_flow" doc:name="Create Booking Schedules" />        
		        <set-payload doc:name="Set Payload" value="#[sessionVars['nsRespSo']]"/>          	
            </otherwise>
        </choice>
        <async doc:name="Async">
            <flow-ref name="ns_salesorder_attachments_flow" doc:name="Create NS SO Attachments "/>
        </async>
        
        <splunklogger:logger config-ref="SplunkLogger" message="${ns.so.put.output.msg}" doc:name="Output Message - Object"/>
    </flow>
    <flow name="ns_bkngschedules_flow" doc:name="ns_bkngschedules_flow" processingStrategy="synchronous">
        <splunklogger:logger config-ref="SplunkLogger" message="Creating Booking Schedules for SO #[flowVars.nsSOIdVar]" doc:name="Input"/>
        <set-session-variable variableName="nsRespSo" value="#[payload]" doc:name="Bkp SO Resp"/>
		<scripting:transformer doc:name="Create NS Booking Schedule Map">
            <scripting:script engine="Groovy" file="groovy_scripts/create_ns_bkng_sched.groovy"/>
        </scripting:transformer>
        <enricher target="#[flowVars.soBkngSchedJson]" doc:name="Message Enricher">
            <json:object-to-json-transformer doc:name="Object to JSON for printing"/>
        </enricher>
        <splunklogger:logger config-ref="SplunkLogger" message="Booking Schedule Data Map: #[flowVars.soBkngSchedJson]" doc:name="SO Bkng Sched data to send NS"/>
        <!-- 
        <netsuite:add-record-objects config-ref="Netsuite" doc:name="Netsuite">
		    <netsuite:records ref="#[payload]" />
		</netsuite:add-record-objects>
		 -->
        <netsuite:add-list config-ref="Netsuite" recordType="${netsuite.bookingschedule.record.type}" doc:name="Netsuite">
            <netsuite:records ref="#[payload]"/>
        </netsuite:add-list>
        <enricher target="#[flowVars.nsBkngSchedResJson]" doc:name="Message Enricher">
            <json:object-to-json-transformer doc:name="Object to JSON for printing"/>
        </enricher>        
        <splunklogger:logger config-ref="SplunkLogger" message="Booking Schedule Response: #[flowVars.nsBkngSchedResJson]" doc:name="Output"/>        
    </flow>
    
    <!-- START: CPQ-196 Changes -->
    <flow name="ns_channel_accounts_check_flow" doc:name="ns_channel_accounts_check_flow" processingStrategy="synchronous">
    	<splunklogger:logger config-ref="SplunkLogger" message="${ns.channel.accounts.check.input.msg}" doc:name="Input Message - Map"/>
        <set-variable variableName="channelAccSfdcPayload" value="#[payload]" doc:name="Backup SFDC Payload Data"/>
        
        <foreach collection="#[payload.get('channelAccounts')]" doc:name="For Each" counterVariableName="counterIndex">
            <set-variable variableName="sfdcAccId" value="#[payload.get('id')]" doc:name="SFDC Account Id"/>
            <scripting:transformer doc:name="Create Account Check Payload">
                <scripting:script engine="Groovy" file="groovy_scripts/create_acc_payload.groovy"/>
            </scripting:transformer>
            <splunklogger:logger config-ref="SplunkLogger" message="${channel.account.check.payload}" doc:name="Account Check Flow Payload"/>
            <flow-ref name="ns_account_check_flow" doc:name="Account Check Flow"/>
            <splunklogger:logger config-ref="SplunkLogger" message="${channel.account.check.response}" doc:name="Account Check Flow Response"/>
            <scripting:transformer doc:name="Update Channel Account NS Id">
                <scripting:script engine="Groovy" file="groovy_scripts/update_channel_acc_NS_Id.groovy"/>
            </scripting:transformer>            
        </foreach>
        <set-payload value="#[flowVars['channelAccSfdcPayload']]" doc:name="Set Updated Map with Channel Account NS Ids"/>
        <remove-variable variableName="channelAccsfdcPayload" doc:name="Remove SFDC Payload Var"/>       

	    <splunklogger:logger config-ref="SplunkLogger" message="${ns.channel.accounts.check.output.msg}" doc:name="Output Message - Map"/>    
    </flow>
    <!-- END: CPQ-196 Changes -->    
    <flow name="ns_salesorder_attachments_flow" doc:name="ns_salesorder_attachments_flow">
    		<splunklogger:logger config-ref="SplunkLogger" message="Processing Attachments.... " doc:name="Attachments Processing"/>
            <scripting:transformer doc:name="Create Payload for SO Attachments">
                <scripting:script engine="Groovy" file="groovy_scripts/create_so_attach_files_payload.groovy"/>
            </scripting:transformer>
            <splunklogger:logger config-ref="SplunkLogger" message="${ns.so.files.attach.payload}" doc:name="Payload of SO Attach Files"/>
	    	<choice doc:name="Is Attachments and SO Present?">
	        	<when expression="#[payload.get('soInternalId') == null || payload.get('attachmentsList') == null || payload.get('attachmentsList').size() == 0]">
	        		<splunklogger:logger config-ref="SplunkLogger" message="No attachments for the SO" doc:name="No Attachments"/>
	        	</when>
	        	<otherwise>
			         <flow-ref name="ns_so_attach_files_flow" doc:name="NS SO Attach Files Flow"/>
	        	</otherwise>
	        </choice>            
    </flow>  
</mule>
