<?xml version="1.0" encoding="UTF-8"?>

<mule xmlns:https="http://www.mulesoft.org/schema/mule/https"
	xmlns:splunklogger="http://www.mulesoft.org/schema/mule/splunklogger" xmlns:scripting="http://www.mulesoft.org/schema/mule/scripting" xmlns:tracking="http://www.mulesoft.org/schema/mule/ee/tracking" xmlns:data-mapper="http://www.mulesoft.org/schema/mule/ee/data-mapper" xmlns:json="http://www.mulesoft.org/schema/mule/json" xmlns:mulexml="http://www.mulesoft.org/schema/mule/xml" xmlns:ws="http://www.mulesoft.org/schema/mule/ws" xmlns:http="http://www.mulesoft.org/schema/mule/http" xmlns="http://www.mulesoft.org/schema/mule/core" xmlns:doc="http://www.mulesoft.org/schema/mule/documentation"
	xmlns:spring="http://www.springframework.org/schema/beans" version="EE-3.5.2"
	xmlns:xsi="http://www.w3.org/2001/XMLSchema-instance"
	xsi:schemaLocation="http://www.mulesoft.org/schema/mule/https http://www.mulesoft.org/schema/mule/https/current/mule-https.xsd
http://www.springframework.org/schema/beans http://www.springframework.org/schema/beans/spring-beans-current.xsd
http://www.mulesoft.org/schema/mule/core http://www.mulesoft.org/schema/mule/core/current/mule.xsd
http://www.mulesoft.org/schema/mule/ws http://www.mulesoft.org/schema/mule/ws/current/mule-ws.xsd
http://www.mulesoft.org/schema/mule/http http://www.mulesoft.org/schema/mule/http/current/mule-http.xsd
http://www.mulesoft.org/schema/mule/xml http://www.mulesoft.org/schema/mule/xml/current/mule-xml.xsd
http://www.mulesoft.org/schema/mule/json http://www.mulesoft.org/schema/mule/json/current/mule-json.xsd
http://www.mulesoft.org/schema/mule/ee/data-mapper http://www.mulesoft.org/schema/mule/ee/data-mapper/current/mule-data-mapper.xsd
http://www.mulesoft.org/schema/mule/ee/tracking http://www.mulesoft.org/schema/mule/ee/tracking/current/mule-tracking-ee.xsd
http://www.mulesoft.org/schema/mule/scripting http://www.mulesoft.org/schema/mule/scripting/current/mule-scripting.xsd
http://www.mulesoft.org/schema/mule/splunklogger http://www.mulesoft.org/schema/mule/splunklogger/current/mule-splunklogger.xsd">
  <data-mapper:config name="JSON_To_Xml_taxCalculationRequest_" transformationGraphPath="json_to_xml_taxcalculationrequest_.grf" doc:name="JSON_To_Xml_taxCalculationRequest_"/> 
      <flow name="sabrix_calculate_sales_taxFlow" doc:name="sabrix_calculate_sales_taxFlow">
        <splunklogger:logger config-ref="SplunkLogger" message="${sabrix.input.json.msg}" doc:name="Sabrix JSON request"/>
        <set-variable variableName="DocCode" value="#[json:DocCode]" doc:name="DocCode"/>
        <json:json-to-object-transformer returnClass="java.util.HashMap" doc:name="JSON to HashMap"/>
        <scripting:transformer doc:name="Map Address Info into Sabrix">
            <scripting:script engine="Groovy" file="groovy_scripts/map_sabrix_address.groovy"/>
        </scripting:transformer>
        <json:object-to-json-transformer doc:name="HashMap to JSON"/>
        <splunklogger:logger config-ref="SplunkLogger" doc:name="Converted to JSON" message="${sabrix.address.input.msg}"/>

        <data-mapper:transform config-ref="JSON_To_Xml_taxCalculationRequest_" doc:name="JSON To Xml&lt;taxCalculationRequest&gt;"/>
        <byte-array-to-string-transformer doc:name="Byte Array to String"/>
        <splunklogger:logger config-ref="SplunkLogger" message="${sabrix.input.xml.msg}" doc:name="Log Sabrix request XML"/>
        <set-variable variableName="OriginalMessageId" value="#[message.Id]" doc:name="Variable"/>
        
        <until-successful maxRetries="${sabrix.reconnect.attempts}" millisBetweenRetries="${sabrix.reconnect.freq.millis}" synchronous="true" doc:name="Until Successful">
        <splunklogger:time config-ref="SplunkLogger" message="${sabrix.soap.res.time}"   doc:name="Time execution" destination="#[flowVars['sabrixSoapResTime']]">
               	<ws:consumer config-ref="Web_Service_Consumer_sabrix" operation="CalculateTax" doc:name="Sabrix web service call"/>
         </splunklogger:time>
         </until-successful>
         
        <mulexml:dom-to-xml-transformer doc:name="DOM to XML"/>
        <splunklogger:logger config-ref="SplunkLogger" doc:name="Log Sabrix XML Resposne" message="${sabrix.output.xml.msg}">
        	   <splunklogger:fields>
                <splunklogger:field key="messageId">#[flowVars['OriginalMessageId']]</splunklogger:field>
            </splunklogger:fields>
        </splunklogger:logger>
        
        <json:xml-to-json-transformer doc:name="Sabrix XML to JSON"/>
        <splunklogger:logger config-ref="SplunkLogger" message="${sabrix.response.msg}" doc:name="Log Sabrix JSON response">
        	   <splunklogger:fields>
                <splunklogger:field key="messageId">#[flowVars['OriginalMessageId']]</splunklogger:field>
            </splunklogger:fields>
        </splunklogger:logger>
        <json:json-to-object-transformer returnClass="java.util.HashMap" doc:name="JSON to HashMap"/>
                <choice doc:name="Check IS_SUCCESS - true or false">
				<when expression="#[(payload.get('taxCalculationResponse') != null &amp;&amp; 
        						payload.get('taxCalculationResponse').get('OUTDATA') != null  &amp;&amp; 
        						payload.get('taxCalculationResponse').get('OUTDATA').get('REQUEST_STATUS') != null &amp;&amp;
        					    payload.get('taxCalculationResponse').get('OUTDATA').get('REQUEST_STATUS').get('IS_SUCCESS') == 'true')]"> 
	            <scripting:transformer doc:name="Sucess Response Mapping">
                    <scripting:script engine="Groovy" file="groovy_scripts/map_sabrix_response.groovy"/>
                </scripting:transformer>
                <json:object-to-json-transformer doc:name="Object to JSON"/>
            </when>
            <otherwise>
				<scripting:transformer doc:name="Error Response Mapping">
                    <scripting:script engine="Groovy" file="groovy_scripts/sabrix_error_mapping.groovy">
						<property key="errorCodes" value="${sabrix.address.error.codes}"/>
					</scripting:script>
                </scripting:transformer>
                <json:object-to-json-transformer doc:name="Object to JSON"/>
                <set-property propertyName="http.status" value="400" doc:name="http.status=400"/>
            </otherwise>
        </choice>
        <splunklogger:logger config-ref="SplunkLogger" message="${sabrix.response.json.msg}" doc:name="JSON response">
        	   <splunklogger:fields>
                <splunklogger:field key="messageId">#[flowVars['OriginalMessageId']]</splunklogger:field>
            </splunklogger:fields>
        </splunklogger:logger>
        
         <catch-exception-strategy doc:name="Catch Exception Strategy">
            <splunklogger:logger config-ref="SplunkLogger" message="${exception.in.taxcal.processing}" doc:name="Print Exception">
            	   <splunklogger:fields>
                <splunklogger:field key="messageId">#[flowVars['OriginalMessageId']]</splunklogger:field>
            </splunklogger:fields>
        </splunklogger:logger>
            
            <choice doc:name="Choice">
            		<!-- <when expression="#[flowVars['exMessage'] contains 'RoutingException']"> -->
            		<when expression="#[exception.toString().contains('RoutingException')]">
    	                <splunklogger:logger config-ref="SplunkLogger" message="Connection Exception" doc:name="Connection Exception">
    	                   <splunklogger:fields>
                				<splunklogger:field key="messageId">#[flowVars['OriginalMessageId']]</splunklogger:field>
            					</splunklogger:fields>
        				</splunklogger:logger>
 	                    <set-payload value="${sabrix.connection.500.error}" doc:name="Connection Exception Payload"/>
 	               </when>
    	            <otherwise>
        	            <splunklogger:logger config-ref="SplunkLogger" message="Exception is not Connection Exception" doc:name="Other Exception">
            	           <splunklogger:fields>
                				<splunklogger:field key="messageId">#[flowVars['OriginalMessageId']]</splunklogger:field>
            				</splunklogger:fields>
        				</splunklogger:logger>
                    <set-payload value="${sabrix.connection.other.500.error}" doc:name="Other Exception Payload"/>
                </otherwise>
            </choice>
             <set-property doc:name="http.status=500" propertyName="http.status" value="500"/>
        </catch-exception-strategy>
    </flow> 
</mule>
