<?xml version="1.0" encoding="UTF-8"?>

<mule xmlns:splunklogger="http://www.mulesoft.org/schema/mule/splunklogger" xmlns:sfdc="http://www.mulesoft.org/schema/mule/sfdc" xmlns:data-mapper="http://www.mulesoft.org/schema/mule/ee/data-mapper" xmlns:json="http://www.mulesoft.org/schema/mule/json"
	xmlns:scripting="http://www.mulesoft.org/schema/mule/scripting"
	xmlns="http://www.mulesoft.org/schema/mule/core" xmlns:doc="http://www.mulesoft.org/schema/mule/documentation"
	xmlns:spring="http://www.springframework.org/schema/beans" version="EE-3.5.2"
	xmlns:xsi="http://www.w3.org/2001/XMLSchema-instance"
	xsi:schemaLocation="http://www.mulesoft.org/schema/mule/json http://www.mulesoft.org/schema/mule/json/current/mule-json.xsd
http://www.mulesoft.org/schema/mule/scripting http://www.mulesoft.org/schema/mule/scripting/current/mule-scripting.xsd
http://www.springframework.org/schema/beans http://www.springframework.org/schema/beans/spring-beans-current.xsd
http://www.mulesoft.org/schema/mule/core http://www.mulesoft.org/schema/mule/core/current/mule.xsd
http://www.mulesoft.org/schema/mule/ee/data-mapper http://www.mulesoft.org/schema/mule/ee/data-mapper/current/mule-data-mapper.xsd
http://www.mulesoft.org/schema/mule/sfdc http://www.mulesoft.org/schema/mule/sfdc/current/mule-sfdc.xsd
http://www.mulesoft.org/schema/mule/splunklogger http://www.mulesoft.org/schema/mule/splunklogger/current/mule-splunklogger.xsd">
    <data-mapper:config name="JSON_To_Opportunity" transformationGraphPath="json_to_opportunity.grf" doc:name="JSON_To_Opportunity"/>
    
    <flow name="sfdc_opportunity_put_flow" doc:name="sfdc_opportunity_put_flow" processingStrategy="synchronous">
        <splunklogger:logger config-ref="SplunkLogger" message="${sfdc.oppor.put.input.msg}" doc:name="Input Message - JSON"/>
        <data-mapper:transform config-ref="JSON_To_Opportunity" doc:name="JSON To Opportunity"/>
        <scripting:transformer doc:name="Check for null values">
            <scripting:script engine="Groovy" file="groovy_scripts/check_ sfdc_oppor_null_vals.groovy"/>
        </scripting:transformer>        
        <splunklogger:logger config-ref="SplunkLogger" message="${sfdc.oppor.put.input.msg.oppordata}" doc:name="Oppor Data"/>
        <splunklogger:time config-ref="SplunkLogger" destination="#[flowVars['sfdcUpdOpporTime']]" message="${sfdc.upd.oppor.time}" doc:name="Time execution">
	        <sfdc:update-single config-ref="Salesforce" type="Opportunity" doc:name="Update Opportunity">
		            <sfdc:object ref="#[payload]"/>
		    </sfdc:update-single>
		</splunklogger:time>
        <enricher doc:name="Message Enricher" target="flowVars['sfdcOpporRespJson']">
            <object-to-string-transformer doc:name="Object to String for printing"/>
        </enricher>       
        <splunklogger:logger config-ref="SplunkLogger" message="${oppor.put.sfdc.resp}" doc:name="SFDC Response"/>
        <scripting:transformer doc:name="Prepare Response Map">
            <scripting:script engine="Groovy" file="groovy_scripts/set_resp_for_put_oper.groovy">
                <property key="targetSystem" value="SFDC"/>
                <property key="targetObjectType" value="Opportunity"/>
            </scripting:script>
        </scripting:transformer>
        <json:object-to-json-transformer doc:name="HashMap to JSON"/>
        <splunklogger:logger config-ref="SplunkLogger" message="${sfdc.oppor.put.output.msg}" doc:name="Output Message - JSON"/>
    </flow>
</mule>
