<?xml version="1.0" encoding="UTF-8"?>

<mule xmlns:splunklogger="http://www.mulesoft.org/schema/mule/splunklogger" xmlns:scripting="http://www.mulesoft.org/schema/mule/scripting" xmlns:json="http://www.mulesoft.org/schema/mule/json" xmlns:data-mapper="http://www.mulesoft.org/schema/mule/ee/data-mapper" xmlns:sfdc="http://www.mulesoft.org/schema/mule/sfdc" xmlns:tracking="http://www.mulesoft.org/schema/mule/ee/tracking" xmlns="http://www.mulesoft.org/schema/mule/core" xmlns:doc="http://www.mulesoft.org/schema/mule/documentation"
	xmlns:spring="http://www.springframework.org/schema/beans" version="EE-3.5.2"
	xmlns:xsi="http://www.w3.org/2001/XMLSchema-instance"
	xsi:schemaLocation="http://www.springframework.org/schema/beans http://www.springframework.org/schema/beans/spring-beans-current.xsd
http://www.mulesoft.org/schema/mule/core http://www.mulesoft.org/schema/mule/core/current/mule.xsd
http://www.mulesoft.org/schema/mule/ee/tracking http://www.mulesoft.org/schema/mule/ee/tracking/current/mule-tracking-ee.xsd
http://www.mulesoft.org/schema/mule/sfdc http://www.mulesoft.org/schema/mule/sfdc/current/mule-sfdc.xsd
http://www.mulesoft.org/schema/mule/ee/data-mapper http://www.mulesoft.org/schema/mule/ee/data-mapper/current/mule-data-mapper.xsd
http://www.mulesoft.org/schema/mule/json http://www.mulesoft.org/schema/mule/json/current/mule-json.xsd
http://www.mulesoft.org/schema/mule/scripting http://www.mulesoft.org/schema/mule/scripting/current/mule-scripting.xsd
http://www.mulesoft.org/schema/mule/splunklogger http://www.mulesoft.org/schema/mule/splunklogger/current/mule-splunklogger.xsd">
    <data-mapper:config name="JSON_To_JSON" transformationGraphPath="json_to_json.grf" doc:name="JSON_To_JSON"/>
    <data-mapper:config name="JSON_To_JSON_1" transformationGraphPath="json_to_json_2.grf" doc:name="JSON_To_JSON_1"/>
    <data-mapper:config name="JSON_To_JSON_1JSON_To_JSON_2" transformationGraphPath="json_to_json_3.grf" doc:name="JSON_To_JSON_1JSON_To_JSON_2"/>
    <flow name="sfdc_customer_put_Flow" doc:name="sfdc_customer_put_Flow">
        <splunklogger:logger config-ref="SplunkLogger" message="${sfdc.customer.put.input.msg}" doc:name="Input Message - Json"/>

        <set-variable variableName="email" value="#[json:email]" doc:name="Set  Email Id"/>
        <enricher target="flowVars['leadAddInputMap']" doc:name="Message Enricher">
            <json:json-to-object-transformer returnClass="java.util.HashMap" doc:name="JSON to HashMap"/>
        </enricher>
        <set-variable variableName="currentPayload" value="#[payload]" doc:name="Save the current payload"/>
        <flow-ref name="sfdc_lead_get_Flow" doc:name="Query Lead for Email"/>
        <set-variable variableName="leadId" value="#[json:crmId]" doc:name="Set to Id"/>
        <set-variable variableName="convertedContactId" value="#[json:ConvertedContactId]" doc:name="Set to ConvertedContactId"/>
        <splunklogger:logger config-ref="SplunkLogger" message="The ID is #[json:crmId] and ConvertedContactId  : #[json:ConvertedContactId]" doc:name="CRM Ids"/>
        <choice doc:name="Choice (If Lead exist)">
            <when expression="#[flowVars['leadId'] != null &amp;&amp; flowVars['convertedContactId'] ==null]">
                <splunklogger:logger config-ref="SplunkLogger" message="${sfdc.cust.put.lead.exist}" doc:name="Lead Exist. Update Lead"/>
                <data-mapper:transform config-ref="JSON_To_JSON" input-ref="#[flowVars[&quot;currentPayload&quot;]]" doc:name="JSON To JSON">
                    <data-mapper:input-arguments>
                        <data-mapper:input-argument key="ID">#[variable:leadId]</data-mapper:input-argument>
                    </data-mapper:input-arguments>
                </data-mapper:transform>
                <flow-ref name="sfdc_lead_post_flow" doc:name="Call flow to Update Lead"/>
            </when>
            <otherwise>
                <splunklogger:logger config-ref="SplunkLogger" message="${sfdc.cust.put.lead.not.exist}" doc:name="Lead do not exist. Query Contact"/>
                <choice doc:name="If ConvertedContactId exist">
                    <when expression="#[variable:convertedContactId  != null]">
                        <set-variable variableName="contactId" value="#[variable:convertedContactId]" doc:name="Set to Id"/>
                    </when>
                    <otherwise>
                        <flow-ref name="sfdc_contact_get_flow" doc:name="Query Contact"/>
                        <splunklogger:logger config-ref="SplunkLogger" message="${sfdc.cust.put.contact.id.msg}" doc:name="Get Contact Response"/>
                        <set-variable variableName="contactId" value="#[json:crossReferences/crmId]" doc:name="Set to Id"/>
                    </otherwise>
                </choice>
                <choice doc:name="Choice">
                    <when expression="#[variable:contactId != null]">
                        <splunklogger:logger config-ref="SplunkLogger" message="${sfdc.cust.put.contact.exist}" doc:name="Contact Exist. Update Contact"/>
                        <data-mapper:transform config-ref="JSON_To_JSON_1JSON_To_JSON_2" input-ref="#[flowVars[&quot;currentPayload&quot;]]" doc:name="JSON To JSON">
                            <data-mapper:input-arguments>
                                <data-mapper:input-argument key="ID">#[variable:contactId]</data-mapper:input-argument>
                            </data-mapper:input-arguments>
                        </data-mapper:transform>
                        <flow-ref name="sfdc_contact_put_flow" doc:name="Update Conatct"/>
                    </when>
                    <otherwise>
                        <splunklogger:logger config-ref="SplunkLogger" message="${sfdc.cust.put.contact.not.exist}" doc:name="Contact do not exist. Create Lead"/>
                        <data-mapper:transform config-ref="JSON_To_JSON_1" input-ref="#[flowVars[&quot;currentPayload&quot;]]" doc:name="JSON To JSON"/>
                        <flow-ref name="sfdc_lead_post_flow" doc:name="Create Lead"/>
                    </otherwise>
                </choice>
            </otherwise>
        </choice>
        <splunklogger:logger config-ref="SplunkLogger" message="${sfdc.output.msg}" doc:name="Ouput Message - Json"/>
    </flow>
</mule>
