<?xml version="1.0" encoding="UTF-8"?>

<mule xmlns:scripting="http://www.mulesoft.org/schema/mule/scripting" xmlns:data-mapper="http://www.mulesoft.org/schema/mule/ee/data-mapper" xmlns:sfdc="http://www.mulesoft.org/schema/mule/sfdc" xmlns:json="http://www.mulesoft.org/schema/mule/json" xmlns:splunklogger="http://www.mulesoft.org/schema/mule/splunklogger" xmlns:tracking="http://www.mulesoft.org/schema/mule/ee/tracking" xmlns="http://www.mulesoft.org/schema/mule/core" xmlns:doc="http://www.mulesoft.org/schema/mule/documentation"
	xmlns:spring="http://www.springframework.org/schema/beans" version="EE-3.5.1"
	xmlns:xsi="http://www.w3.org/2001/XMLSchema-instance"
	xsi:schemaLocation="http://www.springframework.org/schema/beans http://www.springframework.org/schema/beans/spring-beans-current.xsd
http://www.mulesoft.org/schema/mule/core http://www.mulesoft.org/schema/mule/core/current/mule.xsd
http://www.mulesoft.org/schema/mule/splunklogger http://www.mulesoft.org/schema/mule/splunklogger/current/mule-splunklogger.xsd
http://www.mulesoft.org/schema/mule/ee/tracking http://www.mulesoft.org/schema/mule/ee/tracking/current/mule-tracking-ee.xsd
http://www.mulesoft.org/schema/mule/sfdc http://www.mulesoft.org/schema/mule/sfdc/current/mule-sfdc.xsd
http://www.mulesoft.org/schema/mule/ee/data-mapper http://www.mulesoft.org/schema/mule/ee/data-mapper/current/mule-data-mapper.xsd
http://www.mulesoft.org/schema/mule/scripting http://www.mulesoft.org/schema/mule/scripting/current/mule-scripting.xsd
http://www.mulesoft.org/schema/mule/json http://www.mulesoft.org/schema/mule/json/current/mule-json.xsd">
    <data-mapper:config name="Map_To_JSON_Contact" transformationGraphPath="map_to_json_3.grf" doc:name="Map_To_JSON"/>
    <flow name="sfdc_customer_get_flow" doc:name="sfdc_customer_get_flow">
        <splunklogger:logger config-ref="SplunkLogger" message="Input Message to Get Customer.  Email: #[flowVars['email']] and Id: #[flowVars['crmId']]" doc:name="Input message"/>
        <choice doc:name="check input">
            <when expression="#[flowVars['crmId'] == null &amp;&amp; flowVars['email'] == null]">
                <splunklogger:logger config-ref="SplunkLogger" message="Search Parameters are not provided" doc:name="Search Parameters are not provided"/>
            </when>
            <otherwise>
                <splunklogger:logger config-ref="SplunkLogger" message="Search Parameters are provided" doc:name="Search Parameters are provided"/>
                <flow-ref name="sfdc_lead_get_Flow" doc:name="Query Lead"/>
                <splunklogger:logger config-ref="SplunkLogger" message="Output from Get Lead #[json:crmId]" doc:name="Output from Get Lead"/>
                <set-variable variableName="leadCrmId" value="#[json:crmId]" doc:name="Variable"/>
                <choice doc:name="Choice">
                    <when expression="#[flowVars['leadCrmId'] != null]">
                        <splunklogger:logger config-ref="SplunkLogger" message="Lead is present" doc:name="Lead is present"/>
                        <json:json-to-object-transformer returnClass="java.util.HashMap" doc:name="JSON to Object"/>
                        <set-variable variableName="leadResp" value="#[payload]" doc:name="Variable"/>
                        <sfdc:query-all config-ref="Salesforce" query="${sfdc.web.activity.lead.soql}" doc:name="Salesforce"/>
                        <set-variable variableName="webResp" value="#[payload]" doc:name="Variable"/>
                        <scripting:component doc:name="Groovy">
                            <scripting:script engine="Groovy"><![CDATA[import java.util.HashMap;
import java.util.ArrayList;

webActivity = flowVars['webResp']
leadResponse = flowVars['leadResp']

HashMap<String,String> webMap = null
ArrayList downloadList = new ArrayList()
for (respMap in webActivity){
webMap = new HashMap<String,String>()
webMap.put('CreatedDate',respMap.get('CreatedDate'))
webMap.put('Architecture',respMap.get('Architecture__c'))
webMap.put('Activity',respMap.get('Activity__c'))
webMap.put('App_Downloaded',respMap.get('App_Downloaded__c'))
webMap.put('City',respMap.get('City__c'))
webMap.put('Country',respMap.get('Country__c'))
webMap.put('Description',respMap.get('Description__c'))
webMap.put('IP_Address',respMap.get('IP_Address__c'))
webMap.put('Platform',respMap.get('Platform__c'))
webMap.put('Version',respMap.get('Version__c'))
downloadList.add(webMap)
}
if (downloadList.size() > 0 ) {
leadResponse.put('downLoadInfo',downloadList)
}
return leadResponse]]></scripting:script>
                        </scripting:component>
                        <json:object-to-json-transformer doc:name="Object to JSON"/>
                        <splunklogger:logger config-ref="SplunkLogger" message="#[payload]" doc:name="Logger"/>
                    </when>
                    <otherwise>
                        <splunklogger:logger config-ref="SplunkLogger" message="Lead is not present. Query Contact" doc:name="Lead is not present. Query Contact"/>
                        <message-properties-transformer doc:name="Message Properties">
                            <add-message-property key="http.status" value="200"/>
                            <add-message-property key="Content-Type" value="application/json"/>
                        </message-properties-transformer>
                        <scripting:transformer doc:name="Create where clause for SFDC query">
            <scripting:script engine="Groovy" file="groovy_scripts/prepare_sfdc_get_contact_where_clause.groovy"/>
        </scripting:transformer>
        <splunklogger:logger config-ref="SplunkLogger" message="${sfdc.contact.get.soql}" doc:name="SFDC Get Contact Query"/>
        <splunklogger:time config-ref="SplunkLogger" destination="#[flowVars['getContactTime']]" message="${sfdc.get.contact.time}" doc:name="Time execution">
            <sfdc:query-single config-ref="Salesforce" query="${sfdc.contact.get.soql}" doc:name="Get Contact"/>
        </splunklogger:time>
                        <choice doc:name="Choice">
                            <when expression="#[payload instanceof org.mule.transport.NullPayload]">
                                <splunklogger:logger config-ref="SplunkLogger" message="Contact does not exits" doc:name="Contact does not exits"/>
                                <message-properties-transformer doc:name="Message Properties">
                    <add-message-property key="http.status" value="404"/>
                    <add-message-property key="Content-Type" value="application/json"/>
                </message-properties-transformer>

                <set-payload value="${payload.null.case.error.json.response}" doc:name="Set Payload"/>
                <json:object-to-json-transformer doc:name="Object to JSON"/>
                            </when>
                            <otherwise>
                                <splunklogger:logger config-ref="SplunkLogger" message="Contact exits" doc:name="Contact exits"/>
                                <data-mapper:transform config-ref="Map_To_JSON_Contact" doc:name="Map To JSON"/>
                                <json:json-to-object-transformer returnClass="java.util.HashMap" doc:name="JSON to Object"/>
                                <set-variable variableName="contactCrmId" value="#[payload.get('crmId')]" doc:name="Variable"/>
                                <set-variable variableName="contactResp" value="#[payload]" doc:name="Variable"/>
                                <splunklogger:logger config-ref="SplunkLogger" message="Query Web Activity" doc:name="Query Web Activity"/>
                                <sfdc:query-all config-ref="Salesforce" query="${sfdc.web.activity.contact.soql}" doc:name="Salesforce"/>
                                <set-variable variableName="webResp" value="#[payload]" doc:name="Variable"/>
                                <scripting:component doc:name="Groovy">
                                    <scripting:script engine="Groovy"><![CDATA[import java.util.HashMap;
import java.util.ArrayList;

webActivity = flowVars['webResp']
leadResponse = flowVars['contactResp']

HashMap<String,String> webMap = null
ArrayList downloadList = new ArrayList()
for (respMap in webActivity){
webMap = new HashMap<String,String>()
webMap.put('CreatedDate',respMap.get('CreatedDate'))
webMap.put('Architecture',respMap.get('Architecture__c'))
webMap.put('Activity',respMap.get('Activity__c'))
webMap.put('App_Downloaded',respMap.get('App_Downloaded__c'))
webMap.put('City',respMap.get('City__c'))
webMap.put('Country',respMap.get('Country__c'))
webMap.put('Description',respMap.get('Description__c'))
webMap.put('IP_Address',respMap.get('IP_Address__c'))
webMap.put('Platform',respMap.get('Platform__c'))
webMap.put('Version',respMap.get('Version__c'))
downloadList.add(webMap)
}
if (downloadList.size() > 0 ) {
leadResponse.put('downLoadInfo',downloadList)
}
return leadResponse

]]></scripting:script>
                                </scripting:component>
                                <json:object-to-json-transformer doc:name="Object to JSON"/>
                                <splunklogger:logger config-ref="SplunkLogger" message="Output from get contact #[payload] " doc:name="Output from Get contact"/>
                            </otherwise>
                        </choice>
                    </otherwise>
                </choice>
            </otherwise>
        </choice>
    </flow>
</mule>
