<?xml version="1.0" encoding="UTF-8"?>

<mule xmlns:vm="http://www.mulesoft.org/schema/mule/vm"
	xmlns:json="http://www.mulesoft.org/schema/mule/json"
	xmlns:objectstore="http://www.mulesoft.org/schema/mule/objectstore"
	xmlns:splunklogger="http://www.mulesoft.org/schema/mule/splunklogger"
	xmlns:scripting="http://www.mulesoft.org/schema/mule/scripting"
	xmlns:https="http://www.mulesoft.org/schema/mule/https" xmlns:tracking="http://www.mulesoft.org/schema/mule/ee/tracking" xmlns="http://www.mulesoft.org/schema/mule/core"
	xmlns:doc="http://www.mulesoft.org/schema/mule/documentation"
	xmlns:spring="http://www.springframework.org/schema/beans" version="EE-3.5.2"
	xmlns:xsi="http://www.w3.org/2001/XMLSchema-instance"
	xsi:schemaLocation="http://www.mulesoft.org/schema/mule/json http://www.mulesoft.org/schema/mule/json/current/mule-json.xsd
http://www.mulesoft.org/schema/mule/splunklogger http://www.mulesoft.org/schema/mule/splunklogger/current/mule-splunklogger.xsd
http://www.mulesoft.org/schema/mule/vm http://www.mulesoft.org/schema/mule/vm/current/mule-vm.xsd
http://www.mulesoft.org/schema/mule/https http://www.mulesoft.org/schema/mule/https/current/mule-https.xsd
http://www.mulesoft.org/schema/mule/ee/tracking http://www.mulesoft.org/schema/mule/ee/tracking/current/mule-tracking-ee.xsd
http://www.mulesoft.org/schema/mule/objectstore http://www.mulesoft.org/schema/mule/objectstore/current/mule-objectstore.xsd
http://www.mulesoft.org/schema/mule/scripting http://www.mulesoft.org/schema/mule/scripting/current/mule-scripting.xsd
http://www.springframework.org/schema/beans http://www.springframework.org/schema/beans/spring-beans-current.xsd
http://www.mulesoft.org/schema/mule/core http://www.mulesoft.org/schema/mule/core/current/mule.xsd">

    <flow name="sfdc_order_cancel_obm_notif_flow" doc:name="sfdc_order_cancel_obm_notif_flow">
		<https:inbound-endpoint exchange-pattern="request-response"
			address="https://localhost:${https.endpoint.port}/notif/cancelCashSale"
			connector-ref="HTTPS_Conn" doc:name="HTTPS: Receive SFDC Order Cancel Notif OBM"
			responseTimeout="120000" />
		<object-to-string-transformer doc:name="Object to String" />
		<splunklogger:logger config-ref="SplunkLogger"
			message="${sfdc.obm.input}" doc:name="Input OBM" />
		<scripting:transformer doc:name="Set Payload Data for Error Log">
			<scripting:script engine="Groovy"
				file="groovy_scripts/set_payload_data_for_error_log.groovy">
				<property key="objectTypeVal" value="CashSale" />
				<property key="targetSystemVal" value="NetSuite" />
				<property key="operationTypeVal" value="Process SFDC Order Cancel OBM and Cancel NS CS" />
				<property key="processNameVal" value="Cancel NetSuite CashSale" />
				<property key="errorTypeVal" value="Cloudhub" />
				<property key="recordTypeIdVal" value="${error.log.record.type.id}" />
				<property key="functionalModuleVal" value="${ns.cs.fail.default.func.value}" />
				<property key="isSourceTargetIdsValid" value="false" />
			</scripting:script>
		</scripting:transformer>
		<scripting:transformer doc:name="Parse SFDC OBM">
			<scripting:script engine="Groovy"
				file="groovy_scripts/parse_sfdc_order_cancel_obm.groovy">
			</scripting:script>
		</scripting:transformer>
        <foreach  doc:name="For Each">
            <flow-ref name="sfdc_order_cancel_obm_process_flow" doc:name="Process each Notification in OBM"/>
	        <choice doc:name="Is NS CS Resp Success?">
	        	<when expression="#[flowVars['isCSCancelled'] == 'true']">	            	
	      			<splunklogger:logger config-ref="SplunkLogger" message="${sfdc.ordercancel.process.success.counter}" doc:name="Processing Success"/>
	    		</when>
	        	<otherwise>	            	
					<splunklogger:logger config-ref="SplunkLogger" message="${sfdc.ordercancel.process.fail.counter}" doc:name="Processing failed"/>
	    			<set-variable variableName="isAnyofCSFailed" value="#[true]" doc:name="Is Any CS Failed"/>								
	        	</otherwise>
	        </choice>            
        </foreach>
        <choice doc:name="Is Any NS CS Resp Failed?">
        	<when expression="#[flowVars['isAnyofCSFailed']]">
				<splunklogger:logger config-ref="SplunkLogger" message="${sfdc.ordercancel.obm.process.fail}" doc:name="Processing failed"/>
    			<parse-template location="sfdc_obm_resp_templates/failure_response.txt" doc:name="OBM Failure Response Template"/>
    			<set-property propertyName="http.status" value="500" doc:name="Property"/>        	
    		</when>
        	<otherwise>	            	
            	<parse-template location="sfdc_obm_resp_templates/success_response.txt" doc:name="OBM Success Response Template"/>
      			<splunklogger:logger config-ref="SplunkLogger" message="${sfdc.ordercancel.obm.process.success}" doc:name="Processing Success"/>								
        	</otherwise>
        </choice>
		              	        
        <catch-exception-strategy doc:name="Catch Exception Strategy">
        	<splunklogger:logger config-ref="SplunkLogger" message="${exception.in.obm.processing}" doc:name="Exception Message" severity="ERROR"/>
        	<objectstore:remove config-ref="CancelOrderObjStore" key="#[flowVars['sfdcSubscripId']]" doc:name="ObjectStore-Removes Subscrip Id" ignoreNotExists="true" />
            <vm:outbound-endpoint exchange-pattern="one-way" path="sfdcErrorLogQueue" doc:name="Send to SFDC Error Log queue" connector-ref="ErrorMessagesVM"/>
            
            <set-variable variableName="subscripErrorMsg" value="#[exception.getCauseException().getMessage()]" doc:name="SubScrip Error Msg - Other"/>
			<scripting:transformer doc:name="Prepare SFDC Subscrip Upd Msg">
	       		<scripting:script engine="Groovy" file="groovy_scripts/prep_subscrip_upd_with_ns_sync.groovy" >
	       			<property key="isErrorFlow" value="true" />
	       		</scripting:script>
	   		</scripting:transformer> 
	        <json:object-to-json-transformer doc:name="HashMap to JSON"/>
			<flow-ref name="sfdc_subscriptionpayment_put_async_flow" doc:name="Put SFDC SubscriptionPayment Async"/>             
            <splunklogger:logger config-ref="SplunkLogger" message="${sfdc.subscrip.put.resp}" doc:name="SFDC Upd Response"/>
			
			<scripting:transformer doc:name="Identify is it NS data error">
	            <scripting:script engine="Groovy" file="groovy_scripts/identify_is_it_NS_data_error.groovy">
	                <property key="errorstrfornsdataerror" value="${error.string.for.ns.data.error}"/>            
	            </scripting:script>
	        </scripting:transformer>		
			
        	<choice doc:name="Is Data Validation Error?">
	        	<when expression="#[sessionVars['dataValidationError']==null || !sessionVars['dataValidationError']]">
	        		<parse-template location="sfdc_obm_resp_templates/failure_response.txt" doc:name="OBM Failure Response Template"/>
	        		<set-property propertyName="http.status" value="500" doc:name="HTTP Status to 500"/>
	        	</when>
	            <otherwise>
	            	<parse-template location="sfdc_obm_resp_templates/success_response.txt" doc:name="OBM Success Response Template"/>
	            </otherwise>
            </choice>	
        </catch-exception-strategy>               
    </flow>

	<sub-flow name="sfdc_order_cancel_obm_process_flow" doc:name="sfdc_order_cancel_obm_process_flow">
        <scripting:transformer doc:name="SFDC Order Cancel Data from OBM">
            <scripting:script engine="Groovy" file="groovy_scripts/sfdc_order_cancel_obm_data.groovy" /> 
        </scripting:transformer>
		<splunklogger:logger config-ref="SplunkLogger"
			message="${incoming.subscriptionpayment.id}" doc:name="SubscriptionPayment Id" />
		<enricher target="flowVars['isDuplicateSubscripId']" doc:name="Message Enricher">
			<objectstore:contains config-ref="CancelOrderObjStore"
				key="#[payload]" doc:name="ObjectStore-Contains Subscrip Id?" />
		</enricher>

		<choice doc:name="Is Subscrip Id present in Obj Store?">
			<when expression="#[flowVars['isDuplicateSubscripId']]">
				<splunklogger:logger config-ref="SplunkLogger"
					message="${subscriptionpayment.in.obj.store}" doc:name="Present" />
				<parse-template
					location="sfdc_obm_resp_templates/order_cancel_id_in_cache_response.txt"
					doc:name="OBM processing in progress" />
				<set-property propertyName="http.status" value="500"
					doc:name="HTTP Status to 500" />
			</when>
			<otherwise>
				<splunklogger:logger config-ref="SplunkLogger"
					message="${subscripid.not.in.obj.store}" doc:name="Not Present" />
				<objectstore:store config-ref="CancelOrderObjStore" key="#[payload]"
					value-ref="#[&quot;CS&quot;]" doc:name="ObjectStore-Store Subscrip Id" />

				<choice doc:name="Is NS CS Id  present ?">
					<when expression="#[flowVars['sfdcReqMap'].get('cashSaleNetSuiteId') == null || flowVars['sfdcReqMap'].get('cashSaleNetSuiteId') == '']">
						<splunklogger:time config-ref="SplunkLogger"
							destination="#[flowVars['nsGetCashSaleFlowTime']]" message="${ns.get.cashsale.flow.time}"
							doc:name="Time execution">
							<flow-ref name="ns_cashsale_get_flow" doc:name="Find NS CS Id" />
						</splunklogger:time>
					
						<json:json-to-object-transformer
							returnClass="java.util.HashMap" doc:name="JSON to HashMap" />
						<scripting:transformer doc:name="Update SFDC payload with NS CS Id">
							<scripting:script engine="Groovy"
								file="groovy_scripts/upd_sfdc_payload_ns_cs_cancel_id.groovy" />
						</scripting:transformer>
					</when>
					<otherwise>
						<splunklogger:logger config-ref="SplunkLogger"
							message="CashSale already created" doc:name="CS present" />
						<set-variable variableName="isNSCSIdExists" value="#[true]"
							doc:name="NS CashSale Id Exists" />
					</otherwise>
				</choice>

				 <choice doc:name="Is NS Cash Sale Exists?">
					<when expression="#[flowVars['isNSCSIdExists']==null]">
						<splunklogger:logger config-ref="SplunkLogger"
							message="NS CashSale Not Exists" doc:name="Not Exists" />
						<parse-template
							location="sfdc_obm_resp_templates/order_cancel_nocashsale_id_response.txt"
							doc:name="OBM processing in progress" />
						<set-property propertyName="http.status" value="500"
							doc:name="HTTP Status to 500" />
					</when>		
						<otherwise>
                        	<set-payload value="#[flowVars['sfdcReqMap']]" doc:name="Set Payload"/>
	
		                   <splunklogger:time  config-ref="SplunkLogger"
							destination="#[flowVars['nsCSFlowTime']]" message="${ns.cs.flow.time}"
							doc:name="Time execution">
							<flow-ref name="ns_cashsale_put_flow" doc:name="Invoke NS Cash Sales Cancel Flow" />
						</splunklogger:time>
						
						<scripting:transformer doc:name="Prepare Response Map">
				            <scripting:script engine="Groovy" file="groovy_scripts/set_resp_for_put_oper.groovy">
				            	<property value="NS" key="targetSystem" />
				            	<property value="CashSale" key="targetObjectType" />
				            </scripting:script>
				        </scripting:transformer> 	
				        <json:object-to-json-transformer doc:name="HashMap to JSON"/>
						
						<object-to-string-transformer
							doc:name="JSON Object to String" />
						<splunklogger:logger config-ref="SplunkLogger"
							message="${ns.cs.create.rest.resp}" doc:name="NS Cash Sale REST Response" />
						<json:json-to-object-transformer
							returnClass="java.util.HashMap" doc:name="JSON to HashMap" />
						<choice doc:name="Is NS CashSale Resp Success?">
							<when
								expression="#[payload.get('objectId') == null || payload.get('objectId') == '']">
								<splunklogger:logger config-ref="SplunkLogger"
									message="CashSale Cancel Process Failed" doc:name="Processing Failed" />
								<set-variable doc:name="Is CashSale Cancelled" value="false"
									variableName="isCSCancelled" />
							</when>
							<otherwise>
								<splunklogger:logger config-ref="SplunkLogger"
									message="CashSale Cancel Process Succeeded" doc:name="Processing Succeeded" />
								<set-variable doc:name="Is CashSale Cancelled" value="true"
									variableName="isCSCancelled" />
							</otherwise>
						</choice>
						
						<scripting:transformer doc:name="Prepare SFDC subscrip Upd Msg">
				       		<scripting:script engine="Groovy" file="groovy_scripts/prep_subscrip_upd_with_ns_sync.groovy">
				       			<property key="isErrorFlow" value="false" />
				       		</scripting:script>
				   		</scripting:transformer>
						<json:object-to-json-transformer doc:name="HashMap to JSON"/>
						<flow-ref name="sfdc_subscriptionpayment_put_async_flow" doc:name="Put SFDC SubscriptionPayment Async"/>  	
						<splunklogger:logger config-ref="SplunkLogger" message="${sfdc.subscrip.put.resp}" doc:name="SFDC Upd Response"/>
						<objectstore:remove config-ref="CancelOrderObjStore"
							key="#[flowVars['sfdcSubscripId']]" doc:name="ObjectStore-Removes SubscripId" />

					</otherwise>
				</choice> 
			</otherwise>
		</choice>
	</sub-flow>
</mule>
