<?xml version="1.0" encoding="UTF-8"?>

<mule xmlns:splunklogger="http://www.mulesoft.org/schema/mule/splunklogger" xmlns:scripting="http://www.mulesoft.org/schema/mule/scripting" xmlns:sfdc="http://www.mulesoft.org/schema/mule/sfdc" xmlns:tracking="http://www.mulesoft.org/schema/mule/ee/tracking" xmlns="http://www.mulesoft.org/schema/mule/core" xmlns:doc="http://www.mulesoft.org/schema/mule/documentation"
	xmlns:spring="http://www.springframework.org/schema/beans" version="EE-3.5.2"
	xmlns:xsi="http://www.w3.org/2001/XMLSchema-instance"
	xsi:schemaLocation="http://www.springframework.org/schema/beans http://www.springframework.org/schema/beans/spring-beans-current.xsd
http://www.mulesoft.org/schema/mule/core http://www.mulesoft.org/schema/mule/core/current/mule.xsd
http://www.mulesoft.org/schema/mule/splunklogger http://www.mulesoft.org/schema/mule/splunklogger/current/mule-splunklogger.xsd
http://www.mulesoft.org/schema/mule/ee/tracking http://www.mulesoft.org/schema/mule/ee/tracking/current/mule-tracking-ee.xsd
http://www.mulesoft.org/schema/mule/sfdc http://www.mulesoft.org/schema/mule/sfdc/current/mule-sfdc.xsd
http://www.mulesoft.org/schema/mule/scripting http://www.mulesoft.org/schema/mule/scripting/current/mule-scripting.xsd">
    <flow name="sfdc_product_pricebook_lookup_flow" doc:name="sfdc_product_pricebook_lookup_flow">
        <splunklogger:logger config-ref="SplunkLogger" message="${sfdc.product.id.lookup.input.msg}" doc:name="Logger"/>
        <splunklogger:time config-ref="SplunkLogger" destination="#[flowVars['sfdcProductNameLookupTime']]" message="sfdc.product.name.lookup.time" doc:name="Time execution">
            <sfdc:query-single config-ref="Salesforce" query="${sfdc.product.pricebook.name.lookup.soql}" doc:name="Salesforce"/>
        </splunklogger:time>
        <splunklogger:logger config-ref="SplunkLogger" message="${sfdc.product.id.lookup.sfdc.resp}" doc:name="Logger"/>
        <scripting:component doc:name="Groovy">
            <scripting:script engine="Groovy"><![CDATA[
java.util.HashMap sfdcProductIdValMap = new java.util.HashMap()
if(payload instanceof org.mule.transport.NullPayload){
	return null
}
if (payload !=null && payload.get('Id')!=null){
	sfdcProductIdValMap.put('sfdcProductNameIdVal', payload.get('Id'))
} else {
	sfdcProductIdValMap.put('sfdcProductNameIdVal', null)
}
return sfdcProductIdValMap

]]></scripting:script>
        </scripting:component>
        <splunklogger:logger config-ref="SplunkLogger" message="${sfdc.product.id.lookup.output.msg}" doc:name="Logger"/>
    </flow>
</mule>
