<?xml version="1.0" encoding="UTF-8"?>

<mule xmlns:data-mapper="http://www.mulesoft.org/schema/mule/ee/data-mapper" xmlns:vm="http://www.mulesoft.org/schema/mule/vm"
	xmlns:splunklogger="http://www.mulesoft.org/schema/mule/splunklogger" xmlns:mulexml="http://www.mulesoft.org/schema/mule/xml" xmlns:netsuite="http://www.mulesoft.org/schema/mule/netsuite" xmlns:objectstore="http://www.mulesoft.org/schema/mule/objectstore" xmlns:tracking="http://www.mulesoft.org/schema/mule/ee/tracking" xmlns:json="http://www.mulesoft.org/schema/mule/json"
	xmlns:cxf="http://www.mulesoft.org/schema/mule/cxf"
	xmlns:scripting="http://www.mulesoft.org/schema/mule/scripting"
	xmlns:context="http://www.springframework.org/schema/context"
	xmlns:https="http://www.mulesoft.org/schema/mule/https"
	xmlns="http://www.mulesoft.org/schema/mule/core" xmlns:doc="http://www.mulesoft.org/schema/mule/documentation"
	xmlns:spring="http://www.springframework.org/schema/beans" version="EE-3.5.2"
	xmlns:xsi="http://www.w3.org/2001/XMLSchema-instance"
	xsi:schemaLocation="http://www.mulesoft.org/schema/mule/vm http://www.mulesoft.org/schema/mule/vm/current/mule-vm.xsd
http://www.mulesoft.org/schema/mule/json http://www.mulesoft.org/schema/mule/json/current/mule-json.xsd
http://www.mulesoft.org/schema/mule/cxf http://www.mulesoft.org/schema/mule/cxf/current/mule-cxf.xsd
http://www.mulesoft.org/schema/mule/scripting http://www.mulesoft.org/schema/mule/scripting/current/mule-scripting.xsd
http://www.springframework.org/schema/context http://www.springframework.org/schema/context/spring-context-current.xsd
http://www.mulesoft.org/schema/mule/https http://www.mulesoft.org/schema/mule/https/current/mule-https.xsd
http://www.springframework.org/schema/beans http://www.springframework.org/schema/beans/spring-beans-current.xsd
http://www.mulesoft.org/schema/mule/core http://www.mulesoft.org/schema/mule/core/current/mule.xsd
http://www.mulesoft.org/schema/mule/ee/tracking http://www.mulesoft.org/schema/mule/ee/tracking/current/mule-tracking-ee.xsd
http://www.mulesoft.org/schema/mule/objectstore http://www.mulesoft.org/schema/mule/objectstore/current/mule-objectstore.xsd
http://www.mulesoft.org/schema/mule/netsuite http://www.mulesoft.org/schema/mule/netsuite/current/mule-netsuite.xsd
http://www.mulesoft.org/schema/mule/xml http://www.mulesoft.org/schema/mule/xml/current/mule-xml.xsd
http://www.mulesoft.org/schema/mule/splunklogger http://www.mulesoft.org/schema/mule/splunklogger/current/mule-splunklogger.xsd
http://www.mulesoft.org/schema/mule/ee/data-mapper http://www.mulesoft.org/schema/mule/ee/data-mapper/current/mule-data-mapper.xsd">
    <flow name="sfdc_account_obm_notif_flow" doc:name="sfdc_account_obm_notif_flow">
        <https:inbound-endpoint exchange-pattern="request-response" address="https://localhost:${https.endpoint.port}/notif/syncAccount" connector-ref="HTTPS_Conn" doc:name="HTTPS: Receive SFDC Account Notif OBM" responseTimeout="120000"/>
        <object-to-string-transformer doc:name="Object to String"/>
        <splunklogger:logger config-ref="SplunkLogger" message="${sfdc.obm.input}" doc:name="Input OBM"/>
        <scripting:transformer doc:name="Set Payload Data for Error Log">
            <scripting:script engine="Groovy" file="groovy_scripts/set_payload_data_for_error_log.groovy">
                <property key="objectTypeVal" value="Account"/>
                <property key="targetSystemVal" value="NetSuite"/>
                <property key="operationTypeVal" value="Process SFDC Account OBM and update NS Account"/>
                <property key="processNameVal" value="Create/Update NetSuite Account"/>
                <property key="errorTypeVal" value="Cloudhub"/>
                <property key="recordTypeIdVal" value="${error.log.record.type.id}"/>
                <property key="functionalModuleVal" value="Hangman"/>  
                <property key="isSourceTargetIdsValid" value="false"/>              
            </scripting:script>
        </scripting:transformer>        
        <scripting:transformer doc:name="Parse SFDC OBM">
            <scripting:script engine="Groovy" file="groovy_scripts/parse_sfdc_acc_obm.groovy"/>
        </scripting:transformer>
        <foreach  doc:name="For Each">
            <flow-ref name="sfdc_account_obm_process_flow" doc:name="Process each Notification in OBM"/>
        </foreach>
		<parse-template location="sfdc_obm_resp_templates/success_response.txt" doc:name="OBM Success Response Template"/>
		<splunklogger:logger config-ref="SplunkLogger" message="${sfdc.acc.obm.process.success}" doc:name="Processing Success"/>
				        
        <catch-exception-strategy doc:name="Catch Exception Strategy">
        	<splunklogger:logger config-ref="SplunkLogger" message="${exception.in.obm.processing}" doc:name="Exception Message" severity="ERROR"/>
            <objectstore:remove config-ref="ObjectStore" key="#[flowVars['sfdcAccTimestamp']]" doc:name="ObjectStore-Removes Account Timestamp" ignoreNotExists="true" />
            <vm:outbound-endpoint exchange-pattern="one-way" path="sfdcErrorLogQueue" doc:name="Send to SFDC Error Log queue" connector-ref="ErrorMessagesVM"/>
			<scripting:transformer doc:name="Prepare SFDC Account Upd Msg">
	       		<scripting:script engine="Groovy" file="groovy_scripts/prep_acc_upd_with_ns_push.groovy"/>
	   		</scripting:transformer> 
	        <json:object-to-json-transformer doc:name="HashMap to JSON"/>
			<flow-ref name="sfdc_account_put_async_flow" doc:name="Put SFDC Account Async"/>   	
			<splunklogger:logger config-ref="SplunkLogger" message="${sfdc.account.put.resp}" doc:name="SFDC Upd Response"/>

			<!-- START: Fix for CPQ-435 -->
			<scripting:transformer doc:name="Identify is it NS data error">
	            <scripting:script engine="Groovy" file="groovy_scripts/identify_is_it_NS_data_error.groovy">
	                <property key="errorstrfornsdataerror" value="${error.string.for.ns.data.error}"/>            
	            </scripting:script>
	        </scripting:transformer>		
	        <!-- END: Fix for CPQ-435 -->			
			<!-- START: Fix for CPQ-113 -->
        	<choice doc:name="Is Data Validation Error?">
	        	<when expression="#[sessionVars['dataValidationError']==null || !sessionVars['dataValidationError']]">
	        		<parse-template location="sfdc_obm_resp_templates/failure_response.txt" doc:name="OBM Failure Response Template"/>
	        		<set-property propertyName="http.status" value="500" doc:name="HTTP Status to 500"/>
	        	</when>
	            <otherwise>
	            	<parse-template location="sfdc_obm_resp_templates/success_response.txt" doc:name="OBM Success Response Template"/>
	            </otherwise>
            </choice>	
            <!-- END: Fix for CPQ-113 -->            
        </catch-exception-strategy>                
    </flow>
    <sub-flow name="sfdc_account_obm_process_flow" doc:name="sfdc_account_obm_process_flow">
        <scripting:transformer doc:name="SFDC Account Data from OBM">
            <scripting:script engine="Groovy" file="groovy_scripts/sfdc_acc_obm_data.groovy"/>
        </scripting:transformer>
        <splunklogger:logger config-ref="SplunkLogger" message="${incoming.account.id}" doc:name="Account Id"/>
        
        <enricher target="flowVars['isDuplicateAccId']" doc:name="Message Enricher">
            <objectstore:contains config-ref="ObjectStore" key="#[flowVars['sfdcAccTimestamp']]" doc:name="ObjectStore-Contains Account Timestamp?"/>
        </enricher>        
        <choice doc:name="Is Account Timestamp present in Obj Store?">
        	<when expression="#[flowVars['isDuplicateAccId']]">
        		<splunklogger:logger config-ref="SplunkLogger" message="${account.in.obj.store}" doc:name="Present"/>
                <parse-template location="sfdc_obm_resp_templates/acc_id_in_cache_response.txt" doc:name="OBM processing in progress"/>
            	<set-property propertyName="http.status" value="500" doc:name="HTTP Status to 500"/>
        	</when>
            <otherwise>
            	<splunklogger:logger config-ref="SplunkLogger" message="${account.not.in.obj.store}" doc:name="Not Present"/>
            	<objectstore:store config-ref="ObjectStore" key="#[flowVars['sfdcAccTimestamp']]" value-ref="#[&quot;ACCOUNT&quot;]" doc:name="ObjectStore-Store Account Timestamp"/>

		        <set-variable variableName="ACCOUNT_ID" value="#[payload]" doc:name="SFDC Account Id"/>
		        <flow-ref name="sfdc_account_get_flow" doc:name="Get SFDC Account Details"/>
				<splunklogger:logger config-ref="SplunkLogger" message="${sfdc.to.ns.account.input.msg}" doc:name="SFDC Account Format"/> 
				<data-mapper:transform config-ref="SFDC_JSON_To_NS_JSON_ACC" doc:name="SFDC JSON To NS JSON"/>
				<object-to-string-transformer doc:name="Object to String"/>
				<splunklogger:logger config-ref="SplunkLogger" message="${sfdc.to.ns.account.output.msg}" doc:name="NS Account Format"/>
				<flow-ref name="ns_account_put_flow" doc:name="Put NS Account"/>
				<splunklogger:logger config-ref="SplunkLogger" message="${ns.account.put.resp}" doc:name="NS Account Response"/>
		        <set-variable variableName="nsAccountId" value="#[json:objectId]" doc:name="NS Account Id"/>        
		        <scripting:transformer doc:name="Prepare SFDC Account Upd Msg">
		       		<scripting:script engine="Groovy" file="groovy_scripts/prep_acc_upd_with_ns_push.groovy"/>
		   		</scripting:transformer> 
		        <json:object-to-json-transformer doc:name="HashMap to JSON"/>
				<flow-ref name="sfdc_account_put_async_flow" doc:name="Put SFDC Account Async"/>   	
				<splunklogger:logger config-ref="SplunkLogger" message="${sfdc.account.put.resp}" doc:name="SFDC Upd Response"/>
				<objectstore:remove config-ref="ObjectStore" key="#[flowVars['sfdcAccTimestamp']]" doc:name="ObjectStore-Removes Account Timestamp" ignoreNotExists="true" />
        	</otherwise>
        </choice>
    </sub-flow>	
</mule>
