<?xml version="1.0" encoding="UTF-8"?>

<mule xmlns:sfdc="http://www.mulesoft.org/schema/mule/sfdc" xmlns:data-mapper="http://www.mulesoft.org/schema/mule/ee/data-mapper" xmlns:vm="http://www.mulesoft.org/schema/mule/vm"
	xmlns:splunklogger="http://www.mulesoft.org/schema/mule/splunklogger" xmlns:mulexml="http://www.mulesoft.org/schema/mule/xml" xmlns:netsuite="http://www.mulesoft.org/schema/mule/netsuite" xmlns:objectstore="http://www.mulesoft.org/schema/mule/objectstore" xmlns:tracking="http://www.mulesoft.org/schema/mule/ee/tracking" xmlns:json="http://www.mulesoft.org/schema/mule/json"
	xmlns:cxf="http://www.mulesoft.org/schema/mule/cxf"
	xmlns:scripting="http://www.mulesoft.org/schema/mule/scripting"
	xmlns:context="http://www.springframework.org/schema/context"
	xmlns:https="http://www.mulesoft.org/schema/mule/https"
	xmlns="http://www.mulesoft.org/schema/mule/core" xmlns:doc="http://www.mulesoft.org/schema/mule/documentation"
	xmlns:spring="http://www.springframework.org/schema/beans" version="EE-3.5.2"
	xmlns:xsi="http://www.w3.org/2001/XMLSchema-instance"
	xsi:schemaLocation="http://www.mulesoft.org/schema/mule/vm http://www.mulesoft.org/schema/mule/vm/current/mule-vm.xsd
http://www.mulesoft.org/schema/mule/json http://www.mulesoft.org/schema/mule/json/current/mule-json.xsd
http://www.mulesoft.org/schema/mule/cxf http://www.mulesoft.org/schema/mule/cxf/current/mule-cxf.xsd
http://www.mulesoft.org/schema/mule/scripting http://www.mulesoft.org/schema/mule/scripting/current/mule-scripting.xsd
http://www.springframework.org/schema/context http://www.springframework.org/schema/context/spring-context-current.xsd
http://www.mulesoft.org/schema/mule/https http://www.mulesoft.org/schema/mule/https/current/mule-https.xsd
http://www.springframework.org/schema/beans http://www.springframework.org/schema/beans/spring-beans-current.xsd
http://www.mulesoft.org/schema/mule/core http://www.mulesoft.org/schema/mule/core/current/mule.xsd
http://www.mulesoft.org/schema/mule/ee/tracking http://www.mulesoft.org/schema/mule/ee/tracking/current/mule-tracking-ee.xsd
http://www.mulesoft.org/schema/mule/objectstore http://www.mulesoft.org/schema/mule/objectstore/current/mule-objectstore.xsd
http://www.mulesoft.org/schema/mule/netsuite http://www.mulesoft.org/schema/mule/netsuite/current/mule-netsuite.xsd
http://www.mulesoft.org/schema/mule/xml http://www.mulesoft.org/schema/mule/xml/current/mule-xml.xsd
http://www.mulesoft.org/schema/mule/splunklogger http://www.mulesoft.org/schema/mule/splunklogger/current/mule-splunklogger.xsd
http://www.mulesoft.org/schema/mule/ee/data-mapper http://www.mulesoft.org/schema/mule/ee/data-mapper/current/mule-data-mapper.xsd
http://www.mulesoft.org/schema/mule/sfdc http://www.mulesoft.org/schema/mule/sfdc/current/mule-sfdc.xsd">
    <flow name="sfdc_oppor_quotesync_obm_notif" doc:name="sfdc_oppor_quotesync_obm_notif">
        <https:inbound-endpoint exchange-pattern="request-response" address="https://localhost:${https.endpoint.port}/notif/syncQuote" connector-ref="HTTPS_Conn" doc:name="HTTPS: Receive SFDC Oppor Quotesync Notif OBM" responseTimeout="120000"/>

		<splunklogger:logger config-ref="SplunkLogger" message="${oppor.qsync.obm.received}" doc:name="Received"/>
        <object-to-string-transformer doc:name="Object to String"/>
        <splunklogger:logger config-ref="SplunkLogger" message="${sfdc.obm.input}" doc:name="Input OBM"/>
        <scripting:transformer doc:name="Set Payload Data for Error Log">
            <scripting:script engine="Groovy" file="groovy_scripts/set_payload_data_for_error_log.groovy">
                <property key="objectTypeVal" value="AccountAndContact"/>
                <property key="targetSystemVal" value="NetSuite"/>
                <property key="operationTypeVal" value="Process SFDC Oppor QuoteSync OBM and create NS Account and Contact"/>
                <property key="processNameVal" value="Create NetSuite Account and Contact"/>
                <property key="errorTypeVal" value="Cloudhub"/>
                <property key="recordTypeIdVal" value="${error.log.record.type.id}"/>
                <property key="functionalModuleVal" value="CPQ"/>  
                <property key="isSourceTargetIdsValid" value="false"/>              
            </scripting:script>
        </scripting:transformer>        
        <scripting:transformer doc:name="Parse SFDC OBM">
            <scripting:script engine="Groovy" file="groovy_scripts/parse_sfdc_oppor_qsync_obm.groovy"/>
        </scripting:transformer>
        <foreach  doc:name="For Each">
            <flow-ref name="sfdc_oppor_qsync_obm_process_flow" doc:name="Process each Notification in OBM"/>
        </foreach>
		<parse-template location="sfdc_obm_resp_templates/success_response.txt" doc:name="OBM Success Response Template"/>
		<splunklogger:logger config-ref="SplunkLogger" message="${sfdc.qsync.obm.process.success}" doc:name="Processing Success"/> 

        <catch-exception-strategy doc:name="Catch Exception Strategy">
        	<splunklogger:logger config-ref="SplunkLogger" message="${exception.in.obm.processing}" doc:name="Exception Message" severity="ERROR"/>
            <objectstore:remove config-ref="ObjectStore" key="#[flowVars['sfdcOppTimestamp']]" doc:name="ObjectStore-Removes Oppor Timestamp" ignoreNotExists="true" />
            <vm:outbound-endpoint exchange-pattern="one-way" path="sfdcErrorLogQueue" doc:name="Send to SFDC Error Log queue" connector-ref="ErrorMessagesVM"/>

			<!-- START: Fix for CPQ-80 -->
        	<choice doc:name="Is Current Object Account/Contact?">
	        	<when expression="#[flowVars['currentProcObj']=='Account']">
                    <set-variable variableName="opporErrorMsg" value="${sfdc.oppor.accountsync.error}" doc:name="Oppor Error Msg - Account Sync"/>
					<scripting:transformer doc:name="Prepare SFDC Account Upd Msg">
			       		<scripting:script engine="Groovy" file="groovy_scripts/prep_acc_upd_with_ns_push.groovy"/>
			   		</scripting:transformer> 
			        <json:object-to-json-transformer doc:name="HashMap to JSON"/>
					<flow-ref name="sfdc_account_put_async_flow" doc:name="Put SFDC Account Async"/>   	
					<splunklogger:logger config-ref="SplunkLogger" message="${sfdc.account.put.resp}" doc:name="SFDC Upd Response"/>
	        	</when>        
	        	<when expression="#[flowVars['currentProcObj']=='Contact']">
                    <set-variable variableName="opporErrorMsg" value="${sfdc.oppor.contactsync.error}" doc:name="Oppor Error Msg - Contact Sync"/>
			        <scripting:transformer doc:name="Prepare SFDC Contact Upd Msg">
			       		<scripting:script engine="Groovy" file="groovy_scripts/prep_contact_upd_with_ns_push.groovy"/>
			   		</scripting:transformer> 
			        <json:object-to-json-transformer doc:name="HashMap to JSON"/>
					<flow-ref name="sfdc_contact_put_async_flow" doc:name="Put SFDC Contact Async"/>
					<splunklogger:logger config-ref="SplunkLogger" message="${sfdc.contact.put.resp}" doc:name="SFDC Upd Response"/>
	        	</when>	        		
	            <otherwise>
	            	<set-variable variableName="opporErrorMsg" value="${sfdc.oppor.other.error}" doc:name="Oppor Error Msg - Other"/>
	            </otherwise>
            </choice>	            
            
			<scripting:transformer doc:name="Prepare SFDC Oppor Upd Msg">
	       		<scripting:script engine="Groovy" file="groovy_scripts/prep_oppor_upd_with_ns_sync.groovy">
	       			<property key="isSOOBMProcess" value="false"/>
	       		</scripting:script>
	   		</scripting:transformer> 
	        <json:object-to-json-transformer doc:name="HashMap to JSON"/>
			<flow-ref name="sfdc_opportunity_put_async_flow" doc:name="Put SFDC Opportunity Async"/>             
            <splunklogger:logger config-ref="SplunkLogger" message="${sfdc.oppor.put.resp}" doc:name="SFDC Upd Response"/>
            <!-- END: Fix for CPQ-80 -->
            
			<!-- START: Fix for CPQ-435 -->
			<scripting:transformer doc:name="Identify is it NS data error">
	            <scripting:script engine="Groovy" file="groovy_scripts/identify_is_it_NS_data_error.groovy">
	                <property key="errorstrfornsdataerror" value="${error.string.for.ns.data.error}"/>            
	            </scripting:script>
	        </scripting:transformer>		
	        <!-- END: Fix for CPQ-435 -->            
			<!-- START: Fix for CPQ-113 -->
        	<choice doc:name="Is Data Validation Error?">
	        	<when expression="#[sessionVars['dataValidationError']==null || !sessionVars['dataValidationError']]">
	        		<parse-template location="sfdc_obm_resp_templates/failure_response.txt" doc:name="OBM Failure Response Template"/>
	        		<set-property propertyName="http.status" value="500" doc:name="HTTP Status to 500"/>
	        	</when>
	            <otherwise>
	            	<parse-template location="sfdc_obm_resp_templates/success_response.txt" doc:name="OBM Success Response Template"/>
	            </otherwise>
            </choice>	
            <!-- END: Fix for CPQ-113 -->             
        </catch-exception-strategy>                
    </flow>
    <sub-flow name="sfdc_oppor_qsync_obm_process_flow" doc:name="sfdc_oppor_qsync_obm_process_flow">
        <scripting:transformer doc:name="SFDC Oppor Qsync Data from OBM">
            <scripting:script engine="Groovy" file="groovy_scripts/sfdc_oppor_qsync_obm_data.groovy"/>
        </scripting:transformer>    
        <splunklogger:logger config-ref="SplunkLogger" message="${incoming.qsync.oppor.id}" doc:name="Opportunity Id"/>
        
        <enricher target="flowVars['isDuplicateOppTStamp']" doc:name="Message Enricher">
            <objectstore:contains config-ref="ObjectStore" key="#[flowVars['sfdcOppTimestamp']]" doc:name="ObjectStore-Contains Opportunity Timestamp?"/>
        </enricher>        
        <choice doc:name="Is Opp Timestamp present in Obj Store?">
        	<when expression="#[flowVars['isDuplicateOppTStamp']]">
        		<splunklogger:logger config-ref="SplunkLogger" message="${qsync.tstamp.in.obj.store}" doc:name="Present"/>
                <parse-template location="sfdc_obm_resp_templates/opp_tstamp_qsync_in_cache_response.txt" doc:name="OBM processing in progress"/>
            	<set-property propertyName="http.status" value="500" doc:name="HTTP Status to 500"/>
        	</when>
            <otherwise>
            	<splunklogger:logger config-ref="SplunkLogger" message="${qsync.tstamp.not.in.obj.store}" doc:name="Not Present"/>
            	<objectstore:store config-ref="ObjectStore" key="#[flowVars['sfdcOppTimestamp']]" value-ref="#[&quot;QSYNC&quot;]" doc:name="ObjectStore-Store Opportunity Timestamp"/>
                <foreach collection="flowVars['sfdcAccountIdsList']" doc:name="For Each">
                    <set-variable variableName="sfdcAccId" value="#[payload]" doc:name="SFDC Account Id"/>
                    <scripting:transformer doc:name="Create Account Check Payload">
                        <scripting:script engine="Groovy" file="groovy_scripts/create_acc_payload.groovy"/>
                    </scripting:transformer>
                    <splunklogger:logger config-ref="SplunkLogger" message="${account.check.payload}" doc:name="Account Check Flow Payload"/>
                    <set-variable variableName="currentProcObj" value="Account" doc:name="Current Processing Object - Account"/>
                    <flow-ref name="ns_account_check_flow" doc:name="Account Check Flow"/>
                    <splunklogger:logger config-ref="SplunkLogger" message="${account.check.response}" doc:name="Account Check Flow Response"/>
                </foreach>
	
        		
        		<set-variable doc:name="Current Processing Object - Contact" value="Contact" variableName="currentProcObj"/>
		        <sfdc:query-all config-ref="Salesforce" query="${sfdc.contact.ids.frm.roles.soql}" doc:name="Salesforce"/>
		        <splunklogger:logger config-ref="SplunkLogger" message="${sfdc.contacts.query.response}" doc:name="SFDC Contacts Query Resp"/>
		        <scripting:transformer doc:name="Create Contact Check Payload">
		            <scripting:script engine="Groovy" file="groovy_scripts/create_cntct_payload.groovy"/>
		        </scripting:transformer>
		        <splunklogger:logger config-ref="SplunkLogger" message="${contacts.check.payload}" doc:name="Contacts Check Flow Payload"/>      		
        		<flow-ref name="ns_contact_check_flow" doc:name="Contact Check Flow"/>
        		<splunklogger:logger config-ref="SplunkLogger" message="${contacts.check.response}" doc:name="Contacts Check Flow Response"/>
        		
        		<set-variable doc:name="Current Processing Object - None" value="" variableName="currentProcObj"/>
        		<!-- START: Fix for CPQ-80 -->
				<scripting:transformer doc:name="Prepare SFDC Oppor Upd Msg">
		       		<scripting:script engine="Groovy" file="groovy_scripts/prep_oppor_upd_with_ns_sync.groovy">
		       			<property key="isSOOBMProcess" value="false"/>
		       		</scripting:script>
		   		</scripting:transformer> 
		        <json:object-to-json-transformer doc:name="HashMap to JSON"/>
				<flow-ref name="sfdc_opportunity_put_async_flow" doc:name="Put SFDC Opportunity Async"/>  	
				<splunklogger:logger config-ref="SplunkLogger" message="${sfdc.oppor.put.resp}" doc:name="SFDC Upd Response"/> 
				<!-- END: Fix for CPQ-80 -->
				<objectstore:remove config-ref="ObjectStore" key="#[flowVars['sfdcOppTimestamp']]" doc:name="ObjectStore-Removes Oppor Timestamp" ignoreNotExists="true" />
        	</otherwise>
        </choice>
    </sub-flow>	
</mule>
