<?xml version="1.0" encoding="UTF-8"?>

<mule xmlns:vm="http://www.mulesoft.org/schema/mule/vm"
	xmlns:splunklogger="http://www.mulesoft.org/schema/mule/splunklogger" xmlns:http="http://www.mulesoft.org/schema/mule/http" xmlns="http://www.mulesoft.org/schema/mule/core" xmlns:doc="http://www.mulesoft.org/schema/mule/documentation"
	xmlns:spring="http://www.springframework.org/schema/beans" version="EE-3.5.2"
	xmlns:xsi="http://www.w3.org/2001/XMLSchema-instance"
	xsi:schemaLocation="http://www.mulesoft.org/schema/mule/vm http://www.mulesoft.org/schema/mule/vm/current/mule-vm.xsd
http://www.springframework.org/schema/beans http://www.springframework.org/schema/beans/spring-beans-current.xsd
http://www.mulesoft.org/schema/mule/core http://www.mulesoft.org/schema/mule/core/current/mule.xsd
http://www.mulesoft.org/schema/mule/http http://www.mulesoft.org/schema/mule/http/current/mule-http.xsd
http://www.mulesoft.org/schema/mule/splunklogger http://www.mulesoft.org/schema/mule/splunklogger/current/mule-splunklogger.xsd">
     
    <vm:connector name="SFDCAccountPersistentVM" validateConnections="true" doc:name="VM">
        <vm:queue-profile maxOutstandingMessages="${sfdc.account.queue.maxoutstanding.msgs}">
            <default-persistent-queue-store/>
        </vm:queue-profile>
    </vm:connector>
    
    <flow name="sfdc_account_put_async_flow" doc:name="sfdc_account_put_async_flow">
        <splunklogger:logger config-ref="SplunkLogger" message="${sfdc.account.put.async.input.msg}" doc:name="Input Message - JSON"/>
        <vm:outbound-endpoint exchange-pattern="one-way" address="vm://sfdcAccountReqQueue" doc:name="Send to SFDC Account Req Queue" connector-ref="SFDCAccountPersistentVM"/>
        <set-payload value="${sfdc.async.ack.msg}" doc:name="ACK message to caller"/>
        <exception-strategy ref="error_resp_with_plain_msg_catch_strategy" doc:name="Ref To Plain Error Msg Catch Strategy"/>
    </flow>
    <flow name="sfdc_account_put_queue_flow" doc:name="sfdc_account_put_queue_flow">
        <vm:inbound-endpoint exchange-pattern="one-way" connector-ref="SFDCAccountPersistentVM" address="vm://sfdcAccountReqQueue" doc:name="Receive from SFDC Account Req Queue (Transactional)">
            <vm:transaction action="ALWAYS_BEGIN"/>
        </vm:inbound-endpoint>
        <splunklogger:logger config-ref="SplunkLogger" message="${sfdc.account.queue.input.data}" doc:name="Request from Queue"/>
		<splunklogger:time config-ref="SplunkLogger" destination="#[flowVars['putSfdcAccFlowTime']]" message="${put.sfdc.acc.flow.time}" doc:name="Time execution">
			<flow-ref name="sfdc_account_put_flow" doc:name="Put SFDC Account Flow"/>
		</splunklogger:time>        
        <exception-strategy ref="queue_process_rollback_excep_strategy" doc:name="Ref To Queue Process Rollback Strategy"/>
    </flow>
</mule>
