<?xml version="1.0" encoding="UTF-8"?>

<mule xmlns:data-mapper="http://www.mulesoft.org/schema/mule/ee/data-mapper" xmlns:sfdc="http://www.mulesoft.org/schema/mule/sfdc" xmlns:json="http://www.mulesoft.org/schema/mule/json"
	xmlns:scripting="http://www.mulesoft.org/schema/mule/scripting" xmlns:tracking="http://www.mulesoft.org/schema/mule/ee/tracking" xmlns="http://www.mulesoft.org/schema/mule/core" xmlns:doc="http://www.mulesoft.org/schema/mule/documentation"
	xmlns:spring="http://www.springframework.org/schema/beans" version="EE-3.5.2"
	xmlns:xsi="http://www.w3.org/2001/XMLSchema-instance"
	xsi:schemaLocation="http://www.mulesoft.org/schema/mule/json http://www.mulesoft.org/schema/mule/json/current/mule-json.xsd
http://www.springframework.org/schema/beans http://www.springframework.org/schema/beans/spring-beans-current.xsd
http://www.mulesoft.org/schema/mule/core http://www.mulesoft.org/schema/mule/core/current/mule.xsd
http://www.mulesoft.org/schema/mule/ee/tracking http://www.mulesoft.org/schema/mule/ee/tracking/current/mule-tracking-ee.xsd
http://www.mulesoft.org/schema/mule/scripting http://www.mulesoft.org/schema/mule/scripting/current/mule-scripting.xsd
http://www.mulesoft.org/schema/mule/sfdc http://www.mulesoft.org/schema/mule/sfdc/current/mule-sfdc.xsd
http://www.mulesoft.org/schema/mule/ee/data-mapper http://www.mulesoft.org/schema/mule/ee/data-mapper/current/mule-data-mapper.xsd">
    <data-mapper:config name="Map_To_Campaign_JSON" transformationGraphPath="map_to_json_2.grf" doc:name="Map_To_JSON"/>
    <flow name="sfdc_campaign_get_Flow" doc:name="sfdc_campaign_get_Flow">
        <logger message="${sfdc.campaign.input}" level="INFO" doc:name="Print input parameter"/>
        <scripting:transformer doc:name="Groovy">
            <scripting:script engine="Groovy" file="prepare_sfdc_campaign_member_whereclause.groovy"/>
        </scripting:transformer>
        <logger message="${sfdc.campaign.member.get.id}" level="INFO" doc:name="Print Where Clause" category="${sfdc.lead.get}"/>
        <sfdc:query-single config-ref="Salesforce" query="${sfdc.campaign.member.get.id}" doc:name="Query Campaign">
        </sfdc:query-single>
        <logger message="${sfdc.output.msg}" level="INFO" doc:name="Logger"/>
        <choice doc:name="Check if payload is null">
            <when expression="#[(payload instanceof org.mule.transport.NullPayload)]">
                <logger message="${payload.is.null.msg}" level="INFO"  doc:name="If payload is null"/>
                <set-payload value="{&quot;statusCode&quot;:&quot;STS-404-001&quot;,&quot;statusMessage&quot;:&quot;The Campaign Name is invalid. Please make sure that Campaign Name is valid&quot;} " doc:name="Set Payload"/>
                <json:object-to-json-transformer doc:name="Object to JSON" />
            </when>
            <otherwise>
                <logger message="${payload.is.not.null.msg}" level="INFO"  doc:name="If payload is not null"/>
                <data-mapper:transform config-ref="Map_To_Campaign_JSON" doc:name="Map To JSON"/>
                <logger message="Campaign Id is : #[json:Id]" level="INFO" doc:name="Logger" />
            </otherwise>
        </choice>
        <logger message="${sfdc.output.msg}" level="INFO" doc:name="Output Json Object" />
        
    </flow>
</mule>
