<?xml version="1.0" encoding="UTF-8"?>

<mule xmlns:splunklogger="http://www.mulesoft.org/schema/mule/splunklogger" xmlns:scripting="http://www.mulesoft.org/schema/mule/scripting" xmlns:sfdc="http://www.mulesoft.org/schema/mule/sfdc" xmlns:tracking="http://www.mulesoft.org/schema/mule/ee/tracking" xmlns="http://www.mulesoft.org/schema/mule/core" xmlns:doc="http://www.mulesoft.org/schema/mule/documentation"
	xmlns:spring="http://www.springframework.org/schema/beans" version="EE-3.5.2"
	xmlns:xsi="http://www.w3.org/2001/XMLSchema-instance"
	xsi:schemaLocation="http://www.springframework.org/schema/beans http://www.springframework.org/schema/beans/spring-beans-current.xsd
http://www.mulesoft.org/schema/mule/core http://www.mulesoft.org/schema/mule/core/current/mule.xsd
http://www.mulesoft.org/schema/mule/ee/tracking http://www.mulesoft.org/schema/mule/ee/tracking/current/mule-tracking-ee.xsd
http://www.mulesoft.org/schema/mule/splunklogger http://www.mulesoft.org/schema/mule/splunklogger/current/mule-splunklogger.xsd
http://www.mulesoft.org/schema/mule/sfdc http://www.mulesoft.org/schema/mule/sfdc/current/mule-sfdc.xsd
http://www.mulesoft.org/schema/mule/scripting http://www.mulesoft.org/schema/mule/scripting/current/mule-scripting.xsd">
    <flow name="sfdc_pricebook_entry_lookup_flow" doc:name="sfdc_pricebook_entry_lookup_flow">
        <splunklogger:logger config-ref="SplunkLogger" message="${sfdc.pricebookentry.lookup.input.msg}" doc:name="Logger"/>
        <splunklogger:time config-ref="SplunkLogger" destination="#[flowVars['sfdcPricebookentryLookupTime']]" message="${sfdc.pricebookentry.lookup.time}" doc:name="Time execution">
            <sfdc:query-single config-ref="Salesforce" query="${sfdc.pricebookentry.id.lookup.soql}" doc:name="Salesforce"/>
        </splunklogger:time>
        <splunklogger:logger config-ref="SplunkLogger" message="${sfdc.pricebookentry.lookup.sfdc.resp}" doc:name="Logger"/>
        <scripting:component doc:name="Groovy">
            <scripting:script engine="Groovy"><![CDATA[
java.util.HashMap sfdcPricebookentryIdValMap = new java.util.HashMap()
if(payload instanceof org.mule.transport.NullPayload){
	return null
}
if (payload !=null && payload.get('Id')!=null){
	sfdcPricebookentryIdValMap.put('sfdcPricebookentryIdVal', payload.get('Id'))
} else {
	sfdcPricebookentryIdValMap.put('sfdcPricebookentryIdVal', null)
}
return sfdcPricebookentryIdValMap

]]></scripting:script>
        </scripting:component>
        <splunklogger:logger config-ref="SplunkLogger" message="${sfdc.pricebookentry.lookup.output.msg}" doc:name="Logger"/>
    </flow>
</mule>
