<?xml version="1.0" encoding="UTF-8"?>

<mule xmlns:json="http://www.mulesoft.org/schema/mule/json" xmlns:mulexml="http://www.mulesoft.org/schema/mule/xml" xmlns:sfdc="http://www.mulesoft.org/schema/mule/sfdc" xmlns:data-mapper="http://www.mulesoft.org/schema/mule/ee/data-mapper" xmlns:splunklogger="http://www.mulesoft.org/schema/mule/splunklogger" xmlns:tracking="http://www.mulesoft.org/schema/mule/ee/tracking" xmlns:ws="http://www.mulesoft.org/schema/mule/ws"
	xmlns:cxf="http://www.mulesoft.org/schema/mule/cxf"
	xmlns:vm="http://www.mulesoft.org/schema/mule/vm"
	xmlns:scripting="http://www.mulesoft.org/schema/mule/scripting"
	xmlns:https="http://www.mulesoft.org/schema/mule/https"
	xmlns="http://www.mulesoft.org/schema/mule/core" xmlns:doc="http://www.mulesoft.org/schema/mule/documentation"
	xmlns:spring="http://www.springframework.org/schema/beans" version="EE-3.5.2"
	xmlns:xsi="http://www.w3.org/2001/XMLSchema-instance"
	xsi:schemaLocation="http://www.mulesoft.org/schema/mule/ws http://www.mulesoft.org/schema/mule/ws/current/mule-ws.xsd
http://www.mulesoft.org/schema/mule/cxf http://www.mulesoft.org/schema/mule/cxf/current/mule-cxf.xsd
http://www.mulesoft.org/schema/mule/vm http://www.mulesoft.org/schema/mule/vm/current/mule-vm.xsd
http://www.mulesoft.org/schema/mule/scripting http://www.mulesoft.org/schema/mule/scripting/current/mule-scripting.xsd
http://www.mulesoft.org/schema/mule/https http://www.mulesoft.org/schema/mule/https/current/mule-https.xsd
http://www.springframework.org/schema/beans http://www.springframework.org/schema/beans/spring-beans-current.xsd
http://www.mulesoft.org/schema/mule/core http://www.mulesoft.org/schema/mule/core/current/mule.xsd
http://www.mulesoft.org/schema/mule/splunklogger http://www.mulesoft.org/schema/mule/splunklogger/current/mule-splunklogger.xsd
http://www.mulesoft.org/schema/mule/ee/tracking http://www.mulesoft.org/schema/mule/ee/tracking/current/mule-tracking-ee.xsd
http://www.mulesoft.org/schema/mule/ee/data-mapper http://www.mulesoft.org/schema/mule/ee/data-mapper/current/mule-data-mapper.xsd
http://www.mulesoft.org/schema/mule/sfdc http://www.mulesoft.org/schema/mule/sfdc/current/mule-sfdc.xsd
http://www.mulesoft.org/schema/mule/xml http://www.mulesoft.org/schema/mule/xml/current/mule-xml.xsd
http://www.mulesoft.org/schema/mule/json http://www.mulesoft.org/schema/mule/json/current/mule-json.xsd">
    <data-mapper:config name="Pojo_To_JSON_Contact" transformationGraphPath="pojo_to_json_1.grf" doc:name="Pojo_To_JSON_Contact"/>
    <data-mapper:config name="Contact_Pojo_To_Search_DPL_Activity__c" transformationGraphPath="pojo_to_search_dpl_activity__c_1.grf" doc:name="Pojo_To_Search_DPL_Activity__c"/>

<!-- <ws:consumer-config name="MK_data_Web_Service_Consumer" wsdlLocation="https://sandbox.mkdenial.com/dplv3_1.asmx?wsdl" service="DplWS_3_1" port="DplWS_3_1Soap" serviceAddress="https://sandbox.mkdenial.com/dplv3_1.asmx" connector-ref="HTTPS_Conn" doc:name="Web Service Consumer"/> -->
    <!-- <data-mapper:config name="Pojo_To_Xml_SearchDpl_" transformationGraphPath="pojo_to_xml_searchdpl_.grf" doc:name="Pojo_To_Xml_SearchDpl_"/> -->
    <!-- <data-mapper:config name="Pojo_To_JSON" transformationGraphPath="pojo_to_json.grf" doc:name="Pojo_To_JSON"/> -->
	<flow name="sfdc_mkdata_contactFlow1" doc:name="sfdc_mkdata_contactFlow1">
		<https:inbound-endpoint exchange-pattern="request-response"
			host="localhost" port="${https.endpoint.port}" doc:name="HTTP" path="notif/mkdataservice/Contact"
			connector-ref="HTTPS_Conn" />
		<cxf:jaxws-service serviceClass="com.sforce.outbound.contact.NotificationPort"
			doc:name="Contact MKData Notification">
   		</cxf:jaxws-service>
        <enricher target="#[flowVars['outboundSOAPconInput']]" doc:name="Message Enricher">
            <json:object-to-json-transformer doc:name="Object to JSON"/>
        </enricher>
        <splunklogger:logger config-ref="SplunkLogger" message="${mkdata.soap.contact.request}" doc:name="Input SOAP Message"/>
        <set-payload value="#[payload[5]]" doc:name="Set Payload"/>
        <foreach doc:name="For Each">
            <set-payload value="#[payload.sObject]" doc:name="Set Payload"/>
            
            <async doc:name="Async" processingStrategy="Thread_Per_Processor_Processing_Strategy">
                <flow-ref name="sfdc_mkdata_retrieve_contact_flow" doc:name="Call process flow"/>
            </async>
        </foreach>
		<set-payload value="#[true]" doc:name="Set Payload" />
		<!-- <vm:outbound-endpoint exchange-pattern="one-way" path="accountQ" doc:name="VM" 
			connector-ref="MKDataVM"/> -->
	</flow>
    <flow name="sfdc_mkdata_contactFlow" doc:name="sfdc_mkdata_contactFlow">
    	<enricher target="#[sessionVars['resultMap']]" doc:name="Message Enricher">
            <vm:outbound-endpoint exchange-pattern="request-response"  connector-ref="MKDataVM" doc:name="Call MK data service Q" address="vm://mkdataQueue"/>
        </enricher>
        <scripting:transformer doc:name="Check Response">
            <scripting:script engine="Groovy" file="groovy_scripts/checkDPLList.groovy"/>
        </scripting:transformer>
        <choice doc:name="Check DPL response">
            <when expression="#[(!payload) &amp;&amp; sessionVars['DPLName'] != sessionVars['accountName']]">
                <splunklogger:logger config-ref="SplunkLogger" message="${mkdata.checkdpl.false}" doc:name="DPL is false"/>
                <set-variable variableName="DPLCheck" value="#[false]" doc:name="Set DPL Check"/>
                <flow-ref name="sfdc_mkdata_update_contact" doc:name="Update Contact"/>
                <flow-ref name="sfdc_mkdata_contact_flow_updateSearchDPL" doc:name="Create SFDC Search DPL"/>
                <choice doc:name="Account name present ?">
                    <when expression="#[sessionVars['accountName'] != '']">
                        <splunklogger:logger config-ref="SplunkLogger" message="Account Name present: #[sessionVars['accountName']]" doc:name="Account Name present"/>
                        <set-session-variable variableName="DPLName" value="#[sessionVars['accountName']]" doc:name="Set variable to Account name"/>
                        <enricher target="#[sessionVars['resultMap']]" doc:name="Message Enricher">
                            <vm:outbound-endpoint exchange-pattern="request-response" connector-ref="MKDataVM" address="vm://mkdataQueue" doc:name="Call to MK data service"/>
                        </enricher>
                        <scripting:transformer doc:name="Check Response">
                            <scripting:script engine="Groovy" file="groovy_scripts/checkDPLList.groovy"/>
                        </scripting:transformer>
                        <choice doc:name="Choice">
                            <when expression="#[(payload)]">
                                <splunklogger:logger config-ref="SplunkLogger" message="${mkdata.checkdpl.true}" doc:name="DPL is true"/>
                                <set-variable variableName="DPLCheck" value="#[true]" doc:name="Set DPL Check"/>
                            </when>
                            <otherwise>
                                <splunklogger:logger config-ref="SplunkLogger" message="${mkdata.checkdpl.false}" doc:name="DPL is false"/>
                                <set-variable variableName="DPLCheck" value="#[false]" doc:name="Set DPL Check"/>
                            </otherwise>
                        </choice>
                        <flow-ref name="sfdc_mkdata_update_contact" doc:name="Update Contact"/>
                        <flow-ref name="sfdc_mkdata_contact_flow_updateSearchDPL" doc:name="Create SFDC Search DPL"/>
                    </when>
                    <otherwise>
                        <splunklogger:logger config-ref="SplunkLogger" message="Account Name not present" doc:name="Account Name not present"/>
                    </otherwise>
                </choice>

            </when>
            <when expression="#[(!payload) &amp;&amp; sessionVars['DPLName'] == sessionVars['accountName']]">
                <splunklogger:logger config-ref="SplunkLogger" message="${mkdata.same.name.accountname}" doc:name="Name and Account Name is same"/>
                <set-variable variableName="DPLCheck" value="#[false]" doc:name="Set DPL Check"/>
                <flow-ref name="sfdc_mkdata_update_contact" doc:name="Update Contact"/>
                <flow-ref name="sfdc_mkdata_contact_flow_updateSearchDPL" doc:name="Create SFDC Search DPL"/>
            </when>
            <otherwise>
                <splunklogger:logger config-ref="SplunkLogger" message="${mkdata.checkdpl.true}" doc:name="DPL is true"/>
                <set-variable variableName="DPLCheck" value="#[true]" doc:name="Set DPL Check"/>
                <flow-ref name="sfdc_mkdata_update_contact" doc:name="Update Contact"/>
                <flow-ref name="sfdc_mkdata_contact_flow_updateSearchDPL" doc:name="Create SFDC Search DPL"/>
            </otherwise>
        </choice>
        <splunklogger:logger config-ref="SplunkLogger" message="${mkdata.contact.response}" doc:name="Response"/>
            </flow>
    <sub-flow name="sfdc_mkdata_update_contact" doc:name="sfdc_mkdata_update_contact">
        <data-mapper:transform doc:name="Pojo To JSON" config-ref="Pojo_To_JSON_Contact">
            <data-mapper:input-arguments>
                <data-mapper:input-argument key="DateTime">#[server.dateTime]</data-mapper:input-argument>
                <data-mapper:input-argument key="ContactId">#[sessionVars['contactId']]</data-mapper:input-argument>
                <data-mapper:input-argument key="DPLCheck">#[flowVars['DPLCheck']]</data-mapper:input-argument>
            </data-mapper:input-arguments>
        </data-mapper:transform>
        <flow-ref name="sfdc_contact_put_flow" doc:name="Update Contact"/>
    </sub-flow>
    <sub-flow name="sfdc_mkdata_contact_flow_updateSearchDPL" doc:name="sfdc_mkdata_contact_flow_updateSearchDPL">
        <data-mapper:transform config-ref="Contact_Pojo_To_Search_DPL_Activity__c" doc:name="Pojo To Search_DPL_Activity__c">
            <data-mapper:input-arguments>
                <data-mapper:input-argument key="DPLCheck">#[flowVars['DPLCheck']]</data-mapper:input-argument>
                <data-mapper:input-argument key="ContactId">#[sessionVars['contactId']]</data-mapper:input-argument>
            </data-mapper:input-arguments>
        </data-mapper:transform>
        <scripting:component doc:name="Update payload from Req and Resp from MK data service">
            <scripting:script engine="Groovy" file="groovy_scripts/Set_Search_DPL_Text.groovy"/>
        </scripting:component>
        <splunklogger:logger config-ref="SplunkLogger" message="${mkdata.contact.sfdc.request}" doc:name="Request"/>
        <sfdc:create-single config-ref="Salesforce" type="Search_DPL_Activity__c" doc:name="Salesforce">
            <sfdc:object ref="#[payload]"/>
        </sfdc:create-single>
        <splunklogger:logger config-ref="SplunkLogger" message="${mkdata.contact.sfdc.response}" doc:name="Response"/>
    </sub-flow>
    <sub-flow name="sfdc_mkdata_retrieve_contact_flow" doc:name="sfdc_mkdata_retrieve_contact_flow">
    <message-properties-transformer scope="session" doc:name="Set to variable from payload">
                <add-message-property key="DPLName" value="#[payload.getNameC().getValue()]"/>
                <add-message-property key="countryCode" value="#[payload.getContactCountryCodeC().getValue()]"/>
            <add-message-property key="contactId" value="#[payload.getId()]"/>
            <add-message-property key="accountName" value="#[(payload.getAccountNameC() != null) ? payload.getAccountNameC().getValue() : &quot;&quot;]"/>
            <add-message-property key="maxCount" value="#[(payload.getMaxResultsC() != null )?payload.getMaxResultsC().getValue():&quot;100&quot;]"/>
            </message-properties-transformer>
        <flow-ref name="sfdc_mkdata_contactFlow" doc:name="Flow Reference"/>
    </sub-flow>

</mule>
