<?xml version="1.0" encoding="UTF-8"?>

<mule xmlns:splunklogger="http://www.mulesoft.org/schema/mule/splunklogger" xmlns:scripting="http://www.mulesoft.org/schema/mule/scripting" xmlns:data-mapper="http://www.mulesoft.org/schema/mule/ee/data-mapper" xmlns:tracking="http://www.mulesoft.org/schema/mule/ee/tracking" xmlns:context="http://www.springframework.org/schema/context" xmlns:sfdc="http://www.mulesoft.org/schema/mule/sfdc" xmlns:http="http://www.mulesoft.org/schema/mule/http"
	xmlns:json="http://www.mulesoft.org/schema/mule/json"
	xmlns="http://www.mulesoft.org/schema/mule/core" xmlns:doc="http://www.mulesoft.org/schema/mule/documentation"
	xmlns:spring="http://www.springframework.org/schema/beans" version="EE-3.5.2"
	xmlns:xsi="http://www.w3.org/2001/XMLSchema-instance"
	xsi:schemaLocation="http://www.mulesoft.org/schema/mule/http http://www.mulesoft.org/schema/mule/http/current/mule-http.xsd
http://www.mulesoft.org/schema/mule/json http://www.mulesoft.org/schema/mule/json/current/mule-json.xsd
http://www.springframework.org/schema/beans http://www.springframework.org/schema/beans/spring-beans-current.xsd
http://www.mulesoft.org/schema/mule/core http://www.mulesoft.org/schema/mule/core/current/mule.xsd
http://www.mulesoft.org/schema/mule/sfdc http://www.mulesoft.org/schema/mule/sfdc/current/mule-sfdc.xsd
http://www.springframework.org/schema/context http://www.springframework.org/schema/context/spring-context-current.xsd
http://www.mulesoft.org/schema/mule/ee/tracking http://www.mulesoft.org/schema/mule/ee/tracking/current/mule-tracking-ee.xsd
http://www.mulesoft.org/schema/mule/ee/data-mapper http://www.mulesoft.org/schema/mule/ee/data-mapper/current/mule-data-mapper.xsd
http://www.mulesoft.org/schema/mule/scripting http://www.mulesoft.org/schema/mule/scripting/current/mule-scripting.xsd
http://www.mulesoft.org/schema/mule/splunklogger http://www.mulesoft.org/schema/mule/splunklogger/current/mule-splunklogger.xsd">
   <data-mapper:config name="SFDC_Contact_Map_To_JSON" transformationGraphPath="map_to_json.grf" doc:name="Map_To_JSON"/>

    <flow name="sfdc_contact_get_flow" doc:name="sfdc_contact_get_flow" processingStrategy="synchronous">
        <splunklogger:logger config-ref="SplunkLogger" message="${sfdc.contact.get.input.msg}" doc:name="Input Message - Json"/>

        <scripting:transformer doc:name="Create where clause for SFDC query">
            <scripting:script engine="Groovy" file="groovy_scripts/prepare_sfdc_get_contact_where_clause.groovy"/>
        </scripting:transformer>
        <splunklogger:logger config-ref="SplunkLogger" message="${sfdc.contact.get.soql}" doc:name="SFDC Get Contact Query"/>
        <splunklogger:time config-ref="SplunkLogger" destination="#[flowVars['getContactTime']]" message="${sfdc.get.contact.time}" doc:name="Time execution">
            <sfdc:query-single config-ref="Salesforce" query="${sfdc.contact.get.soql}" doc:name="Get Contact"/>
        </splunklogger:time>

        <choice doc:name="Choice">
            <when expression="#[payload instanceof org.mule.transport.NullPayload]">
                <splunklogger:logger config-ref="SplunkLogger" message="${payload.is.null.msg}" doc:name="Payload is null"/>
                <message-properties-transformer doc:name="Message Properties">
                    <add-message-property key="http.status" value="404"/>
                    <add-message-property key="Content-Type" value="application/json"/>
                </message-properties-transformer>

                <set-payload value="${payload.null.case.error.json.response}" doc:name="Set Payload"/>

                <!-- 
                <json:object-to-json-transformer doc:name="Object to JSON"/>
                 -->
            </when>
            <otherwise>
            	<splunklogger:logger config-ref="SplunkLogger" message="${sfdc.contact.get.query.resp}" doc:name="Query Result"/>
                <data-mapper:transform config-ref="SFDC_Contact_Map_To_JSON" doc:name="SFDC Contact Map To JSON"/>
            </otherwise>
        </choice>
        <splunklogger:logger config-ref="SplunkLogger" message="${sfdc.contact.get.output.msg}" doc:name="Output Message -  JSON"/>
    </flow>
</mule>
