<?xml version="1.0" encoding="UTF-8"?>

<mule xmlns:splunklogger="http://www.mulesoft.org/schema/mule/splunklogger" xmlns:tracking="http://www.mulesoft.org/schema/mule/ee/tracking" xmlns:scripting="http://www.mulesoft.org/schema/mule/scripting" xmlns:http="http://www.mulesoft.org/schema/mule/http" xmlns:sfdc="http://www.mulesoft.org/schema/mule/sfdc" xmlns="http://www.mulesoft.org/schema/mule/core" xmlns:doc="http://www.mulesoft.org/schema/mule/documentation"
	xmlns:spring="http://www.springframework.org/schema/beans" version="EE-3.5.1"
	xmlns:xsi="http://www.w3.org/2001/XMLSchema-instance"
	xsi:schemaLocation="http://www.springframework.org/schema/beans http://www.springframework.org/schema/beans/spring-beans-current.xsd
http://www.mulesoft.org/schema/mule/core http://www.mulesoft.org/schema/mule/core/current/mule.xsd
http://www.mulesoft.org/schema/mule/http http://www.mulesoft.org/schema/mule/http/current/mule-http.xsd
http://www.mulesoft.org/schema/mule/sfdc http://www.mulesoft.org/schema/mule/sfdc/current/mule-sfdc.xsd
http://www.mulesoft.org/schema/mule/scripting http://www.mulesoft.org/schema/mule/scripting/current/mule-scripting.xsd
http://www.mulesoft.org/schema/mule/ee/tracking http://www.mulesoft.org/schema/mule/ee/tracking/current/mule-tracking-ee.xsd
http://www.mulesoft.org/schema/mule/splunklogger http://www.mulesoft.org/schema/mule/splunklogger/current/mule-splunklogger.xsd">
    <flow name="sfdc_so_id_lookup_flow" doc:name="sfdc_so_id_lookup_flow">
    	<splunklogger:logger config-ref="SplunkLogger" message="${sfdc.so.id.lookup.input.msg}" doc:name="Input - Map"/>
        <splunklogger:time config-ref="SplunkLogger" destination="#[flowVars['sfdcSoIdLookupTime']]" message="${sfdc.so.id.lookup.time}" doc:name="Time execution">
			<sfdc:query-single config-ref="Salesforce" query="${sfdc.so.id.lookup.soql}" doc:name="Salesforce"/>
		</splunklogger:time>
        <splunklogger:logger config-ref="SplunkLogger" message="${sfdc.so.id.lookup.sfdc.resp}" doc:name="SFDC Response"/>
        <scripting:transformer doc:name="Set SFDC SO Id">
            <scripting:script engine="Groovy"><![CDATA[
java.util.HashMap sfdcSoIdValMap = new java.util.HashMap()
if(payload instanceof org.mule.transport.NullPayload){
	return null
}
if (payload !=null && payload.get('Id')!=null){
	sfdcSoIdValMap.put('sfdcSoIdVal', payload.get('Id'))
} else {
	sfdcSoIdValMap.put('sfdcSoIdVal', null)
}
return sfdcSoIdValMap

]]></scripting:script>
        </scripting:transformer>
        <splunklogger:logger config-ref="SplunkLogger" message="${sfdc.so.id.lookup.output.msg}" doc:name="Output - Map"/>
    </flow>
</mule>
	