<?xml version="1.0" encoding="UTF-8"?>

<mule xmlns:json="http://www.mulesoft.org/schema/mule/json"
	xmlns:scripting="http://www.mulesoft.org/schema/mule/scripting"
	xmlns:splunklogger="http://www.mulesoft.org/schema/mule/splunklogger" xmlns:data-mapper="http://www.mulesoft.org/schema/mule/ee/data-mapper" xmlns:sfdc="http://www.mulesoft.org/schema/mule/sfdc" xmlns:tracking="http://www.mulesoft.org/schema/mule/ee/tracking" xmlns="http://www.mulesoft.org/schema/mule/core" xmlns:doc="http://www.mulesoft.org/schema/mule/documentation"
	xmlns:spring="http://www.springframework.org/schema/beans" version="EE-3.5.2"
	xmlns:xsi="http://www.w3.org/2001/XMLSchema-instance"
	xsi:schemaLocation="http://www.mulesoft.org/schema/mule/json http://www.mulesoft.org/schema/mule/json/current/mule-json.xsd
http://www.mulesoft.org/schema/mule/scripting http://www.mulesoft.org/schema/mule/scripting/current/mule-scripting.xsd
http://www.springframework.org/schema/beans http://www.springframework.org/schema/beans/spring-beans-current.xsd
http://www.mulesoft.org/schema/mule/core http://www.mulesoft.org/schema/mule/core/current/mule.xsd
http://www.mulesoft.org/schema/mule/ee/tracking http://www.mulesoft.org/schema/mule/ee/tracking/current/mule-tracking-ee.xsd
http://www.mulesoft.org/schema/mule/sfdc http://www.mulesoft.org/schema/mule/sfdc/current/mule-sfdc.xsd
http://www.mulesoft.org/schema/mule/ee/data-mapper http://www.mulesoft.org/schema/mule/ee/data-mapper/current/mule-data-mapper.xsd
http://www.mulesoft.org/schema/mule/splunklogger http://www.mulesoft.org/schema/mule/splunklogger/current/mule-splunklogger.xsd">
    <data-mapper:config name="JSON_To_Error_Log__c" transformationGraphPath="json_to_error_log__c.grf" doc:name="JSON_To_Error_Log__c"/>
    <flow name="sfdc_error_log_put_flow" doc:name="sfdc_error_log_put_flow" processingStrategy="synchronous">
        <splunklogger:logger config-ref="SplunkLogger" message="${sfdc.errorlog.put.input.msg}" doc:name="Input Message - JSON"/>
        <data-mapper:transform config-ref="JSON_To_Error_Log__c" doc:name="JSON To Error_Log__c"/>
		<splunklogger:time config-ref="SplunkLogger" destination="#[flowVars['sfdcCreateErrLogTime']]" message="${sfdc.create.err.log.time}" doc:name="Time execution">
	        <sfdc:create-single config-ref="Salesforce" type="Error_Log__c" doc:name="Create Error Log">
	            <sfdc:object ref="#[payload]"/>
	        </sfdc:create-single>
		</splunklogger:time>        
        <splunklogger:logger config-ref="SplunkLogger" message="${errorlog.put.sfdc.resp}" doc:name="SFDC Response"/>
        <scripting:transformer doc:name="Prepare Response Map">
            <scripting:script engine="Groovy" file="groovy_scripts/set_resp_for_put_oper.groovy">
                <property key="targetSystem" value="SFDC"/>
                <property key="targetObjectType" value="Error Log"/>
            </scripting:script>
        </scripting:transformer>
        <json:object-to-json-transformer doc:name="HashMap to JSON"/>        
        <splunklogger:logger config-ref="SplunkLogger" message="${sfdc.errorlog.put.output.msg}" doc:name="Output Message - JSON"/>
    </flow>
</mule>
