<?xml version="1.0" encoding="UTF-8"?>

<mule xmlns:vm="http://www.mulesoft.org/schema/mule/vm"
	xmlns:scripting="http://www.mulesoft.org/schema/mule/scripting" xmlns:json="http://www.mulesoft.org/schema/mule/json" xmlns:splunklogger="http://www.mulesoft.org/schema/mule/splunklogger" xmlns:data-mapper="http://www.mulesoft.org/schema/mule/ee/data-mapper" xmlns:sfdc="http://www.mulesoft.org/schema/mule/sfdc" xmlns:tracking="http://www.mulesoft.org/schema/mule/ee/tracking" xmlns="http://www.mulesoft.org/schema/mule/core" xmlns:doc="http://www.mulesoft.org/schema/mule/documentation"
	xmlns:spring="http://www.springframework.org/schema/beans" version="EE-3.5.2"
	xmlns:xsi="http://www.w3.org/2001/XMLSchema-instance"
	xsi:schemaLocation="http://www.mulesoft.org/schema/mule/vm http://www.mulesoft.org/schema/mule/vm/current/mule-vm.xsd
http://www.springframework.org/schema/beans http://www.springframework.org/schema/beans/spring-beans-current.xsd
http://www.mulesoft.org/schema/mule/core http://www.mulesoft.org/schema/mule/core/current/mule.xsd
http://www.mulesoft.org/schema/mule/splunklogger http://www.mulesoft.org/schema/mule/splunklogger/current/mule-splunklogger.xsd
http://www.mulesoft.org/schema/mule/ee/tracking http://www.mulesoft.org/schema/mule/ee/tracking/current/mule-tracking-ee.xsd
http://www.mulesoft.org/schema/mule/sfdc http://www.mulesoft.org/schema/mule/sfdc/current/mule-sfdc.xsd
http://www.mulesoft.org/schema/mule/ee/data-mapper http://www.mulesoft.org/schema/mule/ee/data-mapper/current/mule-data-mapper.xsd
http://www.mulesoft.org/schema/mule/scripting http://www.mulesoft.org/schema/mule/scripting/current/mule-scripting.xsd
http://www.mulesoft.org/schema/mule/json http://www.mulesoft.org/schema/mule/json/current/mule-json.xsd">
    <data-mapper:config name="JSONToFinancial" transformationGraphPath="jsontofinancial.grf" doc:name="JSONToFinancial"/>
    <flow name="sfdc_financial_put_flow" doc:name="sfdc_financial_put_flow" processingStrategy="synchronous">
        <splunklogger:logger config-ref="SplunkLogger" message="${sfdc.financial.put.input.msg}" doc:name="Input Message - JSON"/>
        <json:json-to-object-transformer returnClass="java.util.HashMap" doc:name="JSON to Object"/>
        <splunklogger:logger config-ref="SplunkLogger" message="${sfdc.financial.payload.class.msg}" doc:name="Payload Class"/>
        <splunklogger:logger config-ref="SplunkLogger" message="${sfdc.financial.payload.map.msg}" doc:name="Payload Map"/>
        <splunklogger:logger config-ref="SplunkLogger" message="${sfdc.financial.payload.pdfid.msg}" doc:name="Payload PDF Id"/>
        <set-variable variableName="nsPdfId" value="#[payload.get('pdfId')]" doc:name="Set nsPdfId"/>
        <set-variable variableName="sfdcFileName" value="#['Financial'+payload.get('internalId')+'.pdf']" doc:name="set sfdcFileName"/>
        <set-variable variableName="sfdcFolderId" value="${sfdc.financial.docs.folder.id}" doc:name="set sfdcFolderId"/>
        <json:object-to-json-transformer doc:name="Object to JSON"/>
        <data-mapper:transform config-ref="JSONToFinancial" doc:name="JSONToFinancial"/>
        <splunklogger:logger config-ref="SplunkLogger" message="${sfdc.invoice.put.sodata}" doc:name="Data to be used for SFDC Financial"/>
        <choice doc:name="Is SFDC Id present?">
            <when expression="#[payload.get('Id') == null || payload.get('Id') == '']">
                <splunklogger:logger config-ref="SplunkLogger" message="${so.sfdc.id.notpresent}" doc:name="SFDC ID not present"/>
                <set-variable variableName="FinancialJson" value="#[payload]" doc:name="Save payload"/>
                <flow-ref name="sfdc_document_put_subflow" doc:name="Create document"/>
                <expression-transformer expression="#[flowVars['FinancialJson']['Document_Id__c']=(payload[0]==null?null:payload[0].getId());flowVars['FinancialJson']]" doc:name="Expression"/>
		        <scripting:transformer doc:name="Unescape Special Charatcers in Memo">
		            <scripting:script engine="Groovy"><![CDATA[import org.apache.commons.lang.StringEscapeUtils
		
		if(payload.get('Memo__c')!=null && payload.get('Memo__c')!=''){
			payload.put('Memo__c', StringEscapeUtils.unescapeHtml(payload.get('Memo__c')))
		}
		
		return payload]]></scripting:script>
		        </scripting:transformer>                
                <splunklogger:time config-ref="SplunkLogger" destination="#[flowVars['sfdcCreateSoTime']]" message="${sfdc.create.so.time}" doc:name="Time execution">
                    <sfdc:create-single config-ref="Salesforce" type="NetSuite_Financial__c" doc:name="Create Invoice">
                        <sfdc:object ref="#[payload]"/>
                    </sfdc:create-single>
                </splunklogger:time>
            </when>
            <otherwise>
                <splunklogger:logger config-ref="SplunkLogger" message="${so.sfdc.id.present}" doc:name="SFDC ID present"/>
                <set-variable variableName="FinancialJson" value="#[payload]" doc:name="Save payload"/>
                <flow-ref name="sfdc_document_put_subflow" doc:name="Update document"/>
                <expression-transformer expression="#[flowVars['FinancialJson']['Document_Id__c']=(payload[0]==null?null:payload[0].getId());flowVars['FinancialJson']]" doc:name="Expression"/>
		        <scripting:transformer doc:name="Unescape Special Charatcers in Memo">
		            <scripting:script engine="Groovy"><![CDATA[import org.apache.commons.lang.StringEscapeUtils
		
		if(payload.get('Memo__c')!=null && payload.get('Memo__c')!=''){
			payload.put('Memo__c', StringEscapeUtils.unescapeHtml(payload.get('Memo__c')))
		}
		
		return payload]]></scripting:script>
		        </scripting:transformer>                
                <splunklogger:time config-ref="SplunkLogger" destination="#[flowVars['sfdcUpdSoTime']]" message="${sfdc.upd.so.time}" doc:name="Time execution">
                    <sfdc:update-single config-ref="Salesforce" type="NetSuite_Financial__c" doc:name="Update Invoice">
                        <sfdc:object ref="#[payload]"/>
                    </sfdc:update-single>
                </splunklogger:time>
            </otherwise>
        </choice>
        <splunklogger:logger config-ref="SplunkLogger" message="${sfdc.invoice.put.resp}" doc:name="SFDC Invoice Response"/>
        <scripting:component doc:name="Prepare Rest Response">
            <scripting:script engine="Groovy" file="groovy_scripts/set_resp_for_put_oper.groovy">
                <property key="targetSystem" value="SFDC"/>
                <property key="targetObjectType" value="Financial"/>
            </scripting:script>
        </scripting:component>
        <json:object-to-json-transformer doc:name="HashMap to JSON"/>
        <splunklogger:logger config-ref="SplunkLogger" message="${sfdc.invoice.put.output.msg}" doc:name="Output Message - JSON"/>
   
 
    </flow>
</mule>
