<?xml version="1.0" encoding="UTF-8"?>

<mule xmlns:splunklogger="http://www.mulesoft.org/schema/mule/splunklogger" xmlns:json="http://www.mulesoft.org/schema/mule/json" xmlns:scripting="http://www.mulesoft.org/schema/mule/scripting" xmlns:data-mapper="http://www.mulesoft.org/schema/mule/ee/data-mapper" xmlns:sfdc="http://www.mulesoft.org/schema/mule/sfdc" xmlns:tracking="http://www.mulesoft.org/schema/mule/ee/tracking" xmlns="http://www.mulesoft.org/schema/mule/core" xmlns:doc="http://www.mulesoft.org/schema/mule/documentation"
	xmlns:spring="http://www.springframework.org/schema/beans" version="EE-3.5.2"
	xmlns:xsi="http://www.w3.org/2001/XMLSchema-instance"
	xsi:schemaLocation="http://www.springframework.org/schema/beans http://www.springframework.org/schema/beans/spring-beans-current.xsd
http://www.mulesoft.org/schema/mule/core http://www.mulesoft.org/schema/mule/core/current/mule.xsd
http://www.mulesoft.org/schema/mule/ee/tracking http://www.mulesoft.org/schema/mule/ee/tracking/current/mule-tracking-ee.xsd
http://www.mulesoft.org/schema/mule/sfdc http://www.mulesoft.org/schema/mule/sfdc/current/mule-sfdc.xsd
http://www.mulesoft.org/schema/mule/ee/data-mapper http://www.mulesoft.org/schema/mule/ee/data-mapper/current/mule-data-mapper.xsd
http://www.mulesoft.org/schema/mule/scripting http://www.mulesoft.org/schema/mule/scripting/current/mule-scripting.xsd
http://www.mulesoft.org/schema/mule/json http://www.mulesoft.org/schema/mule/json/current/mule-json.xsd
http://www.mulesoft.org/schema/mule/splunklogger http://www.mulesoft.org/schema/mule/splunklogger/current/mule-splunklogger.xsd">
    <data-mapper:config name="JSON_To_Web_Activity__c" transformationGraphPath="json_to_web_activity__c.grf" doc:name="JSON_To_Web_Activity__c"/>
    <flow name="sfdc_webactivities_put_flow" doc:name="sfdc_webactivities_put_flow">
        <splunklogger:logger config-ref="SplunkLogger" message="${sfdc.webact.put.input.msg}" doc:name="Input Message - JSON"/>

        <set-variable variableName="originalPayload" value="#[payload]" doc:name="Save Orginal Payload"/>
        <scripting:transformer doc:name="Groovy">
            <scripting:script engine="Groovy" file="groovy_scripts/create_exception_payload_eloqua_webactivity.groovy"/>
        </scripting:transformer>        
        <set-variable variableName="exResponseMap" value="#[payload]" doc:name="Variable"/>
        <set-payload value="#[flowVars['originalPayload']]" doc:name="Set Payload"/>
        
        <set-variable variableName="crmId" value="#[json:crmId]" doc:name="Set to crmId"/>
        <splunklogger:logger config-ref="SplunkLogger" message="${sfdc.webact.put.crmid}" doc:name="CRM ID"/>
        <flow-ref name="sfdc_get_object_by_id" doc:name="Check whether crmID is Lead or Contact"/>
        <set-variable variableName="objectType" value="#[flowVars['objectType']]" doc:name="Set to object type "/>
        <splunklogger:logger config-ref="SplunkLogger" message="${sfdc.webact.put.objecttype}" doc:name="Object Type"/>
        <data-mapper:transform config-ref="JSON_To_Web_Activity__c" input-ref="#[flowVars[&quot;originalPayload&quot;]]" doc:name="JSON To Web_Activity__c">
            <data-mapper:input-arguments>
                <data-mapper:input-argument key="objectType">#[flowVars['objectType']]</data-mapper:input-argument>
            </data-mapper:input-arguments>
        </data-mapper:transform>
        <scripting:transformer doc:name="set crmId to Lead or Contact feild">
            <scripting:script engine="Groovy" file="groovy_scripts/map_sfdc_web_activity_crmId.groovy"/>
        </scripting:transformer>
        <splunklogger:logger config-ref="SplunkLogger" message="${sfdc.webact.put.data}" doc:name="Web Activity Data"/>
        <choice doc:name="Choice">
            <when expression="#[flowVars['objectType'] == 'Other']">
            	<splunklogger:logger config-ref="SplunkLogger" message="${sfdc.webact.put.invalid.objtype}" doc:name="Invalid Object Type"/>
                <scripting:component doc:name="Prepare Error Response">
                    <scripting:script engine="Groovy" file="groovy_scripts/prepare_sfdc_webactivity_error_msg.groovy"/>
                </scripting:component>
            </when>
            <otherwise>
                <choice doc:name="If crmId exist">
                    <when expression="#[payload.get('Id') == null ]">
                    	<splunklogger:logger config-ref="SplunkLogger" message="${sfdc.webact.put.no.id}" doc:name="No ID"/>
                        <splunklogger:time config-ref="SplunkLogger" destination="#[flowVars['elapsedTime']]"  message="${sfdc.create.put.webactivity.time}" doc:name="Time execution" >
                            <sfdc:create-single config-ref="Salesforce" type="Web_Activity__c" doc:name="Create Web Activity">
                                <sfdc:object ref="#[payload]"/>
                            </sfdc:create-single>
                        </splunklogger:time>
                    </when>
                    <otherwise>
                        <splunklogger:logger config-ref="SplunkLogger" message="${sfdc.webact.put.id.present}" doc:name="ID Present"/>
                        <splunklogger:time config-ref="SplunkLogger" destination="#[flowVars['elapsedTime']]"  message="${sfdc.update.put.webactivity.time}" doc:name="Time execution" >
                            <sfdc:update-single config-ref="Salesforce" type="Web_Activity__c" doc:name="Update Web Activity">
                                <sfdc:object ref="#[payload]"/>
                            </sfdc:update-single>
                        </splunklogger:time>
                    </otherwise>
                </choice>
                <splunklogger:logger config-ref="SplunkLogger" message="${sfdc.webact.put.response}" doc:name="SFDC Response"/>
                <scripting:transformer doc:name="Prepare Response">
                    <scripting:script engine="Groovy" file="set_resp_for_put_oper.groovy">
                        <property key="targetSystem" value="SFDC"/>
                        <property key="targetObjectType" value="Web_Activity"/>
                    </scripting:script>
                </scripting:transformer>
            </otherwise>
        </choice>

        <splunklogger:logger config-ref="SplunkLogger" message="${sfdc.webact.put.response}" doc:name="Output - Map"/>

        <catch-exception-strategy doc:name="Catch Exception Strategy">
            <splunklogger:logger config-ref="SplunkLogger" doc:name="Exception Message" message="${exception.detail.display}" severity="ERROR"/>
            <set-variable variableName="sfdcError" value="#[exception.getCauseException().toString()]" doc:name="SFDC Error"/>
            <set-variable variableName="exMessage" value=" #[exception.getCauseException().toString()]" doc:name="Variable"/>
            <scripting:transformer doc:name="Groovy">
                <scripting:script engine="Groovy" file="prepare_eloqua_exception_map.groovy"/>
            </scripting:transformer>
            <set-payload value="#[payload]" doc:name="Set Payload"/>
        </catch-exception-strategy>
    </flow>
    <flow name="sfdc_get_object_by_id" doc:name="sfdc_get_object_by_id">
		<splunklogger:logger config-ref="SplunkLogger" message="${sfdc.get.objectbyid.input}" doc:name="Input Message - JSON"/>

        <sfdc:query-single config-ref="Salesforce" query="Select Id from Lead where Id = '#[flowVars['crmId']]'" doc:name="Check Lead"/>
        <choice doc:name="Choice">
            <when expression="#[(payload instanceof org.mule.transport.NullPayload)]">
                <splunklogger:logger config-ref="SplunkLogger" message="${sfdc.get.objectbyid.no.lead}" doc:name="Lead not exits"/>

                <sfdc:query-single config-ref="Salesforce" query="Select Id from Contact where Id = '#[flowVars['crmId']]'" doc:name="Check Contact"/>
                <choice doc:name="Choice">
                    <when expression="#[(payload instanceof org.mule.transport.NullPayload)]">
                        <splunklogger:logger config-ref="SplunkLogger" message="${sfdc.get.objectbyid.no.contact}" doc:name="Contact Does Not Exist"/>

                        <set-variable variableName="objectType" value="Other" doc:name="Set Object Type"/>
                    </when>
                    <otherwise>
                        <splunklogger:logger config-ref="SplunkLogger" message="${sfdc.get.objectbyid.found.contact}" doc:name="Contact Exist"/>

                        <set-variable variableName="objectType" value="Contact" doc:name="Set Object Type"/>
                    </otherwise>
                </choice>
            </when>
            <otherwise>
                <splunklogger:logger config-ref="SplunkLogger" message="${sfdc.get.objectbyid.found.lead}" doc:name="Lead Exits"/>

                <set-variable variableName="objectType" value="Lead" doc:name="Set Object Type"/>
            </otherwise>
        </choice>
        
    </flow>
</mule>
