<?xml version="1.0" encoding="UTF-8"?>

<mule xmlns:data-mapper="http://www.mulesoft.org/schema/mule/ee/data-mapper" xmlns:sfdc="http://www.mulesoft.org/schema/mule/sfdc" xmlns:tracking="http://www.mulesoft.org/schema/mule/ee/tracking" xmlns="http://www.mulesoft.org/schema/mule/core" xmlns:doc="http://www.mulesoft.org/schema/mule/documentation"
	xmlns:spring="http://www.springframework.org/schema/beans" version="EE-3.5.2"
	xmlns:xsi="http://www.w3.org/2001/XMLSchema-instance"
	xsi:schemaLocation="http://www.springframework.org/schema/beans http://www.springframework.org/schema/beans/spring-beans-current.xsd
http://www.mulesoft.org/schema/mule/core http://www.mulesoft.org/schema/mule/core/current/mule.xsd
http://www.mulesoft.org/schema/mule/ee/tracking http://www.mulesoft.org/schema/mule/ee/tracking/current/mule-tracking-ee.xsd
http://www.mulesoft.org/schema/mule/sfdc http://www.mulesoft.org/schema/mule/sfdc/current/mule-sfdc.xsd
http://www.mulesoft.org/schema/mule/ee/data-mapper http://www.mulesoft.org/schema/mule/ee/data-mapper/current/mule-data-mapper.xsd">
    <data-mapper:config name="JSON_To_Note" transformationGraphPath="json_to_note.grf" doc:name="JSON_To_Note"/>
    <flow name="sfdc_notes_put_Flow" doc:name="sfdc_notes_put_Flow">
        <logger message="The sfdc notes put request is #[payload]" level="INFO" doc:name="Print Input Json Request"/>
        <data-mapper:transform config-ref="JSON_To_Note" doc:name="JSON To Note"/>
        <sfdc:create-single config-ref="Salesforce" type="Note" doc:name="Salesforce">
            <sfdc:object ref="#[payload]"/>
        </sfdc:create-single>
        <logger message="The Result is #[payload]" level="INFO" doc:name="Print Response"/>
    </flow>
</mule>
