<?xml version="1.0" encoding="UTF-8"?>

<mule xmlns:jbossts="http://www.mulesoft.org/schema/mule/jbossts" xmlns:vm="http://www.mulesoft.org/schema/mule/vm" xmlns:tracking="http://www.mulesoft.org/schema/mule/ee/tracking" xmlns:splunklogger="http://www.mulesoft.org/schema/mule/splunklogger" xmlns:data-mapper="http://www.mulesoft.org/schema/mule/ee/data-mapper" xmlns:netsuite="http://www.mulesoft.org/schema/mule/netsuite" xmlns:sfdc="http://www.mulesoft.org/schema/mule/sfdc" xmlns:context="http://www.springframework.org/schema/context"
	xmlns:json="http://www.mulesoft.org/schema/mule/json"
	xmlns:scripting="http://www.mulesoft.org/schema/mule/scripting"
	xmlns:http="http://www.mulesoft.org/schema/mule/http" xmlns="http://www.mulesoft.org/schema/mule/core" xmlns:doc="http://www.mulesoft.org/schema/mule/documentation"
	xmlns:spring="http://www.springframework.org/schema/beans" version="EE-3.5.1"
	xmlns:xsi="http://www.w3.org/2001/XMLSchema-instance"
	xsi:schemaLocation="http://www.springframework.org/schema/context http://www.springframework.org/schema/context/spring-context-current.xsd
http://www.mulesoft.org/schema/mule/json http://www.mulesoft.org/schema/mule/json/current/mule-json.xsd
http://www.mulesoft.org/schema/mule/scripting http://www.mulesoft.org/schema/mule/scripting/current/mule-scripting.xsd
http://www.springframework.org/schema/beans http://www.springframework.org/schema/beans/spring-beans-current.xsd
http://www.mulesoft.org/schema/mule/core http://www.mulesoft.org/schema/mule/core/current/mule.xsd
http://www.mulesoft.org/schema/mule/http http://www.mulesoft.org/schema/mule/http/current/mule-http.xsd
http://www.mulesoft.org/schema/mule/sfdc http://www.mulesoft.org/schema/mule/sfdc/current/mule-sfdc.xsd
http://www.mulesoft.org/schema/mule/netsuite http://www.mulesoft.org/schema/mule/netsuite/current/mule-netsuite.xsd
http://www.mulesoft.org/schema/mule/ee/data-mapper http://www.mulesoft.org/schema/mule/ee/data-mapper/current/mule-data-mapper.xsd
http://www.mulesoft.org/schema/mule/splunklogger http://www.mulesoft.org/schema/mule/splunklogger/current/mule-splunklogger.xsd
http://www.mulesoft.org/schema/mule/ee/tracking http://www.mulesoft.org/schema/mule/ee/tracking/current/mule-tracking-ee.xsd
http://www.mulesoft.org/schema/mule/vm http://www.mulesoft.org/schema/mule/vm/current/mule-vm.xsd
http://www.mulesoft.org/schema/mule/jbossts http://www.mulesoft.org/schema/mule/jbossts/current/mule-jbossts.xsd">
    <vm:connector name="SFDCSOPersistentVM" validateConnections="true" doc:name="VM">
        <vm:queue-profile maxOutstandingMessages="${sfdc.so.queue.maxoutstanding.msgs}">
            <default-persistent-queue-store/>
        </vm:queue-profile>
    </vm:connector>
   
    <flow name="sfdc_salesorder_put_async_flow" doc:name="sfdc_salesorder_put_async_flow">
        <splunklogger:logger config-ref="SplunkLogger" message="${sfdc.so.post.async.input.msg}" doc:name="Input Message - JSON"/>
        <vm:outbound-endpoint exchange-pattern="one-way" address="vm://sfdcSOReqQueue" doc:name="Send to SFDC SO Req Queue" connector-ref="SFDCSOPersistentVM" />
        <set-payload value="${sfdc.async.ack.msg}" doc:name="ACK message to caller"/>
        <exception-strategy ref="error_resp_with_plain_msg_catch_strategy" doc:name="Ref To Plain Error Msg Catch Strategy"/>
    </flow>
    <flow name="sfdc_salesorder_put_queue_flow" doc:name="sfdc_salesorder_put_queue_flow">
        <vm:inbound-endpoint exchange-pattern="one-way" connector-ref="SFDCSOPersistentVM" address="vm://sfdcSOReqQueue" doc:name="Receive from SFDC SO Req Queue (Transactional)">
            <vm:transaction action="ALWAYS_BEGIN"/>
        </vm:inbound-endpoint>
        <splunklogger:logger config-ref="SplunkLogger" message="${sfdc.so.queue.input.data}" doc:name="Request from Queue"/>
		<splunklogger:time config-ref="SplunkLogger" destination="#[flowVars['putSfdcSoFlowTime']]" message="${put.sfdc.so.flow.time}" doc:name="Time execution">
        	<flow-ref name="sfdc_salesorder_put_flow" doc:name="Put SFDC Sales Order Flow"/>			
		</splunklogger:time>        
        <exception-strategy ref="queue_process_rollback_excep_strategy" doc:name="Ref To Queue Process Rollback Strategy"/>
        <!-- 
        <catch-exception-strategy doc:name="Catch Exception Strategy">
            <logger message="2: #[payload]" level="INFO" doc:name="Logger"/>
            <flow-ref name="handle_error_and_log_to_sfdc_flow" doc:name="Call Error Handling Flow"/>
        </catch-exception-strategy>
         --> 
    </flow>
</mule>
