<?xml version="1.0" encoding="UTF-8"?>

<mule xmlns:http="http://www.mulesoft.org/schema/mule/http"
	xmlns:scripting="http://www.mulesoft.org/schema/mule/scripting" xmlns:json="http://www.mulesoft.org/schema/mule/json"
	xmlns:splunklogger="http://www.mulesoft.org/schema/mule/splunklogger" xmlns:data-mapper="http://www.mulesoft.org/schema/mule/ee/data-mapper" xmlns:sfdc="http://www.mulesoft.org/schema/mule/sfdc" xmlns="http://www.mulesoft.org/schema/mule/core" xmlns:doc="http://www.mulesoft.org/schema/mule/documentation"
	xmlns:spring="http://www.springframework.org/schema/beans" version="EE-3.5.2"
	xmlns:xsi="http://www.w3.org/2001/XMLSchema-instance"
	xsi:schemaLocation="
http://www.mulesoft.org/schema/mule/http http://www.mulesoft.org/schema/mule/http/current/mule-http.xsd http://www.mulesoft.org/schema/mule/json http://www.mulesoft.org/schema/mule/json/current/mule-json.xsd
http://www.springframework.org/schema/beans http://www.springframework.org/schema/beans/spring-beans-current.xsd
http://www.mulesoft.org/schema/mule/core http://www.mulesoft.org/schema/mule/core/current/mule.xsd
http://www.mulesoft.org/schema/mule/sfdc http://www.mulesoft.org/schema/mule/sfdc/current/mule-sfdc.xsd
http://www.mulesoft.org/schema/mule/ee/data-mapper http://www.mulesoft.org/schema/mule/ee/data-mapper/current/mule-data-mapper.xsd
http://www.mulesoft.org/schema/mule/splunklogger http://www.mulesoft.org/schema/mule/splunklogger/current/mule-splunklogger.xsd
http://www.mulesoft.org/schema/mule/scripting http://www.mulesoft.org/schema/mule/scripting/current/mule-scripting.xsd">

    <flow name="sfdc_documents_get_flow" doc:name="sfdc_documents_get_flow" processingStrategy="synchronous">        
        <splunklogger:logger config-ref="SplunkLogger" message="${sfdc.documents.get.input.msg}" doc:name="Input Message - JSON"/>
        <json:json-to-object-transformer returnClass="java.util.HashMap" doc:name="JSON to HashMap"/>
        <scripting:transformer doc:name="Consolidate SFDC Documents Ids">
        	<scripting:script engine="Groovy" file="groovy_scripts/sfdc_consolidate_attachment_ids.groovy"/>
        </scripting:transformer>        
 		<splunklogger:time config-ref="SplunkLogger" destination="#[flowVars['sfdcGetDocsTime']]" message="${sfdc.documents.get.time}" doc:name="Time execution">
	        <sfdc:retrieve config-ref="Salesforce" type="Attachment" doc:name="Retrieve Attachments">
	            <sfdc:ids ref="#[payload]"></sfdc:ids>
			     <sfdc:fields>
			         <sfdc:field>Id</sfdc:field>
			         <sfdc:field>Name</sfdc:field>
			         <sfdc:field>ContentType</sfdc:field>
			         <sfdc:field>Body</sfdc:field>
			     </sfdc:fields>            
	        </sfdc:retrieve>			
		</splunklogger:time>   
		<!--       
		<splunklogger:logger config-ref="SplunkLogger" message="${sfdc.documents.get.retrieve.resp}" doc:name="SFDC Response"/>
		 -->
        <json:object-to-json-transformer doc:name="Object to JSON"/>		      
        <splunklogger:logger config-ref="SplunkLogger" message="${sfdc.documents.get.output.msg}" doc:name="Output Message -  JSON"/>
    </flow>
</mule>
