<?xml version="1.0" encoding="UTF-8"?>

<mule xmlns:netsuite="http://www.mulesoft.org/schema/mule/netsuite" xmlns:scripting="http://www.mulesoft.org/schema/mule/scripting" xmlns:sfdc="http://www.mulesoft.org/schema/mule/sfdc" xmlns:json="http://www.mulesoft.org/schema/mule/json" xmlns:splunklogger="http://www.mulesoft.org/schema/mule/splunklogger" xmlns:tracking="http://www.mulesoft.org/schema/mule/ee/tracking" xmlns="http://www.mulesoft.org/schema/mule/core" xmlns:doc="http://www.mulesoft.org/schema/mule/documentation"
	xmlns:spring="http://www.springframework.org/schema/beans" version="EE-3.5.2"
	xmlns:xsi="http://www.w3.org/2001/XMLSchema-instance"
	xsi:schemaLocation="http://www.springframework.org/schema/beans http://www.springframework.org/schema/beans/spring-beans-current.xsd
http://www.mulesoft.org/schema/mule/core http://www.mulesoft.org/schema/mule/core/current/mule.xsd
http://www.mulesoft.org/schema/mule/ee/tracking http://www.mulesoft.org/schema/mule/ee/tracking/current/mule-tracking-ee.xsd
http://www.mulesoft.org/schema/mule/splunklogger http://www.mulesoft.org/schema/mule/splunklogger/current/mule-splunklogger.xsd
http://www.mulesoft.org/schema/mule/json http://www.mulesoft.org/schema/mule/json/current/mule-json.xsd
http://www.mulesoft.org/schema/mule/netsuite http://www.mulesoft.org/schema/mule/netsuite/current/mule-netsuite.xsd
http://www.mulesoft.org/schema/mule/sfdc http://www.mulesoft.org/schema/mule/sfdc/current/mule-sfdc.xsd
http://www.mulesoft.org/schema/mule/scripting http://www.mulesoft.org/schema/mule/scripting/current/mule-scripting.xsd">
    <flow name="sfdc_document_put_flow" doc:name="sfdc_document_put_flow" processingStrategy="synchronous">
        <splunklogger:logger config-ref="SplunkLogger" doc:name="Document JSON"/>

        <json:json-to-object-transformer doc:name="JSON to Object" returnClass="java.util.HashMap"/>
        <set-variable variableName="nsPdfId" value="#[payload.get('nsPdfId')]" doc:name="set nsPdfId"/>
        <set-variable variableName="sfdcFolderId" value="#[payload.get('sfdcFolderId')]" doc:name="set sfdcFolderId"/>
        <set-variable variableName="sfdcFileName" value="#[payload.get('sfdcFileName')]" doc:name="set sfdcFileName"/>
        <flow-ref name="sfdc_document_put_subflow" doc:name="Call subflow"/>
        <scripting:transformer doc:name="Prepare Rest Response">
            <scripting:script engine="Groovy" ><![CDATA[
import java.util.HashMap
import org.mule.module.apikit.exception.BadRequestException

HashMap<String,String> putResponseMap = new HashMap<String,String>()

String objectId = ''
boolean isSuccess = false;

if(payload[0]!=null)
{
	objectId = payload[0].getId()
	isSuccess = payload[0].isSuccess()

if(isSuccess){
	putResponseMap.put('statusCode','STS-200-SUCCESS')
	putResponseMap.put('objectId',objectId)
	putResponseMap.put('objectType','Document')
	putResponseMap.put('statusMessage','Object created/updated successfully')
} else {
	if(payload[0].getErrors()!=null){
		throw new BadRequestException(payload[0].getErrors().toString());
	} else {
		throw new BadRequestException('Operation error');
	}
}

}

return putResponseMap]]>
            </scripting:script>
        </scripting:transformer>
        <catch-exception-strategy doc:name="Catch Exception Strategy">
            <splunklogger:logger config-ref="SplunkLogger" doc:name="Logger" message="${sfdc.pdf.put.error.msg}"/>
        </catch-exception-strategy>
    </flow>
    <sub-flow name="sfdc_document_put_subflow" doc:name="sfdc_document_put_subflow">
        <choice doc:name="Choice">
            <when expression="#[flowVars['nsPdfId']!=null&amp;&amp;flowVars['nsPdfId']!=&quot;&quot;]">
                <netsuite:get-record config-ref="Netsuite" doc:name="Get File">
                    <netsuite:record-ref internalId="#[flowVars['nsPdfId']]" type="FILE"/>
                </netsuite:get-record>
                <scripting:transformer doc:name="Document payload">
                    <scripting:script engine="Groovy"><![CDATA[
DocumentRequest = [];


DocumentRecord = [: ] ;
DocumentRecord['Description'] = flowVars['sfdcFileName'];
DocumentRecord['Name'] = flowVars['sfdcFileName'];  
DocumentRecord['Body'] = payload.get('content');
DocumentRecord['ContentType'] = 'application/pdf';
DocumentRecord['Type'] = 'pdf';
DocumentRecord['FolderId'] = flowVars['sfdcFolderId'];




DocumentRequest.add(DocumentRecord);

return DocumentRequest;]]></scripting:script>
                </scripting:transformer>
                <sfdc:upsert config-ref="Salesforce" externalIdFieldName="Name" type="Document" doc:name="Upsert document">
                    <sfdc:objects ref="#[payload]"/>
                </sfdc:upsert>
                <splunklogger:logger config-ref="SplunkLogger" message="${sfdc.pdf.put.output.msg}" doc:name="Logger"/>
            </when>
            <otherwise>
                <splunklogger:logger config-ref="SplunkLogger" doc:name="Logger" message="${sfdc.pdf.put.default.msg}"/>
            </otherwise>
        </choice>
    </sub-flow>
</mule>
