<?xml version="1.0" encoding="UTF-8"?>

<mule xmlns:data-mapper="http://www.mulesoft.org/schema/mule/ee/data-mapper" xmlns:sfdc="http://www.mulesoft.org/schema/mule/sfdc" xmlns:tracking="http://www.mulesoft.org/schema/mule/ee/tracking" xmlns="http://www.mulesoft.org/schema/mule/core" xmlns:doc="http://www.mulesoft.org/schema/mule/documentation"
	xmlns:spring="http://www.springframework.org/schema/beans" version="EE-3.5.2"
	xmlns:xsi="http://www.w3.org/2001/XMLSchema-instance"
	xsi:schemaLocation="http://www.springframework.org/schema/beans http://www.springframework.org/schema/beans/spring-beans-current.xsd
http://www.mulesoft.org/schema/mule/core http://www.mulesoft.org/schema/mule/core/current/mule.xsd
http://www.mulesoft.org/schema/mule/ee/tracking http://www.mulesoft.org/schema/mule/ee/tracking/current/mule-tracking-ee.xsd
http://www.mulesoft.org/schema/mule/sfdc http://www.mulesoft.org/schema/mule/sfdc/current/mule-sfdc.xsd
http://www.mulesoft.org/schema/mule/ee/data-mapper http://www.mulesoft.org/schema/mule/ee/data-mapper/current/mule-data-mapper.xsd">
    <data-mapper:config name="JSON_To_CampaignMember" transformationGraphPath="json_to_campaignmember.grf" doc:name="JSON_To_CampaignMember"/>
    <flow name="sfdc_campaign_member_put_Flow" doc:name="sfdc_campaign_member_put_Flow">
        <logger message="${sfdc.campaign.member.input}" level="INFO" doc:name="Print the input JSON"/>
        <set-variable variableName="campaignName" value="#[json:campaignName]" doc:name="Set to campaign Name"/>
        <logger message="The campaign Name : #[json:campaignName]" level="INFO" doc:name="Print Campaign Name"/>
        <set-variable variableName="origPayload" value="#[payload]" doc:name="Save Payload "/>
        <flow-ref name="sfdc_campaign_get_Flow" doc:name="Get Campaign ID"/>
        <set-variable variableName="campaignId" value="#[json:Id]" doc:name="Set to campaignId"/>
        <logger message="The campaign Id : #[json:Id]" level="INFO" doc:name="Print Campaign Id"/>
        <data-mapper:transform config-ref="JSON_To_CampaignMember" input-ref="#[flowVars[&quot;origPayload&quot;]]" doc:name="JSON To CampaignMember">
            <data-mapper:input-arguments>
                <data-mapper:input-argument key="Id">#[flowVars['campaignId']]</data-mapper:input-argument>
            </data-mapper:input-arguments>
        </data-mapper:transform>
        <sfdc:create-single config-ref="Salesforce" type="CampaignMember" doc:name="Salesforce">
            <sfdc:object ref="#[payload]"/>
        </sfdc:create-single>
        <logger message="${sfdc.output.msg}" level="INFO" doc:name="Print Response"/>
    </flow>
</mule>
