<?xml version="1.0" encoding="UTF-8"?>

<mule xmlns:scripting="http://www.mulesoft.org/schema/mule/scripting" xmlns:json="http://www.mulesoft.org/schema/mule/json"
	xmlns:splunklogger="http://www.mulesoft.org/schema/mule/splunklogger" xmlns:data-mapper="http://www.mulesoft.org/schema/mule/ee/data-mapper" xmlns:sfdc="http://www.mulesoft.org/schema/mule/sfdc" xmlns="http://www.mulesoft.org/schema/mule/core" xmlns:doc="http://www.mulesoft.org/schema/mule/documentation"
	xmlns:spring="http://www.springframework.org/schema/beans" version="EE-3.5.2"
	xmlns:xsi="http://www.w3.org/2001/XMLSchema-instance"
	xsi:schemaLocation="http://www.mulesoft.org/schema/mule/json http://www.mulesoft.org/schema/mule/json/current/mule-json.xsd
http://www.springframework.org/schema/beans http://www.springframework.org/schema/beans/spring-beans-current.xsd
http://www.mulesoft.org/schema/mule/core http://www.mulesoft.org/schema/mule/core/current/mule.xsd
http://www.mulesoft.org/schema/mule/sfdc http://www.mulesoft.org/schema/mule/sfdc/current/mule-sfdc.xsd
http://www.mulesoft.org/schema/mule/ee/data-mapper http://www.mulesoft.org/schema/mule/ee/data-mapper/current/mule-data-mapper.xsd
http://www.mulesoft.org/schema/mule/splunklogger http://www.mulesoft.org/schema/mule/splunklogger/current/mule-splunklogger.xsd
http://www.mulesoft.org/schema/mule/scripting http://www.mulesoft.org/schema/mule/scripting/current/mule-scripting.xsd">
    <data-mapper:config name="SFDC_Map_To_Account_JSON" transformationGraphPath="sfdc_map_to_account_json.grf" doc:name="SFDC Map_To_Account JSON"/>
    <flow name="sfdc_account_get_flow" doc:name="sfdc_account_get_flow" processingStrategy="synchronous">        
        <splunklogger:logger config-ref="SplunkLogger" message="${sfdc.account.get.input.msg}" doc:name="Input Message - URI PARAM"/>
		<splunklogger:time config-ref="SplunkLogger" destination="#[flowVars['sfdcGetAccTime']]" message="${sfdc.get.account.time}" doc:name="Time execution">
			<sfdc:query-single config-ref="Salesforce" query="${sfdc.account.get.soql}" doc:name="Get Account"/>
		</splunklogger:time>        
        <choice doc:name="Is Payload null?">
            <when expression="#[payload instanceof org.mule.transport.NullPayload]">
            	<splunklogger:logger config-ref="SplunkLogger" message="${payload.is.null.msg}" doc:name="Payload is null"/>
                <set-payload value="${payload.null.case.json.response}" doc:name="Set Error Response"/>
                <set-property propertyName="http.status" value="400" doc:name="HTTP status as 400"/>
                <!-- 
                <json:object-to-json-transformer doc:name="Object to JSON"/>
                 -->
            </when>
            <otherwise>           	
            	<splunklogger:logger config-ref="SplunkLogger" message="${sfdc.acount.get.query.resp}" doc:name="Query Result"/>
                <scripting:transformer doc:name="Check for Bill and Ship same address">
              		<scripting:script engine="Groovy" file="groovy_scripts/check_for_same_address.groovy"/>
          		</scripting:transformer>             	
                <data-mapper:transform config-ref="SFDC_Map_To_Account_JSON" doc:name="SFDC Map To Account JSON" />
            </otherwise>
        </choice>
        <splunklogger:logger config-ref="SplunkLogger" message="${sfdc.account.get.output.msg}" doc:name="Output Message -  JSON"/>
    </flow>
</mule>
