<?xml version="1.0" encoding="UTF-8"?>

<mule xmlns:tracking="http://www.mulesoft.org/schema/mule/ee/tracking" xmlns:splunklogger="http://www.mulesoft.org/schema/mule/splunklogger" xmlns:data-mapper="http://www.mulesoft.org/schema/mule/ee/data-mapper" xmlns:netsuite="http://www.mulesoft.org/schema/mule/netsuite" xmlns:sfdc="http://www.mulesoft.org/schema/mule/sfdc" xmlns:context="http://www.springframework.org/schema/context"
	xmlns:json="http://www.mulesoft.org/schema/mule/json"
	xmlns:scripting="http://www.mulesoft.org/schema/mule/scripting"
	xmlns:http="http://www.mulesoft.org/schema/mule/http" xmlns="http://www.mulesoft.org/schema/mule/core" xmlns:doc="http://www.mulesoft.org/schema/mule/documentation"
	xmlns:spring="http://www.springframework.org/schema/beans" version="EE-3.5.2"
	xmlns:xsi="http://www.w3.org/2001/XMLSchema-instance"
	xsi:schemaLocation="http://www.springframework.org/schema/context http://www.springframework.org/schema/context/spring-context-current.xsd
http://www.mulesoft.org/schema/mule/json http://www.mulesoft.org/schema/mule/json/current/mule-json.xsd
http://www.mulesoft.org/schema/mule/scripting http://www.mulesoft.org/schema/mule/scripting/current/mule-scripting.xsd
http://www.springframework.org/schema/beans http://www.springframework.org/schema/beans/spring-beans-current.xsd
http://www.mulesoft.org/schema/mule/core http://www.mulesoft.org/schema/mule/core/current/mule.xsd
http://www.mulesoft.org/schema/mule/http http://www.mulesoft.org/schema/mule/http/current/mule-http.xsd
http://www.mulesoft.org/schema/mule/sfdc http://www.mulesoft.org/schema/mule/sfdc/current/mule-sfdc.xsd
http://www.mulesoft.org/schema/mule/netsuite http://www.mulesoft.org/schema/mule/netsuite/current/mule-netsuite.xsd
http://www.mulesoft.org/schema/mule/ee/data-mapper http://www.mulesoft.org/schema/mule/ee/data-mapper/current/mule-data-mapper.xsd
http://www.mulesoft.org/schema/mule/splunklogger http://www.mulesoft.org/schema/mule/splunklogger/current/mule-splunklogger.xsd
http://www.mulesoft.org/schema/mule/ee/tracking http://www.mulesoft.org/schema/mule/ee/tracking/current/mule-tracking-ee.xsd">
    <data-mapper:config name="JSON_To_NetSuite_Sales_Order__c" transformationGraphPath="json_to_netsuite_sales_order__c.grf" doc:name="JSON_To_NetSuite_Sales_Order__c"/>
    
    <flow name="sfdc_salesorder_put_flow" doc:name="sfdc_salesorder_put_flow" processingStrategy="synchronous">

        <splunklogger:logger config-ref="SplunkLogger" message="${sfdc.salesorder.put.input.msg}" doc:name="Input Message"/>
        <data-mapper:transform config-ref="JSON_To_NetSuite_Sales_Order__c" doc:name="JSON To NetSuite_Sales_Order__c"/>
        <scripting:transformer doc:name="Unescape Special Charatcers in Memo">
            <scripting:script engine="Groovy"><![CDATA[import org.apache.commons.lang.StringEscapeUtils

if(payload.get('Memo__c')!=null && payload.get('Memo__c')!=''){
	payload.put('Memo__c', StringEscapeUtils.unescapeHtml(payload.get('Memo__c')))
}

return payload]]></scripting:script>
        </scripting:transformer>
        <splunklogger:logger config-ref="SplunkLogger" message="${sfdc.salesorder.put.sodata}" doc:name="Data to be used for SFDC SO"/>
        <choice doc:name="Is SFDC Id present?">
        	<when expression="#[payload.get('Id') == null || payload.get('Id') == '']">
                <splunklogger:logger config-ref="SplunkLogger" message="${so.sfdc.id.notpresent}" doc:name="SFDC ID not present"/>
				<splunklogger:time config-ref="SplunkLogger" destination="#[flowVars['sfdcCreateSoTime']]" message="${sfdc.create.so.time}" doc:name="Time execution">
					<sfdc:create-single config-ref="Salesforce" type="NetSuite_Sales_Order__c" doc:name="Create SO">
	                    <sfdc:object ref="#[payload]"/>
	                </sfdc:create-single>				
				</splunklogger:time>                
        	</when>
            <otherwise>
            	<splunklogger:logger config-ref="SplunkLogger" message="${so.sfdc.id.present}" doc:name="SFDC ID present"/>
				<splunklogger:time config-ref="SplunkLogger" destination="#[flowVars['sfdcUpdSoTime']]" message="${sfdc.upd.so.time}" doc:name="Time execution">
					<sfdc:update-single config-ref="Salesforce" type="NetSuite_Sales_Order__c" doc:name="Update SO">
	                    <sfdc:object ref="#[payload]"/>
	                </sfdc:update-single>
				</splunklogger:time>            	
            </otherwise>
        </choice>     
        <splunklogger:logger config-ref="SplunkLogger" message="${sfdc.salesorder.put.resp}" doc:name="SFDC SO Response"/>   
        <scripting:transformer doc:name="Prepare Rest Response">
            <scripting:script engine="Groovy" file="groovy_scripts/set_sfdc_so_put_response.groovy"/>
        </scripting:transformer>
        <json:object-to-json-transformer doc:name="HashMap to JSON"/>
        <splunklogger:logger config-ref="SplunkLogger" message="${sfdc.salesorder.put.output.msg}" doc:name="Output Message - JSON"/>
    </flow>
</mule>
