<?xml version="1.0" encoding="UTF-8"?>

<mule xmlns:tracking="http://www.mulesoft.org/schema/mule/ee/tracking" xmlns:apikit="http://www.mulesoft.org/schema/mule/apikit" xmlns:scripting="http://www.mulesoft.org/schema/mule/scripting" xmlns:json="http://www.mulesoft.org/schema/mule/json"
	xmlns:splunklogger="http://www.mulesoft.org/schema/mule/splunklogger" xmlns:data-mapper="http://www.mulesoft.org/schema/mule/ee/data-mapper" xmlns:sfdc="http://www.mulesoft.org/schema/mule/sfdc" xmlns="http://www.mulesoft.org/schema/mule/core" xmlns:doc="http://www.mulesoft.org/schema/mule/documentation"
	xmlns:spring="http://www.springframework.org/schema/beans" version="EE-3.5.1"
	xmlns:xsi="http://www.w3.org/2001/XMLSchema-instance"
	xsi:schemaLocation="http://www.mulesoft.org/schema/mule/json http://www.mulesoft.org/schema/mule/json/current/mule-json.xsd
http://www.springframework.org/schema/beans http://www.springframework.org/schema/beans/spring-beans-current.xsd
http://www.mulesoft.org/schema/mule/core http://www.mulesoft.org/schema/mule/core/current/mule.xsd
http://www.mulesoft.org/schema/mule/sfdc http://www.mulesoft.org/schema/mule/sfdc/current/mule-sfdc.xsd
http://www.mulesoft.org/schema/mule/ee/data-mapper http://www.mulesoft.org/schema/mule/ee/data-mapper/current/mule-data-mapper.xsd
http://www.mulesoft.org/schema/mule/splunklogger http://www.mulesoft.org/schema/mule/splunklogger/current/mule-splunklogger.xsd
http://www.mulesoft.org/schema/mule/scripting http://www.mulesoft.org/schema/mule/scripting/current/mule-scripting.xsd
http://www.mulesoft.org/schema/mule/apikit http://www.mulesoft.org/schema/mule/apikit/current/mule-apikit.xsd
http://www.mulesoft.org/schema/mule/ee/tracking http://www.mulesoft.org/schema/mule/ee/tracking/current/mule-tracking-ee.xsd">
    <data-mapper:config name="Map_To_List_Event_Tracking__c_" transformationGraphPath="map_to_list_event_tracking__c_.grf" doc:name="Map_To_List_Event_Tracking__c_Contact"/>

    <flow name="sfdc_addEvent_flow"> 
    <enricher target="#[payload]" doc:name="Message Enricher">
            <json:json-to-object-transformer returnClass="java.util.HashMap" doc:name="JSON to Object"/>
		</enricher>
        <choice doc:name=" Validate crmid">
            <when expression="#[ !( payload.get(&quot;crmid&quot;).startsWith(&quot;003&quot;) ||  payload.get(&quot;crmid&quot;).startsWith(&quot;00Q&quot;) ) ]">
                <set-property propertyName="http.status" value="411" doc:name="Set http status code"/>
                <set-property propertyName="Content-Type" value="application/json" doc:name="Set content type"/>
                <set-payload value="#[&quot;{\&quot;message\&quot;:\&quot;Bad Request. Please verify crmid.\&quot;}&quot;]" doc:name="Set Payload Bad Request"/>
                <logger message="#[payload]" level="INFO" doc:name="Logger"/>
            </when>
            <otherwise>
                <data-mapper:transform config-ref="Map_To_List_Event_Tracking__c_" doc:name="Map To List&lt;Event_Tracking__c"/>
                <sfdc:create config-ref="Salesforce" type="Event_Tracking__c" doc:name="Salesforce">
                    <sfdc:objects ref="#[payload]"/>
                </sfdc:create>
                <choice doc:name="Sucsessful?">
                    <when expression="#[payload.get(0).success==true]">
                        <set-property propertyName="http.status" value="200" doc:name="Set http status code success"/>
                        <set-property propertyName="Content-Type" value="application/json" doc:name="Set content type"/>
                        <set-payload value="#[&quot;{\&quot;message\&quot;:\&quot;Successful\&quot;}&quot;]" doc:name="Set Payload Success"/>
                        <logger message="#[payload]" level="INFO" doc:name="Logger"/>
                    </when>
                    <when expression="#[payload.get(0).errors[0].message.contains(&quot;insufficient access rights on cross-reference&quot;)]">
                        <set-property propertyName="http.status" value="513" doc:name="Set http status code error in crm id"/>
                        <set-property propertyName="Content-Type" value="application/json" doc:name="Set content type"/>
                        <set-payload value="#[&quot;{\&quot;message\&quot;:\&quot;Referenced crmid does not exist. Please verify crmid.\&quot;}&quot;]" doc:name="Set Payload Error"/>
                        <logger message="#[payload]" level="INFO" doc:name="Logger"/>
                    </when>
                    <otherwise>
                        <set-property propertyName="http.status" value="520" doc:name="Set http status code"/>
                        <set-property propertyName="Content-Type" value="application/json" doc:name="Set content type"/>
                        <set-payload value="#[&quot;{\&quot;message\&quot;:\&quot;Failed\&quot;}&quot;]" doc:name="Set Payload Failure"/>
                        <logger message="#[payload]" level="INFO" doc:name="Logger"/>
                    </otherwise>
                </choice>
            </otherwise>
        </choice>
        <!-- 
        <apikit:mapping-exception-strategy doc:name="Mapping Exception Strategy">
        
        <apikit:mapping statusCode="511">
                <apikit:exception value="com.mulesoft.mule.module.datamapper.api.exception.DataMapperExecutionException"/>
                <set-property propertyName="Content-Type" value="application/json" doc:name="Property"/>
                <set-payload value="#[&quot;{\&quot;message\&quot;:\&quot;Error converting inout JSON into Salesforce Object. Please verify input JSON. \&quot;}&quot;]" doc:name="Set Payload"/>
                <logger message="#[payload]" level="INFO" doc:name="Logger"/>
            </apikit:mapping>
        
        <apikit:mapping statusCode="512">
                <apikit:exception value="com.sforce.ws.ConnectionException"/>
                <apikit:exception value="org.mule.api.store.ObjectStoreException"/>
                <set-property propertyName="Content-Type" value="application/json" doc:name="Property"/>
                <set-payload value="#[&quot;{\&quot;message\&quot;:\&quot;Something went wrong on Server, probably Exception in Salesforce Connector.\&quot;}&quot;]" doc:name="Set Payload"/>
                <logger message="#[payload]" level="INFO" doc:name="Logger"/>
            </apikit:mapping>
        </apikit:mapping-exception-strategy>
         -->
	</flow>
</mule>