<?xml version="1.0" encoding="UTF-8"?>

<mule xmlns:splunklogger="http://www.mulesoft.org/schema/mule/splunklogger" xmlns:sfdc="http://www.mulesoft.org/schema/mule/sfdc" xmlns:data-mapper="http://www.mulesoft.org/schema/mule/ee/data-mapper" xmlns:json="http://www.mulesoft.org/schema/mule/json"
	xmlns:scripting="http://www.mulesoft.org/schema/mule/scripting"
	xmlns="http://www.mulesoft.org/schema/mule/core" xmlns:doc="http://www.mulesoft.org/schema/mule/documentation"
	xmlns:spring="http://www.springframework.org/schema/beans" version="EE-3.5.2"
	xmlns:xsi="http://www.w3.org/2001/XMLSchema-instance"
	xsi:schemaLocation="http://www.mulesoft.org/schema/mule/json http://www.mulesoft.org/schema/mule/json/current/mule-json.xsd
http://www.mulesoft.org/schema/mule/scripting http://www.mulesoft.org/schema/mule/scripting/current/mule-scripting.xsd
http://www.springframework.org/schema/beans http://www.springframework.org/schema/beans/spring-beans-current.xsd
http://www.mulesoft.org/schema/mule/core http://www.mulesoft.org/schema/mule/core/current/mule.xsd
http://www.mulesoft.org/schema/mule/ee/data-mapper http://www.mulesoft.org/schema/mule/ee/data-mapper/current/mule-data-mapper.xsd
http://www.mulesoft.org/schema/mule/sfdc http://www.mulesoft.org/schema/mule/sfdc/current/mule-sfdc.xsd
http://www.mulesoft.org/schema/mule/splunklogger http://www.mulesoft.org/schema/mule/splunklogger/current/mule-splunklogger.xsd">
    <data-mapper:config name="JSON_To_SFDC_Account" transformationGraphPath="json_to_sfdc_account.grf" doc:name="JSON_To_Account"/>

    <flow name="sfdc_account_put_flow" doc:name="sfdc_account_put_flow" processingStrategy="synchronous">
        <splunklogger:logger config-ref="SplunkLogger" message="${sfdc.account.put.input.msg}" doc:name="Input Message - JSON"/>
        <enricher target="flowVars['accounttInputMap']" doc:name="Message Enricher">
            <json:json-to-object-transformer doc:name="JSON to HashMap" returnClass="java.util.HashMap"/>
        </enricher>
        
        <data-mapper:transform config-ref="JSON_To_SFDC_Account" doc:name="JSON To Account"/>
        <scripting:transformer doc:name="Map Address Info into Account">
            <scripting:script engine="Groovy" file="groovy_scripts/map_sfdc_account_address.groovy"/>
        </scripting:transformer>
        <splunklogger:logger config-ref="SplunkLogger" message="${sfdc.account.put.input.msg.accountdata}" doc:name="Account Data"/>
        
        <choice doc:name="Is SFDC Id Present?">
        	<when expression="#[payload.get('Id') == null || payload.get('Id') == '']">
        		<splunklogger:logger config-ref="SplunkLogger" message="${account.sfdc.id.notpresent}" doc:name="SFDC ID not present"/>
				<splunklogger:time config-ref="SplunkLogger" destination="#[flowVars['sfdcCreateAccTime']]" message="${sfdc.create.account.time}" doc:name="Time execution">
                    <sfdc:create-single config-ref="Salesforce" type="Account" doc:name="Create Account">
                        <sfdc:object ref="#[payload]"/>
                    </sfdc:create-single>
				
				</splunklogger:time>		        
        	</when>
            <otherwise>
            	<splunklogger:logger config-ref="SplunkLogger" message="${account.sfdc.id.present}" doc:name="SFDC ID present"/>
		        <splunklogger:time config-ref="SplunkLogger" destination="#[flowVars['sfdcUpdAccTime']]" message="${sfdc.upd.account.time}" doc:name="Time execution">
			        <sfdc:update-single config-ref="Salesforce" type="Account" doc:name="Update Account">
			            <sfdc:object ref="#[payload]"/>
			        </sfdc:update-single>
				</splunklogger:time>
            </otherwise>
        </choice> 
        <enricher doc:name="Message Enricher" target="flowVars['sfdcAccRespJson']">
            <object-to-string-transformer doc:name="Object to String for printing"/>
        </enricher>       
        <splunklogger:logger config-ref="SplunkLogger" message="${account.put.sfdc.resp}" doc:name="SFDC Response"/>
        <scripting:transformer doc:name="Prepare Response Map">
            <scripting:script engine="Groovy" file="groovy_scripts/set_resp_for_put_oper.groovy">
                <property key="targetSystem" value="SFDC"/>
                <property key="targetObjectType" value="Account"/>
            </scripting:script>
        </scripting:transformer>
        <json:object-to-json-transformer doc:name="HashMap to JSON"/>
        <splunklogger:logger config-ref="SplunkLogger" message="${sfdc.account.put.output.msg}" doc:name="Output Message - JSON"/>
    </flow>
</mule>
