<?xml version="1.0" encoding="UTF-8"?>

<mule xmlns:splunklogger="http://www.mulesoft.org/schema/mule/splunklogger" xmlns:http="http://www.mulesoft.org/schema/mule/http" xmlns:scripting="http://www.mulesoft.org/schema/mule/scripting" xmlns:data-mapper="http://www.mulesoft.org/schema/mule/ee/data-mapper" xmlns:sfdc="http://www.mulesoft.org/schema/mule/sfdc" xmlns:json="http://www.mulesoft.org/schema/mule/json" xmlns:tracking="http://www.mulesoft.org/schema/mule/ee/tracking" xmlns="http://www.mulesoft.org/schema/mule/core" xmlns:doc="http://www.mulesoft.org/schema/mule/documentation"
	xmlns:spring="http://www.springframework.org/schema/beans" version="EE-3.5.2"
	xmlns:xsi="http://www.w3.org/2001/XMLSchema-instance"
	xsi:schemaLocation="http://www.springframework.org/schema/beans http://www.springframework.org/schema/beans/spring-beans-current.xsd
http://www.mulesoft.org/schema/mule/core http://www.mulesoft.org/schema/mule/core/current/mule.xsd
http://www.mulesoft.org/schema/mule/ee/tracking http://www.mulesoft.org/schema/mule/ee/tracking/current/mule-tracking-ee.xsd
http://www.mulesoft.org/schema/mule/sfdc http://www.mulesoft.org/schema/mule/sfdc/current/mule-sfdc.xsd
http://www.mulesoft.org/schema/mule/json http://www.mulesoft.org/schema/mule/json/current/mule-json.xsd
http://www.mulesoft.org/schema/mule/ee/data-mapper http://www.mulesoft.org/schema/mule/ee/data-mapper/current/mule-data-mapper.xsd
http://www.mulesoft.org/schema/mule/scripting http://www.mulesoft.org/schema/mule/scripting/current/mule-scripting.xsd
http://www.mulesoft.org/schema/mule/http http://www.mulesoft.org/schema/mule/http/current/mule-http.xsd
http://www.mulesoft.org/schema/mule/splunklogger http://www.mulesoft.org/schema/mule/splunklogger/current/mule-splunklogger.xsd">
    <data-mapper:config name="JSON_To_Lead" transformationGraphPath="json_to_lead_1.grf" doc:name="JSON_To_Lead"/>
    <data-mapper:config name="JSON_To_Contact_JSON" transformationGraphPath="json_to_json_4.grf" doc:name="JSON_To_JSON"/>
    <data-mapper:config name="JSON_To_Campaign_JSON" transformationGraphPath="json_to_json_5.grf" doc:name="JSON_To_JSON"/>
    <flow name="sfdc_lead_put_Flow" doc:name="sfdc_lead_put_Flow">
        <splunklogger:logger config-ref="SplunkLogger" message="${sfdc.lead.put.input.msg}" doc:name="Input message Json"/>

        <set-variable variableName="originalPayload" value="#[payload]" doc:name="Save original payload"/>
        <enricher target="flowVars['leadInputMap']" doc:name="Message Enricher">
            <json:json-to-object-transformer returnClass="java.util.HashMap" doc:name="JSON to HashMap"/>
        </enricher>
        <set-variable variableName="email" value="#[leadInputMap.get('email')]" doc:name="Variable"/>
        <flow-ref name="sfdc_lead_get_Flow" doc:name="Check Email Exist"/>
        <set-variable variableName="leadId" value="#[json:crmId]" doc:name="Set to Id"/>
        <set-variable variableName="convertedContactId" value="#[json:ConvertedContactId]" doc:name="Set to ConvertedContactId"/>
        <splunklogger:logger config-ref="SplunkLogger" message="The ID is #[json:crmId] and ConvertedContactId  : #[json:ConvertedContactId]" doc:name="Print Id"/>

        <choice doc:name="Choice">
            <when expression="#[leadInputMap.get('crossReferences') != null &amp;&amp; leadInputMap.get('crossReferences').get('crmId') != null &amp;&amp; flowVars[&quot;leadId&quot;] != leadInputMap.get('crossReferences').get('crmId')]">
                <splunklogger:logger config-ref="SplunkLogger" message="Email ID is not unique" doc:name="Email ID is not unique"/>

                <set-payload value="{&quot;statusCode&quot;:&quot;STS-400-001&quot;,&quot;statusMessage&quot;:&quot;Lead email id is not unique. Please correct and continue&quot;}" doc:name="Set Payload"/>
                <http:response-builder status="400" contentType="application/json" doc:name="HTTP Response Builder"/>
            </when>
            <when expression="#[flowVars[&quot;convertedContactId&quot;] != null ]">
                <splunklogger:logger config-ref="SplunkLogger" message="Lead is converted to Contact" doc:name="Lead is converted to Contact"/>

                <set-payload value="{&quot;statusCode&quot;:&quot;STS-400-001&quot;,&quot;statusMessage&quot;:&quot;Lead is converted to Contact. Please use Contact PUT api.&quot;}" doc:name="Set Payload"/>
                <http:response-builder status="400" contentType="application/json" doc:name="HTTP Response Builder"/>
            </when>
            <otherwise>
                <splunklogger:logger config-ref="SplunkLogger" message="Email Id is unique" doc:name="Email Id is unique"/>

                <data-mapper:transform config-ref="JSON_To_Lead" input-ref="#[flowVars[&quot;originalPayload&quot;]]" doc:name="JSON To Lead">
                    <data-mapper:input-arguments>
                        <data-mapper:input-argument key="leadID">#[flowVars['leadId']]</data-mapper:input-argument>
                    </data-mapper:input-arguments>
                </data-mapper:transform>
                <scripting:transformer doc:name="Address Mapping to lead object">
                    <scripting:script engine="Groovy" file="groovy_scripts/map_sfdc_lead_address.groovy"/>
                </scripting:transformer>
                <splunklogger:logger config-ref="SplunkLogger" message="${sfdc.lead.put.show.payload}" doc:name="Print Input Message"/>

                <choice doc:name="Choice ( SFDC Id Exist or not?)">
                    <when expression="#[payload.get('Id') == null || payload.get('Id') == '']">
                        <splunklogger:logger config-ref="SplunkLogger" message="${sfdc.lead.put.id.not.exist}" doc:name="Print If SFDC ID does not exist"/>
                        <splunklogger:time config-ref="SplunkLogger" destination="#[flowVars['getcreateLeadTime']]" message="${sfdc.create.put.lead.time}" doc:name="Time execution">
                            <sfdc:create-single config-ref="Salesforce" type="Lead" doc:name="Create Lead">
                                <sfdc:object ref="#[payload]"/>
                            </sfdc:create-single>
                        </splunklogger:time>

                    </when>
                    <otherwise>
                        <splunklogger:logger config-ref="SplunkLogger" message="${sfdc.lead.put.id.exist}" doc:name="Print If SFDC ID exist"/>
                        <splunklogger:time config-ref="SplunkLogger" destination="#[flowVars['getUpdateLeadTime']]" message="${sfdc.update.put.lead.time}" doc:name="Time execution">
                            <sfdc:update-single config-ref="Salesforce" type="Lead" doc:name="Update Lead">
                                <sfdc:object ref="#[payload]"/>
                            </sfdc:update-single>
                        </splunklogger:time>

                    </otherwise>
                </choice>
                <set-variable variableName="leadResponse" value="#[payload]" doc:name="Save the Response"/>
                <splunklogger:logger config-ref="SplunkLogger" message="${sfdc.output.msg}" doc:name="Print Response"/>

                <choice doc:name="Check Campaign Exist">
                    <when expression="#[(payload.getSuccess()) &amp;&amp; leadInputMap.get('campaign') != null &amp;&amp; leadInputMap.get('campaign').get('campaignName') != null &amp;&amp; leadInputMap.get('campaign').get('campaignName') != '']">
                        <splunklogger:logger config-ref="SplunkLogger" message="${sfdc.campign.exist}" doc:name="Campaign Present"/>

                        <data-mapper:transform config-ref="JSON_To_Campaign_JSON" input-ref="#[flowVars[&quot;originalPayload&quot;]]" doc:name="JSON To Campaign JSON">
                            <data-mapper:input-arguments>
                                <data-mapper:input-argument key="ID">#[leadResponse.getId()]</data-mapper:input-argument>
                            </data-mapper:input-arguments>
                        </data-mapper:transform>
                        <flow-ref name="sfdc_campaign_member_put_Flow" doc:name="Add Lead to Campaign"/>
                        <choice doc:name="Check if result is sucess">
                            <when expression="#[(!payload.getSuccess())]">
                                <set-variable variableName="campaignResult" value="Add to Campaign Failed." doc:name="Set error msg"/>
                            </when>
                            <otherwise>
                                <splunklogger:logger config-ref="SplunkLogger" message="Response from Add Campign is Success" doc:name="Response from Add Campign is Success"/>

                            </otherwise>
                        </choice>
                    </when>
                    <otherwise>
                        <splunklogger:logger config-ref="SplunkLogger" message="${sfdc.campign.not.exist}" doc:name="If Campaign not present"/>

                    </otherwise>
                </choice>
                <choice doc:name="Check Notes Exist">
                    <when expression="#[leadInputMap.get('notes') != null &amp;&amp; leadInputMap.get('notes').get('title') != null &amp;&amp; leadInputMap.get('notes').get('title') != '']">
                        <splunklogger:logger config-ref="SplunkLogger" message="${sfdc.notes.exist}" doc:name="Notes Present"/>

                        <data-mapper:transform config-ref="JSON_To_Contact_JSON" input-ref="#[flowVars[&quot;originalPayload&quot;]]" doc:name="JSON To Notes JSON">
                            <data-mapper:input-arguments>
                                <data-mapper:input-argument key="parentId">#[leadResponse.getId()]</data-mapper:input-argument>
                            </data-mapper:input-arguments>
                        </data-mapper:transform>
                        <flow-ref name="sfdc_notes_put_Flow" doc:name="Add Notes in Lead"/>
                        <choice doc:name="Check result from Add Notes">
                            <when expression="#[(!payload.getSuccess())]">
                                <set-variable variableName="noteResult" value="Addition of Notes failed." doc:name="Set error msg"/>
                            </when>
                            <otherwise>
                                <splunklogger:logger config-ref="SplunkLogger" message="Add Notes is sucess." doc:name="Add Notes is sucess."/>

                            </otherwise>
                        </choice>
                    </when>
                    <otherwise>
                        <splunklogger:logger config-ref="SplunkLogger" message="${sfdc.notes.not.exist}" doc:name="If notes not present"/>

                    </otherwise>
                </choice>
                <set-payload value="#[variable:leadResponse]" doc:name="Get payload from save lead response"/>
                <scripting:transformer doc:name="Prepare Response">
                    <scripting:script engine="Groovy" file="groovy_scripts/set_resp_for_lead_contact_put_oper.groovy">
                        <property key="targetObjectType" value="Lead"/>
                    </scripting:script>
                </scripting:transformer>
                <json:object-to-json-transformer doc:name="HaskMap to JSON"/>
                <logger message="${sfdc.lead.put.output.msg}" level="INFO" category="${sfdc.lead.put}" doc:name="Output Message Json"/>
            </otherwise>
        </choice>
    </flow>
</mule>