<?xml version="1.0" encoding="UTF-8"?>

<mule xmlns:splunklogger="http://www.mulesoft.org/schema/mule/splunklogger" xmlns:data-mapper="http://www.mulesoft.org/schema/mule/ee/data-mapper" xmlns:json="http://www.mulesoft.org/schema/mule/json" xmlns:tracking="http://www.mulesoft.org/schema/mule/ee/tracking" xmlns:sfdc="http://www.mulesoft.org/schema/mule/sfdc" xmlns:scripting="http://www.mulesoft.org/schema/mule/scripting" xmlns:http="http://www.mulesoft.org/schema/mule/http" xmlns="http://www.mulesoft.org/schema/mule/core" xmlns:doc="http://www.mulesoft.org/schema/mule/documentation"
	xmlns:spring="http://www.springframework.org/schema/beans" version="EE-3.5.1"
	xmlns:xsi="http://www.w3.org/2001/XMLSchema-instance"
	xsi:schemaLocation="http://www.springframework.org/schema/beans http://www.springframework.org/schema/beans/spring-beans-current.xsd
http://www.mulesoft.org/schema/mule/core http://www.mulesoft.org/schema/mule/core/current/mule.xsd
http://www.mulesoft.org/schema/mule/http http://www.mulesoft.org/schema/mule/http/current/mule-http.xsd
http://www.mulesoft.org/schema/mule/scripting http://www.mulesoft.org/schema/mule/scripting/current/mule-scripting.xsd
http://www.mulesoft.org/schema/mule/sfdc http://www.mulesoft.org/schema/mule/sfdc/current/mule-sfdc.xsd
http://www.mulesoft.org/schema/mule/json http://www.mulesoft.org/schema/mule/json/current/mule-json.xsd
http://www.mulesoft.org/schema/mule/ee/tracking http://www.mulesoft.org/schema/mule/ee/tracking/current/mule-tracking-ee.xsd
http://www.mulesoft.org/schema/mule/ee/data-mapper http://www.mulesoft.org/schema/mule/ee/data-mapper/current/mule-data-mapper.xsd
http://www.mulesoft.org/schema/mule/splunklogger http://www.mulesoft.org/schema/mule/splunklogger/current/mule-splunklogger.xsd">
    <data-mapper:config name="Map_To_JSON" transformationGraphPath="map_to_json_1.grf" doc:name="Map_To_JSON"/>
    <flow name="sfdc_lead_get_Flow" doc:name="sfdc_lead_get_Flow">
        <splunklogger:logger config-ref="SplunkLogger" message="${sfdc.get.lead.input.msg}" doc:name="Input query parameter"/>

        <scripting:transformer doc:name="Prepare where clause">
            <scripting:script engine="Groovy" file="groovy_scripts/prepare_sfdc_get_lead_where_clause.groovy"/>
        </scripting:transformer>
        <splunklogger:logger config-ref="SplunkLogger" message="${sfdc.lead.get.id.soql}" doc:name="Print Where Clause"/>
        <splunklogger:time config-ref="SplunkLogger" destination="#[flowVars['getLeadTime']]" message="${sfdc.get.lead.time}" doc:name="Time execution">
            <sfdc:query-single config-ref="Salesforce" query="${sfdc.lead.get.id.soql}" doc:name="Get Lead"/>
        </splunklogger:time>

        <choice doc:name="Check if payload is null">
            <when expression="#[(payload instanceof org.mule.transport.NullPayload)]">
                <splunklogger:logger config-ref="SplunkLogger" message="${payload.is.null.msg}" doc:name="If payload is null"/>

                <message-properties-transformer doc:name="Message Properties">
                    <add-message-property key="http.status" value="404"/>
                    <add-message-property key="Content-Type" value="application/json"/>
                </message-properties-transformer>
                <set-payload value="${payload.null.case.error.json.response}" doc:name="Set Payload"/>

            </when>
            <otherwise>
                <splunklogger:logger config-ref="SplunkLogger" message="${payload.is.not.null.msg}" doc:name="If payload is not null"/>

                <data-mapper:transform config-ref="Map_To_JSON" doc:name="Map To JSON"/>
                <splunklogger:logger config-ref="SplunkLogger" message="${sfdc.get.lead.show.id}" doc:name="Print Lead Id"/>
                <splunklogger:logger config-ref="SplunkLogger" message="Result is : #[payload]" doc:name="Output Json Object"/>

            </otherwise>
        </choice>

        
    </flow>

</mule>
