<?xml version="1.0" encoding="UTF-8"?>


<mule xmlns:splunklogger="http://www.mulesoft.org/schema/mule/splunklogger" xmlns:http="http://www.mulesoft.org/schema/mule/http"
	xmlns:tracking="http://www.mulesoft.org/schema/mule/ee/tracking" xmlns:scripting="http://www.mulesoft.org/schema/mule/scripting" xmlns:json="http://www.mulesoft.org/schema/mule/json" xmlns:data-mapper="http://www.mulesoft.org/schema/mule/ee/data-mapper" xmlns:sfdc="http://www.mulesoft.org/schema/mule/sfdc" xmlns="http://www.mulesoft.org/schema/mule/core" xmlns:doc="http://www.mulesoft.org/schema/mule/documentation"
	xmlns:spring="http://www.springframework.org/schema/beans" version="EE-3.5.2"
	xmlns:xsi="http://www.w3.org/2001/XMLSchema-instance"
	xsi:schemaLocation="http://www.mulesoft.org/schema/mule/http http://www.mulesoft.org/schema/mule/http/current/mule-http.xsd
http://www.springframework.org/schema/beans http://www.springframework.org/schema/beans/spring-beans-current.xsd
http://www.mulesoft.org/schema/mule/core http://www.mulesoft.org/schema/mule/core/current/mule.xsd
http://www.mulesoft.org/schema/mule/ee/data-mapper http://www.mulesoft.org/schema/mule/ee/data-mapper/current/mule-data-mapper.xsd
http://www.mulesoft.org/schema/mule/sfdc http://www.mulesoft.org/schema/mule/sfdc/current/mule-sfdc.xsd
http://www.mulesoft.org/schema/mule/scripting http://www.mulesoft.org/schema/mule/scripting/current/mule-scripting.xsd
http://www.mulesoft.org/schema/mule/json http://www.mulesoft.org/schema/mule/json/current/mule-json.xsd
http://www.mulesoft.org/schema/mule/ee/tracking http://www.mulesoft.org/schema/mule/ee/tracking/current/mule-tracking-ee.xsd
http://www.mulesoft.org/schema/mule/splunklogger http://www.mulesoft.org/schema/mule/splunklogger/current/mule-splunklogger.xsd">

    <data-mapper:config name="JSON_To_SFDC_Contact" transformationGraphPath="json_to_sfdc_contact.grf" doc:name="JSON_To_Contact"/>
    <data-mapper:config name="JSON_Contact_To_Campaign_JSON" transformationGraphPath="json_to_json_6.grf" doc:name="JSON_To_JSON"/>
    <data-mapper:config name="JSON_Contact_To_Notes_JSON" transformationGraphPath="json_to_json_7.grf" doc:name="JSON_To_JSON_1"/>
    <flow name="sfdc_contact_put_flow" doc:name="sfdc_contact_put_flow" processingStrategy="synchronous">
        <splunklogger:logger config-ref="SplunkLogger" message="${sfdc.contact.put.input.msg}" doc:name="Input Message - JSON"/>

        <set-variable variableName="originalPayload" value="#[payload]" doc:name="Save Orginal Payload"/>
        <enricher target="flowVars['contactInputMap']" doc:name="Message Enricher">
            <json:json-to-object-transformer doc:name="JSON to HashMap" returnClass="java.util.HashMap"/>
        </enricher>
        <set-variable variableName="email" value="#[(contactInputMap.get('email') !=null)?(contactInputMap.get('email')):null]" doc:name="Variable"/>
        <choice doc:name="Check Email exist?">
            <when expression="#[flowVars['email'] != null]">
                <flow-ref name="sfdc_contact_get_flow" doc:name="Check Email Exist"/>
                <set-variable variableName="contactId" value="#[json:crossReferences/crmId]" doc:name="Set to Id"/>
                <splunklogger:logger config-ref="SplunkLogger" message="Json values is #[json:crossReferences/crmId]" doc:name="Print CRM Id"/>
            </when>
            <otherwise>
                <splunklogger:logger config-ref="SplunkLogger" message="No Email provided in request." doc:name="No Email provided in request."/>
            </otherwise>
        </choice>

        <choice doc:name="Choice">
            <when expression="#[contactInputMap.get('crossReferences') != null &amp;&amp; contactInputMap.get('crossReferences').get('crmId') != null &amp;&amp; contactInputMap.get('crossReferences').get('crmId') != '' &amp;&amp; flowVars[&quot;contactId&quot;] != null &amp;&amp; flowVars[&quot;contactId&quot;] != contactInputMap.get('crossReferences').get('crmId')]">
                <splunklogger:logger config-ref="SplunkLogger" message="Email Id is not Unique" doc:name="Email Id is not Unique"/>

                <set-payload value="{&quot;statusCode&quot;:&quot;STS-400-001&quot;,&quot;statusMessage&quot;:&quot;Contact email id is not unique. Please correct and continue&quot;}" doc:name="Set Payload"/>
                <http:response-builder status="400" contentType="application/json" doc:name="HTTP Response Builder"/>
            </when>
            <otherwise>
                <splunklogger:logger config-ref="SplunkLogger" message="Email Id is Unique" doc:name="Email Id is Unique"/>

                <data-mapper:transform config-ref="JSON_To_SFDC_Contact" doc:name="JSON To Contact" input-ref="#[flowVars[&quot;originalPayload&quot;]]">
                    <data-mapper:input-arguments>
                        <data-mapper:input-argument key="contactId">#[flowVars['contactId']]</data-mapper:input-argument>
                    </data-mapper:input-arguments>
        </data-mapper:transform>
                <scripting:transformer doc:name="Map Address Info into Contact">
                    <scripting:script engine="Groovy" file="groovy_scripts/map_sfdc_contact_address.groovy"/>
                </scripting:transformer>
                <splunklogger:logger config-ref="SplunkLogger" message="${sfdc.contact.put.input.msg.contactdata}" doc:name="Contact Data"/>
                <splunklogger:logger config-ref="SplunkLogger" message="The contact id is #[payload.get('Id')]" doc:name="Print Contact Id"/>

                <choice doc:name="Is SFDC Id Present?">
                	<when expression="#[payload.get('Id') == null || payload.get('Id') == '']">
                        <splunklogger:logger config-ref="SplunkLogger" message="${contact.sfdc.id.notpresent}" doc:name="SFDC ID not present"/>
                        <splunklogger:time config-ref="SplunkLogger" destination="#[flowVars['putSfdcCntctFlowTime']]" message="${put.sfdc.cntct.flow.time}" doc:name="Time execution">
                            <sfdc:create-single config-ref="Salesforce" type="Contact" doc:name="Create Contact">
                                <sfdc:object ref="#[payload]"/>
                            </sfdc:create-single>
                        </splunklogger:time>

                	</when>
                    <otherwise>
                        <splunklogger:logger config-ref="SplunkLogger" message="${contact.sfdc.id.present}" doc:name="SFDC ID present"/>
                        <splunklogger:time config-ref="SplunkLogger" destination="#[flowVars['sfdcUpdCntctTime']]" message="${sfdc.upd.cntct.time}" doc:name="Time execution">
                            <sfdc:update-single config-ref="Salesforce" type="Contact" doc:name="Update Contact">
                                <sfdc:object ref="#[payload]"/>
                            </sfdc:update-single>
                        </splunklogger:time>

                    </otherwise>
                </choice>
                <set-variable variableName="contactResponse" value="#[payload]" doc:name="Save the Response"/>
                <choice doc:name="Check if Campaign Exist">
                    <when expression="#[(payload.getSuccess()) &amp;&amp; contactInputMap.get('campaign') != null &amp;&amp; contactInputMap.get('campaign').get('campaignName') != null &amp;&amp; contactInputMap.get('campaign').get('campaignName') != '']">
                        <splunklogger:logger config-ref="SplunkLogger" message="${sfdc.campign.exist}" doc:name="Campaign Present"/>

                        <data-mapper:transform config-ref="JSON_Contact_To_Campaign_JSON" input-ref="#[flowVars[&quot;originalPayload&quot;]]" doc:name="JSON To JSON">
                            <data-mapper:input-arguments>
                                <data-mapper:input-argument key="Id">#[contactResponse.getId()]</data-mapper:input-argument>
                            </data-mapper:input-arguments>
                        </data-mapper:transform>
                        <flow-ref name="sfdc_campaign_member_put_Flow" doc:name="Create campaign member"/>
                        <choice doc:name="Check if result is sucess">
                        	<when expression="#[(!payload.getSuccess())]">
                        		<set-variable value="Add to Campaign Failed." variableName="campaignResult" doc:name="Set error msg"></set-variable>
                        	</when>
                            <otherwise>
                                <splunklogger:logger config-ref="SplunkLogger" message="Response from Add Campign is Success" doc:name="Response from Add Campign is Success"/>

                            </otherwise>
                        </choice>
                    </when>
                    <otherwise>
                        <splunklogger:logger config-ref="SplunkLogger" message="${sfdc.campign.not.exist}" doc:name="If Campaign not present"/>

                    </otherwise>
                </choice>
                <choice doc:name="Check If Notes Exist">
                    <when expression="#[contactInputMap.get('notes') != null &amp;&amp; contactInputMap.get('notes').get('title') != null &amp;&amp; contactInputMap.get('notes').get('title') != '']">
                        <splunklogger:logger config-ref="SplunkLogger" message="${sfdc.notes.exist}" doc:name="Notes Present"/>

                        <data-mapper:transform config-ref="JSON_Contact_To_Notes_JSON" input-ref="#[flowVars[&quot;originalPayload&quot;]]" doc:name="JSON To JSON">
                            <data-mapper:input-arguments>
                                <data-mapper:input-argument key="Id">#[contactResponse.getId()]</data-mapper:input-argument>
                            </data-mapper:input-arguments>
                        </data-mapper:transform>
                        <flow-ref name="sfdc_notes_put_Flow" doc:name="Create Notes"/>
                        <choice doc:name="Check result from Add Notes">
                            <when expression="#[(!payload.getSuccess())]">
                                <set-variable variableName="noteResult" value="Addition of Notes failed." doc:name="Set error msg"/>
                            </when>
                            <otherwise>
                                <splunklogger:logger config-ref="SplunkLogger" message="Add Notes is sucess." doc:name="Add Notes is sucess."/>

                            </otherwise>
                        </choice>
                    </when>
                    <otherwise>
                        <splunklogger:logger config-ref="SplunkLogger" message="${sfdc.notes.not.exist}" doc:name="If notes not present"/>

                    </otherwise>
                </choice>
                <set-payload value="#[variable:contactResponse]" doc:name="Get payload from Contact Save"/>
                <scripting:transformer doc:name="Prepare Response Map">
                    <scripting:script engine="Groovy" file="groovy_scripts/set_resp_for_lead_contact_put_oper.groovy">
                        <property key="targetObjectType" value="Contact"/>
                    </scripting:script>
                </scripting:transformer>
                <json:object-to-json-transformer doc:name="HashMap to JSON"/>
            </otherwise>
        </choice>
        <splunklogger:logger config-ref="SplunkLogger" message="${sfdc.contact.put.output.msg}" doc:name="Output Message - JSON"/>

    </flow>
</mule>
