<?xml version="1.0" encoding="UTF-8"?>

<mule xmlns:vm="http://www.mulesoft.org/schema/mule/vm"
	xmlns:splunklogger="http://www.mulesoft.org/schema/mule/splunklogger" xmlns:mulexml="http://www.mulesoft.org/schema/mule/xml" xmlns:netsuite="http://www.mulesoft.org/schema/mule/netsuite" xmlns:objectstore="http://www.mulesoft.org/schema/mule/objectstore" xmlns:tracking="http://www.mulesoft.org/schema/mule/ee/tracking" xmlns:json="http://www.mulesoft.org/schema/mule/json"
	xmlns:cxf="http://www.mulesoft.org/schema/mule/cxf"
	xmlns:scripting="http://www.mulesoft.org/schema/mule/scripting"
	xmlns:context="http://www.springframework.org/schema/context"
	xmlns:https="http://www.mulesoft.org/schema/mule/https"
	xmlns="http://www.mulesoft.org/schema/mule/core" xmlns:doc="http://www.mulesoft.org/schema/mule/documentation"
	xmlns:spring="http://www.springframework.org/schema/beans" version="EE-3.5.2"
	xmlns:xsi="http://www.w3.org/2001/XMLSchema-instance"
	xsi:schemaLocation="http://www.mulesoft.org/schema/mule/vm http://www.mulesoft.org/schema/mule/vm/current/mule-vm.xsd
http://www.mulesoft.org/schema/mule/json http://www.mulesoft.org/schema/mule/json/current/mule-json.xsd
http://www.mulesoft.org/schema/mule/cxf http://www.mulesoft.org/schema/mule/cxf/current/mule-cxf.xsd
http://www.mulesoft.org/schema/mule/scripting http://www.mulesoft.org/schema/mule/scripting/current/mule-scripting.xsd
http://www.springframework.org/schema/context http://www.springframework.org/schema/context/spring-context-current.xsd
http://www.mulesoft.org/schema/mule/https http://www.mulesoft.org/schema/mule/https/current/mule-https.xsd
http://www.springframework.org/schema/beans http://www.springframework.org/schema/beans/spring-beans-current.xsd
http://www.mulesoft.org/schema/mule/core http://www.mulesoft.org/schema/mule/core/current/mule.xsd
http://www.mulesoft.org/schema/mule/ee/tracking http://www.mulesoft.org/schema/mule/ee/tracking/current/mule-tracking-ee.xsd
http://www.mulesoft.org/schema/mule/objectstore http://www.mulesoft.org/schema/mule/objectstore/current/mule-objectstore.xsd
http://www.mulesoft.org/schema/mule/netsuite http://www.mulesoft.org/schema/mule/netsuite/current/mule-netsuite.xsd
http://www.mulesoft.org/schema/mule/xml http://www.mulesoft.org/schema/mule/xml/current/mule-xml.xsd
http://www.mulesoft.org/schema/mule/splunklogger http://www.mulesoft.org/schema/mule/splunklogger/current/mule-splunklogger.xsd">
    <flow name="sfdc_oppor_obm_notif_flow" doc:name="sfdc_oppor_obm_notif_flow">
        <https:inbound-endpoint exchange-pattern="request-response" address="https://localhost:${https.endpoint.port}/notif/createSalesOrder" connector-ref="HTTPS_Conn" doc:name="HTTPS: Receive SFDC Oppor Notif OBM" responseTimeout="120000"/>
        <object-to-string-transformer doc:name="Object to String"/>
        <splunklogger:logger config-ref="SplunkLogger" message="${sfdc.obm.input}" doc:name="Input OBM"/>
        <scripting:transformer doc:name="Set Payload Data for Error Log">
            <scripting:script engine="Groovy" file="groovy_scripts/set_payload_data_for_error_log.groovy">
                <property key="objectTypeVal" value="SalesOrder"/>
                <property key="targetSystemVal" value="NetSuite"/>
                <property key="operationTypeVal" value="Process SFDC Opportunity Outbound Message and Create NS SO"/>
                <property key="processNameVal" value="Create NetSuite SalesOrder"/>
                <property key="errorTypeVal" value="Cloudhub"/>
                <property key="recordTypeIdVal" value="${error.log.record.type.id}"/>
                <property key="functionalModuleVal" value="${ns.so.fail.default.func.value}"/>  
                <property key="isSourceTargetIdsValid" value="false"/>              
            </scripting:script>
        </scripting:transformer>        
        <scripting:transformer doc:name="Parse SFDC OBM">
            <scripting:script engine="Groovy" file="groovy_scripts/parse_sfdc_opp_obm.groovy"/>
        </scripting:transformer>
        <foreach  doc:name="For Each">
            <flow-ref name="sfdc_oppor_obm_process_flow" doc:name="Process each Notification in OBM"/>
	        <choice doc:name="Is NS SO Resp Success?">
	        	<when expression="#[flowVars['isSOCreated'] == 'true' || flowVars['isNSSOIdExists']!=null]">	            	
	      			<splunklogger:logger config-ref="SplunkLogger" message="${sfdc.opp.process.success.counter}" doc:name="Processing Success"/>
	    		</when>
	        	<otherwise>	            	
					<splunklogger:logger config-ref="SplunkLogger" message="${sfdc.opp.process.fail.counter}" doc:name="Processing failed"/>
	    			<set-variable variableName="isAnyofSOFailed" value="#[true]" doc:name="Is Any SO Failed"/>								
	        	</otherwise>
	        </choice>            
        </foreach>
        <choice doc:name="Is Any NS SO Resp Failed?">
        	<when expression="#[flowVars['isAnyofSOFailed']]">
				<splunklogger:logger config-ref="SplunkLogger" message="${sfdc.opp.obm.process.fail}" doc:name="Processing failed"/>
    			<parse-template location="sfdc_obm_resp_templates/failure_response.txt" doc:name="OBM Failure Response Template"/>
    			<set-property propertyName="http.status" value="500" doc:name="Property"/>        	
    		</when>
        	<otherwise>	            	
            	<parse-template location="sfdc_obm_resp_templates/success_response.txt" doc:name="OBM Success Response Template"/>
      			<splunklogger:logger config-ref="SplunkLogger" message="${sfdc.opp.obm.process.success}" doc:name="Processing Success"/>								
        	</otherwise>
        </choice>
		              	        
        <catch-exception-strategy doc:name="Catch Exception Strategy">
        	<splunklogger:logger config-ref="SplunkLogger" message="${exception.in.obm.processing}" doc:name="Exception Message" severity="ERROR"/>
        	<objectstore:remove config-ref="ObjectStore" key="#[flowVars['sfdcOppId']]" doc:name="ObjectStore-Removes Opp Id" ignoreNotExists="true" />
            <vm:outbound-endpoint exchange-pattern="one-way" path="sfdcErrorLogQueue" doc:name="Send to SFDC Error Log queue" connector-ref="ErrorMessagesVM"/>
			
			<!-- START: Fix for CPQ-80 -->
        	<choice doc:name="Is Current Object Account/Contact?">
	        	<when expression="#[flowVars['currentProcObj']=='Account']">
                    <set-variable variableName="opporErrorMsg" value="${sfdc.oppor.accountsync.error}" doc:name="Oppor Error Msg - Account Sync"/>
					<scripting:transformer doc:name="Prepare SFDC Account Upd Msg">
			       		<scripting:script engine="Groovy" file="groovy_scripts/prep_acc_upd_with_ns_push.groovy"/>
			   		</scripting:transformer> 
			        <json:object-to-json-transformer doc:name="HashMap to JSON"/>
					<flow-ref name="sfdc_account_put_async_flow" doc:name="Put SFDC Account Async"/>   	
					<splunklogger:logger config-ref="SplunkLogger" message="${sfdc.account.put.resp}" doc:name="SFDC Upd Response"/>
	        	</when>        
	        	<when expression="#[flowVars['currentProcObj']=='Contact']">
                    <set-variable variableName="opporErrorMsg" value="${sfdc.oppor.contactsync.error}" doc:name="Oppor Error Msg - Contact Sync"/>
			        <scripting:transformer doc:name="Prepare SFDC Contact Upd Msg">
			       		<scripting:script engine="Groovy" file="groovy_scripts/prep_contact_upd_with_ns_push.groovy"/>
			   		</scripting:transformer> 
			        <json:object-to-json-transformer doc:name="HashMap to JSON"/>
					<flow-ref name="sfdc_contact_put_async_flow" doc:name="Put SFDC Contact Async"/>
					<splunklogger:logger config-ref="SplunkLogger" message="${sfdc.contact.put.resp}" doc:name="SFDC Upd Response"/>
	        	</when>	        		
	            <otherwise>
	            	<set-variable variableName="opporErrorMsg" value="${sfdc.oppor.other.error}" doc:name="Oppor Error Msg - Other"/>
	            </otherwise>
            </choice>	            
            
			<scripting:transformer doc:name="Prepare SFDC Oppor Upd Msg">
	       		<scripting:script engine="Groovy" file="groovy_scripts/prep_oppor_upd_with_ns_sync.groovy">
	       			<property key="isSOOBMProcess" value="true"/>
	       		</scripting:script>
	   		</scripting:transformer> 
	        <json:object-to-json-transformer doc:name="HashMap to JSON"/>
			<flow-ref name="sfdc_opportunity_put_async_flow" doc:name="Put SFDC Opportunity Async"/>             
            <splunklogger:logger config-ref="SplunkLogger" message="${sfdc.oppor.put.resp}" doc:name="SFDC Upd Response"/>
            <!-- END: Fix for CPQ-80 -->	
            		
			<!-- START: Fix for CPQ-435 -->
			<scripting:transformer doc:name="Identify is it NS data error">
	            <scripting:script engine="Groovy" file="groovy_scripts/identify_is_it_NS_data_error.groovy">
	                <property key="errorstrfornsdataerror" value="${error.string.for.ns.data.error}"/>            
	            </scripting:script>
	        </scripting:transformer>		
	        <!-- END: Fix for CPQ-435 -->	
			<!-- START: Fix for CPQ-113 -->
        	<choice doc:name="Is Data Validation Error?">
	        	<when expression="#[sessionVars['dataValidationError']==null || !sessionVars['dataValidationError']]">
	        		<parse-template location="sfdc_obm_resp_templates/failure_response.txt" doc:name="OBM Failure Response Template"/>
	        		<set-property propertyName="http.status" value="500" doc:name="HTTP Status to 500"/>
	        	</when>
	            <otherwise>
	            	<parse-template location="sfdc_obm_resp_templates/success_response.txt" doc:name="OBM Success Response Template"/>
	            </otherwise>
            </choice>	
            <!-- END: Fix for CPQ-113 -->
        </catch-exception-strategy>                
    </flow>
    <sub-flow name="sfdc_oppor_obm_process_flow" doc:name="sfdc_oppor_obm_process_flow">
        <scripting:transformer doc:name="SFDC Opp Data from OBM">
            <scripting:script engine="Groovy" file="groovy_scripts/sfdc_oppor_obm_data.groovy">
            	<property key="cpqFuncModuleVal" value="${ns.so.fail.cpq.func.value}"/>
            	<property key="eCommFuncModuleVal" value="${ns.so.fail.ecomm.func.value}"/>
            </scripting:script>
        </scripting:transformer>
        <splunklogger:logger config-ref="SplunkLogger" message="${incoming.opportunity.id}" doc:name="Opportunity Id"/>
        <enricher target="flowVars['isDuplicateOppId']" doc:name="Message Enricher">
            <objectstore:contains config-ref="ObjectStore" key="#[payload]" doc:name="ObjectStore-Contains Opp Id?"/>
        </enricher>
        <choice doc:name="Is Opp Id present in Obj Store?">
        	<when expression="#[flowVars['isDuplicateOppId']]">
        		<splunklogger:logger config-ref="SplunkLogger" message="${opportunity.in.obj.store}" doc:name="Present"/>
                <parse-template location="sfdc_obm_resp_templates/opp_id_in_cache_response.txt" doc:name="OBM processing in progress"/>
            	<set-property propertyName="http.status" value="500" doc:name="HTTP Status to 500"/>
        	</when>
            <otherwise>
            	<splunklogger:logger config-ref="SplunkLogger" message="${opportunity.not.in.obj.store}" doc:name="Not Present"/>
            	<objectstore:store config-ref="ObjectStore" key="#[payload]" value-ref="#[&quot;SO&quot;]" doc:name="ObjectStore-Store Opp Id"/>
            	<scripting:transformer doc:name="Create Opp Id Map">
		            <scripting:script engine="Groovy"><![CDATA[
		java.util.HashMap oppIdMap = new java.util.HashMap()
		oppIdMap.put('OpportunityId',payload)
		return oppIdMap]]></scripting:script>
		        </scripting:transformer>
		        <json:object-to-json-transformer doc:name="HashMap to JSON"/>
				<message-properties-transformer overwrite="true" doc:name="Set Content Type and SFDC Auth">
					<add-message-property key="Authorization" value="#['Bearer ' + flowVars['sfdcSessId']]"/>
					<add-message-property key="Content-Type" value="application/json"/>
				</message-properties-transformer>
				<choice doc:name="Is eComm Order?">
                   	<when expression="#[flowVars['isCPQOrder']==null || !flowVars['isCPQOrder'].equals('true')]">
                   		<splunklogger:logger config-ref="SplunkLogger" message="Order is eCommerce" doc:name="eComm Order"/>
                   		<splunklogger:time config-ref="SplunkLogger" destination="#[flowVars['sfdcOppRestReqTime']]" message="${sfdc.opp.rest.req.time}" doc:name="Time execution">
							<https:outbound-endpoint exchange-pattern="request-response" address="${sfdc.sodetails.apex.ecomm.endpoint}" method="POST" doc:name="HTTPS: Get Details for SO from SFDC eComm REST" mimeType="application/json" connector-ref="HTTPS_Conn" responseTimeout="${sfdc.apex.endpoint.read.timeout.millis}"/>		
						</splunklogger:time>                   		
                   	</when>
                   	<otherwise>
                   		<splunklogger:logger config-ref="SplunkLogger" message="Order is CPQ" doc:name="CPQ Order"/>
                   		<splunklogger:time config-ref="SplunkLogger" destination="#[flowVars['sfdcOppRestReqTime']]" message="${sfdc.opp.rest.req.time}" doc:name="Time execution">
							<https:outbound-endpoint exchange-pattern="request-response" address="${sfdc.sodetails.apex.cpq.endpoint}" method="POST" doc:name="HTTPS: Get Details for SO from SFDC CPQ REST" mimeType="application/json" connector-ref="HTTPS_Conn" responseTimeout="${sfdc.apex.endpoint.read.timeout.millis}"/>		
						</splunklogger:time>
                   	</otherwise>
                </choice>   					
                <object-to-string-transformer doc:name="Object to String"/>
                <splunklogger:logger config-ref="SplunkLogger" message="${sfdc.opp.details.rest.resp}" doc:name="SFDC REST Response"/>
                <enricher doc:name="Message Enricher" target="flowVars['sfdcRestRespMap']">
                	<json:json-to-object-transformer returnClass="java.util.HashMap" doc:name="JSON to HashMap"/>
                </enricher>
                
            	<choice doc:name="Is NS SO Id present in Opp Details?">
                   	<when expression="#[flowVars['sfdcRestRespMap'].get('salesOrder') == null || flowVars['sfdcRestRespMap'].get('salesOrder').get('netSuiteId') == null || flowVars['sfdcRestRespMap'].get('salesOrder').get('netSuiteId') == '']">
		                <splunklogger:logger config-ref="SplunkLogger" message="SO not yet created for the Opp" doc:name="No SO present in Opp"/>
                        <set-variable variableName="soStatusesToExclude" value="${ns.so.statuses.to.not.consider}" doc:name="SO Statuses To Exclude"/>
						<splunklogger:time config-ref="SplunkLogger" destination="#[flowVars['nsGetSoFlowTime']]" message="${ns.get.so.flow.time}" doc:name="Time execution">
                        	<flow-ref name="ns_salesorder_get_flow" doc:name="Find NS SO by Opp Id"/>				
						</splunklogger:time>
                        <remove-variable variableName="soStatusesToExclude" doc:name="Remove soStatusesToExclude Var"/>                        
                        <json:json-to-object-transformer returnClass="java.util.HashMap" doc:name="JSON to HashMap"/>
		                
				        
				    	<scripting:transformer doc:name="Update SFDC payload with NS SO Id">
				            <scripting:script engine="Groovy" file="groovy_scripts/upd_sfdc_payload_ns_so_id.groovy"/>
				        </scripting:transformer>
				        <json:object-to-json-transformer doc:name="HashMap to JSON"/>
		        	</when>
		            <otherwise>
		            	<splunklogger:logger config-ref="SplunkLogger" message="SO already created" doc:name="SO present in Opp"/>
                        <set-variable variableName="isNSSOIdExists" value="#[true]" doc:name="NS SO Id Exists"/>
		            </otherwise>
              	</choice>
                <choice doc:name="Is NS SO Exists?">
                   	<when expression="#[flowVars['isNSSOIdExists']!=null]">
						<splunklogger:logger config-ref="SplunkLogger" message="NS SO Exists" doc:name="Exists"/>
						<objectstore:remove config-ref="ObjectStore" key="#[flowVars['sfdcOppId']]" doc:name="ObjectStore-Removes Opp Id"/>
						<!-- 
						<parse-template location="sfdc_obm_resp_templates/success_response.txt" doc:name="OBM Success Response Template"/>
						<splunklogger:logger config-ref="SplunkLogger" message="${sfdc.opp.obm.process.success}" doc:name="Processing Success"/>
						 -->
		        	</when>
		        	<otherwise>
						<splunklogger:time config-ref="SplunkLogger" destination="#[flowVars['nsSoFlowTime']]" message="${ns.so.flow.time}" doc:name="Time execution">
							<flow-ref name="ns_salesorder_flow" doc:name="Invoke NS Sales Order Flow"/>
						</splunklogger:time>		        	
		        		<object-to-string-transformer doc:name="JSON Object to String"/>
		        		<splunklogger:logger config-ref="SplunkLogger" message="${ns.so.create.rest.resp}" doc:name="NS SO REST Response"/>
                		<json:json-to-object-transformer returnClass="java.util.HashMap" doc:name="JSON to HashMap"/>
                		<choice doc:name="Is NS SO Resp Success?">
		                   	<when expression="#[payload.get('objectId') == null || payload.get('objectId') == '']">
								<splunklogger:logger config-ref="SplunkLogger" message="SO Process Failed" doc:name="Processing Failed"/>
                                <set-variable doc:name="Is SO Created" value="false" variableName="isSOCreated"/>																
				        	</when>
				            <otherwise>	            	
                               <splunklogger:logger config-ref="SplunkLogger" message="SO Process Succeeded" doc:name="Processing Succeeded"/>
                               <set-variable doc:name="Is SO Created" value="true" variableName="isSOCreated"/>
				            </otherwise>
		              	</choice>
		              	
		        		<!-- START: Fix for CPQ-80 -->
						<scripting:transformer doc:name="Prepare SFDC Oppor Upd Msg">
				       		<scripting:script engine="Groovy" file="groovy_scripts/prep_oppor_upd_with_ns_sync.groovy">
				       			<property key="isSOOBMProcess" value="true"/>
				       		</scripting:script>
				   		</scripting:transformer> 
				        <json:object-to-json-transformer doc:name="HashMap to JSON"/>
						<flow-ref name="sfdc_opportunity_put_async_flow" doc:name="Put SFDC Opportunity Async"/>  	
						<splunklogger:logger config-ref="SplunkLogger" message="${sfdc.oppor.put.resp}" doc:name="SFDC Upd Response"/> 
						<!-- END: Fix for CPQ-80 -->		              	
		              	
		              	<objectstore:remove config-ref="ObjectStore" key="#[flowVars['sfdcOppId']]" doc:name="ObjectStore-Removes Opp Id"/>
		              	
		        	</otherwise>
		        </choice>	
            </otherwise>
        </choice>
    </sub-flow>	
</mule>
