<?xml version="1.0" encoding="UTF-8"?>

<mule xmlns:json="http://www.mulesoft.org/schema/mule/json" xmlns:mulexml="http://www.mulesoft.org/schema/mule/xml" xmlns:sfdc="http://www.mulesoft.org/schema/mule/sfdc" xmlns:tracking="http://www.mulesoft.org/schema/mule/ee/tracking" xmlns:scripting="http://www.mulesoft.org/schema/mule/scripting" xmlns:batch="http://www.mulesoft.org/schema/mule/batch" xmlns:https="http://www.mulesoft.org/schema/mule/https"
	xmlns:splunklogger="http://www.mulesoft.org/schema/mule/splunklogger"
	xmlns:ws="http://www.mulesoft.org/schema/mule/ws" xmlns:data-mapper="http://www.mulesoft.org/schema/mule/ee/data-mapper"
	xmlns:vm="http://www.mulesoft.org/schema/mule/vm" xmlns:http="http://www.mulesoft.org/schema/mule/http"
	xmlns:cxf="http://www.mulesoft.org/schema/mule/cxf" xmlns="http://www.mulesoft.org/schema/mule/core"
	xmlns:doc="http://www.mulesoft.org/schema/mule/documentation"
	xmlns:spring="http://www.springframework.org/schema/beans" version="EE-3.5.2"
	xmlns:xsi="http://www.w3.org/2001/XMLSchema-instance"
	xsi:schemaLocation="http://www.springframework.org/schema/beans http://www.springframework.org/schema/beans/spring-beans-current.xsd
http://www.mulesoft.org/schema/mule/core http://www.mulesoft.org/schema/mule/core/current/mule.xsd
http://www.mulesoft.org/schema/mule/http http://www.mulesoft.org/schema/mule/http/current/mule-http.xsd
http://www.mulesoft.org/schema/mule/cxf http://www.mulesoft.org/schema/mule/cxf/current/mule-cxf.xsd
http://www.mulesoft.org/schema/mule/ws http://www.mulesoft.org/schema/mule/ws/current/mule-ws.xsd
http://www.mulesoft.org/schema/mule/ee/data-mapper http://www.mulesoft.org/schema/mule/ee/data-mapper/current/mule-data-mapper.xsd
http://www.mulesoft.org/schema/mule/splunklogger http://www.mulesoft.org/schema/mule/splunklogger/current/mule-splunklogger.xsd
http://www.mulesoft.org/schema/mule/vm http://www.mulesoft.org/schema/mule/vm/current/mule-vm.xsd
http://www.mulesoft.org/schema/mule/https http://www.mulesoft.org/schema/mule/https/current/mule-https.xsd
http://www.mulesoft.org/schema/mule/batch http://www.mulesoft.org/schema/mule/batch/current/mule-batch.xsd
http://www.mulesoft.org/schema/mule/scripting http://www.mulesoft.org/schema/mule/scripting/current/mule-scripting.xsd
http://www.mulesoft.org/schema/mule/ee/tracking http://www.mulesoft.org/schema/mule/ee/tracking/current/mule-tracking-ee.xsd
http://www.mulesoft.org/schema/mule/sfdc http://www.mulesoft.org/schema/mule/sfdc/current/mule-sfdc.xsd
http://www.mulesoft.org/schema/mule/xml http://www.mulesoft.org/schema/mule/xml/current/mule-xml.xsd
http://www.mulesoft.org/schema/mule/json http://www.mulesoft.org/schema/mule/json/current/mule-json.xsd">
	
	<!-- <data-mapper:config name="AccountPojo_To_Xml_SearchDpl_"
		transformationGraphPath="pojo_to_xml_searchdpl_.grf" doc:name="AccountPojo_To_Xml_SearchDpl_" /> -->
	<vm:connector name="MKDataVM" validateConnections="true"
		doc:name="VM" >
        <vm:queue-profile maxOutstandingMessages="${sfdc.account.queue.maxoutstanding.msgs}">
            <default-in-memory-queue-store/>
        </vm:queue-profile>
    </vm:connector>
	
	
    <spring:beans>
        <spring:bean  name="LoggingIn" class="org.apache.cxf.interceptor.LoggingInInterceptor" id="Bean"/>
    </spring:beans>
   
  <!--   <ws:consumer-config name="MK_data_Web_Service_Consumer" wsdlLocation="https://sandbox.mkdenial.com/dplv3_1.asmx?wsdl" service="DplWS_3_1" port="DplWS_3_1Soap" serviceAddress="https://sandbox.mkdenial.com/dplv3_1.asmx" connector-ref="HTTPS_Conn" doc:name="Web Service Consumer"/> -->
    <data-mapper:config name="Pojo_To_Xml_SearchDpl_" transformationGraphPath="pojo_to_xml_searchdpl_.grf" doc:name="Pojo_To_Xml_SearchDpl_"/>
     <data-mapper:config name="Pojo_To_JSON" transformationGraphPath="pojo_to_json.grf" doc:name="Pojo_To_JSON"/>
    <data-mapper:config name="Pojo_To_Search_DPL_Activity__c" transformationGraphPath="pojo_to_search_dpl_activity__c.grf" doc:name="Pojo_To_Search_DPL_Activity__c"/>
    <thread-per-processor-processing-strategy name="Thread_Per_Processor_Processing_Strategy" maxThreads="100" minThreads="10" poolExhaustedAction="DISCARD_OLDEST" doc:name="Thread Per Processor Processing Strategy"/>
	<flow name="sfdc_mkdataFlow1" doc:name="sfdc_mkdataFlow1">
		<https:inbound-endpoint exchange-pattern="request-response"
			host="localhost" port="${https.endpoint.port}" doc:name="HTTP" path="notif/mkdataservice/Account"
			connector-ref="HTTPS_Conn" />
		<cxf:jaxws-service serviceClass="com.sforce.outbound.account.NotificationPort"
			doc:name="Account MKData Notification">
   		</cxf:jaxws-service>
        <enricher target="#[flowVars['SOAPreq']]" doc:name="Message Enricher">
            <json:object-to-json-transformer doc:name="Object to JSON"/>
        </enricher>
        <splunklogger:logger config-ref="SplunkLogger" message="${mkdata.soap.account.request}" doc:name="Input SOAP Message"/>
        <set-payload value="#[payload[5]]" doc:name="Set Payload"/>
        <foreach doc:name="For Each">
            <set-payload value="#[payload.sObject]" doc:name="Set Payload"/>
            
            <async doc:name="Async" processingStrategy="Thread_Per_Processor_Processing_Strategy">
                <flow-ref name="sfdc_mkdata_retrieve_accountFlow" doc:name="Call Process Flow"/>

            </async>
        </foreach>
		<set-payload value="#[true]" doc:name="Set Payload" />
		<!-- <vm:outbound-endpoint exchange-pattern="one-way" path="accountQ" doc:name="VM" 
			connector-ref="MKDataVM"/> -->
	</flow>
    <flow name="sfdc_mkdata_accountFlow" doc:name="sfdc_mkdata_accountFlow">

        <enricher target="#[sessionVars['resultMap']]" doc:name="Message Enricher">
            <vm:outbound-endpoint exchange-pattern="request-response"  connector-ref="MKDataVM" doc:name="Call MK data service flow Q" address="vm://mkdataQueue"/>
			
        </enricher>
        <scripting:transformer doc:name="Check Response">
            <scripting:script engine="Groovy" file="groovy_scripts/checkDPLList.groovy"/>
        </scripting:transformer>
        <choice doc:name="Check DPL response">
            <when expression="#[(!payload) &amp;&amp; sessionVars['countryCode'] != sessionVars['shippingCountryCode']]">
                <splunklogger:logger config-ref="SplunkLogger" message="${mkdata.checkdpl.false}" doc:name="DPL is false"/>
                <set-variable variableName="DPLCheck" value="#[false]" doc:name="Set DPL Check"/>
                <flow-ref name="sfdc_mkdata_update_account" doc:name="Update Account"/>
                <flow-ref name="sfdc_mkdata_account_update_searchDPL" doc:name="Create SFDC SearchDPL"/>
                <set-session-variable variableName="countryCode" value="#[sessionVars['shippingCountryCode']]" doc:name="Session Variable"/>
                <enricher target="#[sessionVars['resultMap']]" doc:name="Message Enricher">
                    <vm:outbound-endpoint exchange-pattern="request-response"  connector-ref="MKDataVM" doc:name="Call MK data service flow Q" address="vm://mkdataQueue"/>
                </enricher>
                <scripting:component doc:name="Groovy">
                    <scripting:script engine="Groovy" file="groovy_scripts/checkDPLList.groovy"/>
                </scripting:component>
                <choice doc:name="Choice">
                    <when expression="#[(payload)]">
                        <splunklogger:logger config-ref="SplunkLogger" message="${mkdata.checkdpl.true}" doc:name="DPL is True"/>
                        <set-variable variableName="DPLCheck" value="#[true]" doc:name="Set DPL Check"/>
                    </when>
                    <otherwise>
                        <splunklogger:logger config-ref="SplunkLogger" message="${mkdata.checkdpl.false}" doc:name="DPL is False"/>
                        <set-variable variableName="DPLCheck" value="#[false]" doc:name="Set DPL Check"/>
                    </otherwise>
                </choice>
                <flow-ref name="sfdc_mkdata_update_account" doc:name="Update Account"/>
                <flow-ref name="sfdc_mkdata_account_update_searchDPL" doc:name="Create SFDC SearchDPL"/>
            </when>
              <when expression="#[(!payload) &amp;&amp; sessionVars['countryCode'] == sessionVars['shippingCountryCode']]">
                <splunklogger:logger config-ref="SplunkLogger" message="${mkdata.account.same.country}" doc:name="Country is same"/>
                 <set-variable variableName="DPLCheck" value="#[false]" doc:name="Set DPL Check"/>
                <flow-ref name="sfdc_mkdata_update_account" doc:name="Update Account"/>
                <flow-ref name="sfdc_mkdata_account_update_searchDPL" doc:name="Create SFDC SearchDPL"/>
            </when>
            <otherwise>
                <splunklogger:logger config-ref="SplunkLogger" message="${mkdata.checkdpl.true}" doc:name="DPL is true"/>
                <set-variable variableName="DPLCheck" value="#[true]" doc:name="Set DPL Check"/>
                <flow-ref name="sfdc_mkdata_update_account" doc:name="Update Account"/>
                <flow-ref name="sfdc_mkdata_account_update_searchDPL" doc:name="Create SFDC SearchDPL"/>
            </otherwise>
        </choice>
        <splunklogger:logger config-ref="SplunkLogger" message="${mkdata.account.response}" doc:name="Response"/>
    </flow>
    <sub-flow name="sfdc_mkdata_retrieve_accountFlow" doc:name="sfdc_mkdata_retrieve_accountFlow">
    <message-properties-transformer scope="session" doc:name="Retrieve payload to variable">
                <add-message-property key="DPLName" value="#[payload.getName().getValue()]"/>
                <add-message-property key="countryCode" value="#[(payload.getAccountCountryCodeC() !=null ) ? payload.getAccountCountryCodeC().getValue():payload.getAccountShippingCountryCodeC().getValue()]"/>
            <add-message-property key="accountId" value="#[payload.getId()]"/>
            <add-message-property key="shippingCountryCode" value="#[(payload.getAccountShippingCountryCodeC() !=null ) ? payload.getAccountShippingCountryCodeC().getValue():payload.getAccountCountryCodeC().getValue()]"/>
            <add-message-property key="maxCount" value="#[(payload.getMaxResultsC() != null )?payload.getMaxResultsC().getValue():&quot;100&quot;]"/>
            </message-properties-transformer>
        <flow-ref name="sfdc_mkdata_accountFlow" doc:name="Flow Reference"/>
        
            </sub-flow>
    <sub-flow name="sfdc_mkdata_update_account" doc:name="sfdc_mkdata_update_account">
        <data-mapper:transform config-ref="Pojo_To_JSON" doc:name="Pojo To JSON">
            <data-mapper:input-arguments>
                <data-mapper:input-argument key="DateTime">#[server.dateTime]</data-mapper:input-argument>
                <data-mapper:input-argument key="AccountId">#[sessionVars['accountId']]</data-mapper:input-argument>
                <data-mapper:input-argument key="DPLCheck">#[flowVars['DPLCheck']]</data-mapper:input-argument>
            </data-mapper:input-arguments>
        </data-mapper:transform>
        <flow-ref name="sfdc_account_put_flow" doc:name="Update Account"/>
    </sub-flow>
    <sub-flow name="sfdc_mkdata_account_update_searchDPL" doc:name="sfdc_mkdata_account_update_searchDPL">
        <data-mapper:transform config-ref="Pojo_To_Search_DPL_Activity__c" doc:name="Pojo To Search_DPL_Activity__c">
            <data-mapper:input-arguments>
                <data-mapper:input-argument key="AccountId">#[sessionVars['accountId']]</data-mapper:input-argument>
                <data-mapper:input-argument key="DPLCheck">#[flowVars['DPLCheck']]</data-mapper:input-argument>
            </data-mapper:input-arguments>
        </data-mapper:transform>
        <scripting:transformer doc:name="Set payload to Requerst and Response from MK data service">
            <scripting:script engine="Groovy" file="groovy_scripts/Set_Search_DPL_Text.groovy"/>
        </scripting:transformer>
        <splunklogger:logger config-ref="SplunkLogger" message="${mkdata.account.sfdc.request}" doc:name="Request"/>
        <sfdc:create-single config-ref="Salesforce" type="Search_DPL_Activity__c" doc:name="Salesforce">
            <sfdc:object ref="#[payload]"/>
        </sfdc:create-single>
        <splunklogger:logger config-ref="SplunkLogger" message="${mkdata.account.sfdc.response}" doc:name="Response"/>
    </sub-flow>
	<!-- <sub-flow name="sfdc_mkdataFlow2" doc:name="sfdc_mkdataFlow2"> <vm:outbound-endpoint 
		exchange-pattern="one-way" path="accountQ" doc:name="VM" connector-ref="MKDataVM"/> 
		<splunklogger:logger config-ref="SplunkLogger" message="Input Message from 
		Q : #[payload]" doc:name="Logger"/> <data-mapper:transform config-ref="AccountPojo_To_Xml_SearchDpl_" 
		doc:name="AccountPojo To Xml&lt;SearchDpl&gt;"/> <ws:consumer config-ref="Web_Service_Consumer1" 
		operation="SearchDpl" doc:name="Invoking MK Data Service"/> <splunklogger:logger 
		config-ref="SplunkLogger" message="Request to MK Data Service : #[payload]" 
		doc:name="Logger"/> <splunklogger:logger config-ref="SplunkLogger" message="Response 
		from MKData #[payload]" doc:name="Logger"/> </sub-flow> -->
</mule>
