<?xml version="1.0" encoding="UTF-8"?>

<mule xmlns:scripting="http://www.mulesoft.org/schema/mule/scripting" xmlns:vm="http://www.mulesoft.org/schema/mule/vm"
	xmlns:json="http://www.mulesoft.org/schema/mule/json" xmlns:splunklogger="http://www.mulesoft.org/schema/mule/splunklogger" xmlns:data-mapper="http://www.mulesoft.org/schema/mule/ee/data-mapper" xmlns:sfdc="http://www.mulesoft.org/schema/mule/sfdc" xmlns:tracking="http://www.mulesoft.org/schema/mule/ee/tracking" xmlns="http://www.mulesoft.org/schema/mule/core" xmlns:doc="http://www.mulesoft.org/schema/mule/documentation"
	xmlns:spring="http://www.springframework.org/schema/beans" version="EE-3.5.2"
	xmlns:xsi="http://www.w3.org/2001/XMLSchema-instance"
	xsi:schemaLocation="http://www.mulesoft.org/schema/mule/vm http://www.mulesoft.org/schema/mule/vm/current/mule-vm.xsd
http://www.springframework.org/schema/beans http://www.springframework.org/schema/beans/spring-beans-current.xsd
http://www.mulesoft.org/schema/mule/core http://www.mulesoft.org/schema/mule/core/current/mule.xsd
http://www.mulesoft.org/schema/mule/ee/tracking http://www.mulesoft.org/schema/mule/ee/tracking/current/mule-tracking-ee.xsd
http://www.mulesoft.org/schema/mule/splunklogger http://www.mulesoft.org/schema/mule/splunklogger/current/mule-splunklogger.xsd
http://www.mulesoft.org/schema/mule/ee/data-mapper http://www.mulesoft.org/schema/mule/ee/data-mapper/current/mule-data-mapper.xsd
http://www.mulesoft.org/schema/mule/sfdc http://www.mulesoft.org/schema/mule/sfdc/current/mule-sfdc.xsd
http://www.mulesoft.org/schema/mule/json http://www.mulesoft.org/schema/mule/json/current/mule-json.xsd
http://www.mulesoft.org/schema/mule/scripting http://www.mulesoft.org/schema/mule/scripting/current/mule-scripting.xsd">
    <data-mapper:config name="JSON_To_List_PricebookEntry_" transformationGraphPath="json_to_list_pricebookentry_.grf" doc:name="JSON_To_List_PricebookEntry_"/>
    <data-mapper:config name="JSON_To_List_Product2_" transformationGraphPath="json_to_list_product2_.grf" doc:name="JSON_To_List_Product2_"/>
    <data-mapper:config name="PricebookEntry_To_PricebookEntry" transformationGraphPath="pricebookentry_to_pricebookentry.grf" doc:name="PricebookEntry_To_PricebookEntry"/>
   
    <sub-flow name="sfdc_product_pricebook_flow" doc:name="sfdc_product_pricebook_flow">
        <set-payload value="#[flowVars['ProductJson']]" doc:name="Set Payload"/>
        <data-mapper:transform config-ref="JSON_To_List_PricebookEntry_" doc:name="JSON To List&lt;PricebookEntry&gt;">
            <data-mapper:input-arguments>
                <data-mapper:input-argument key="ProductId">#[flowVars['ProductId']]</data-mapper:input-argument>
            </data-mapper:input-arguments>
        </data-mapper:transform>
        <foreach doc:name="For Each">
            <choice doc:name="Choice">
                <when expression="#[ payload.get('Id') != null  &amp;&amp; payload.get('Id') != '' ]">
                    <data-mapper:transform config-ref="PricebookEntry_To_PricebookEntry" doc:name="PricebookEntry To PricebookEntry"/>
                    <sfdc:update-single config-ref="Salesforce" type="PricebookEntry" doc:name="Update"/>
                </when>
                <otherwise>
                    <sfdc:create-single config-ref="Salesforce" type="PricebookEntry" doc:name="Create"/>
                </otherwise>
            </choice>
            <scripting:component doc:name="Groovy">
                <scripting:script engine="Groovy"><![CDATA[
import java.util.HashMap
import org.mule.module.apikit.exception.BadRequestException

HashMap<String,String> putResponseMap = new HashMap<String,String>()

String objectId = ''
def targetSysError = '';
boolean isSuccess = false;

    objectId=flowVars['ProductId']
	isSuccess = payload.isSuccess()
	targetSysError = payload.getErrors()


if(isSuccess){
	putResponseMap.put('statusCode','STS-200-SUCCESS')
	putResponseMap.put('objectId',objectId)
	putResponseMap.put('objectType','Product')
	putResponseMap.put('statusMessage','Object created/updated successfully')
}

 else {
	putResponseMap.put('statusCode','STS-400-ERROR')
	putResponseMap.put('objectId',objectId)
	putResponseMap.put('objectType','Product')
	putResponseMap.put('statusMessage',payload.getErrors().toString())
}

return putResponseMap]]></scripting:script>
            </scripting:component>
            <set-variable variableName="ResponseJson" value="#[payload]" doc:name="Variable"/>
            <splunklogger:logger config-ref="SplunkLogger" message="OutMessage" doc:name="Logger">
                <splunklogger:fields ref="#[payload]"/>
            </splunklogger:logger>
        </foreach>
        <set-payload value="#[flowVars['ResponseJson']]" doc:name="Set Payload"/>
        <json:object-to-json-transformer doc:name="Object to JSON"/>
    </sub-flow>
    <flow name="sfdc_product_put_flow" doc:name="sfdc_product_put_flow" processingStrategy="synchronous">
        <splunklogger:logger config-ref="SplunkLogger" message="${sfdc.product.put.input.msg}" doc:name="Input message - JSON"/>
        <set-variable variableName="ProductJson" value="#[payload]" doc:name="Variable"/>
        <data-mapper:transform config-ref="JSON_To_List_Product2_" doc:name="JSON To List&lt;Product2&gt;"/>
        <splunklogger:logger config-ref="SplunkLogger" message="${sfdc.product.put.data}" doc:name="Data to be used for SFDC Products"/>
        <sfdc:upsert config-ref="Salesforce" externalIdFieldName="NetSuite_Id__c" type="Product2" doc:name="Update Product">
            <sfdc:objects ref="#[payload]"/>
        </sfdc:upsert>
        <choice doc:name="Choice">
            <when expression="#[!payload[0].isSuccess()]">
                <scripting:component doc:name="Error">
                    <scripting:script engine="Groovy" ><![CDATA[
import java.util.HashMap
import org.mule.module.apikit.exception.BadRequestException

HashMap<String,String> putResponseMap = new HashMap<String,String>()

String objectId = ''
def targetSysError = '';
boolean isSuccess = false;

	objectId = payload[0].getId()
	isSuccess = payload[0].isSuccess()
	targetSysError = payload[0].getErrors()


if(isSuccess){
	putResponseMap.put('statusCode','STS-200-SUCCESS')
	putResponseMap.put('objectId',objectId)
	putResponseMap.put('objectType','Product')
	putResponseMap.put('statusMessage','Object created/updated successfully')
} else {
	if(payload[0].getErrors()!=null){
		throw new BadRequestException(payload[0].getErrors().toString());
	} else {
		throw new BadRequestException('Operation error');
	}
}

return putResponseMap]]></scripting:script>
                </scripting:component>
            </when>
            <otherwise>
                <set-variable variableName="ProductId" value="#[payload[0].getId()]" doc:name="Success"/>
                <splunklogger:logger config-ref="SplunkLogger" message="${sfdc.product.put.resp}" doc:name="SFDC Product response"/>
                <flow-ref name="sfdc_product_pricebook_flow" doc:name="Flow Reference"/>
            </otherwise>
        </choice>
 
    </flow>
</mule>
