<?xml version="1.0" encoding="UTF-8"?>

<mule xmlns:splunklogger="http://www.mulesoft.org/schema/mule/splunklogger" xmlns:https="http://www.mulesoft.org/schema/mule/https"
	xmlns:context="http://www.springframework.org/schema/context" xmlns:http="http://www.mulesoft.org/schema/mule/http" xmlns:sfdc="http://www.mulesoft.org/schema/mule/sfdc" xmlns:json="http://www.mulesoft.org/schema/mule/json" xmlns:tracking="http://www.mulesoft.org/schema/mule/ee/tracking" xmlns="http://www.mulesoft.org/schema/mule/core" xmlns:doc="http://www.mulesoft.org/schema/mule/documentation"
	xmlns:spring="http://www.springframework.org/schema/beans" version="EE-3.5.2"
	xmlns:xsi="http://www.w3.org/2001/XMLSchema-instance"
	xsi:schemaLocation="http://www.mulesoft.org/schema/mule/https http://www.mulesoft.org/schema/mule/https/current/mule-https.xsd
http://www.springframework.org/schema/beans http://www.springframework.org/schema/beans/spring-beans-current.xsd
http://www.mulesoft.org/schema/mule/core http://www.mulesoft.org/schema/mule/core/current/mule.xsd
http://www.mulesoft.org/schema/mule/json http://www.mulesoft.org/schema/mule/json/current/mule-json.xsd
http://www.mulesoft.org/schema/mule/http http://www.mulesoft.org/schema/mule/http/current/mule-http.xsd
http://www.mulesoft.org/schema/mule/ee/tracking http://www.mulesoft.org/schema/mule/ee/tracking/current/mule-tracking-ee.xsd
http://www.mulesoft.org/schema/mule/sfdc http://www.mulesoft.org/schema/mule/sfdc/current/mule-sfdc.xsd
http://www.springframework.org/schema/context http://www.springframework.org/schema/context/spring-context-current.xsd
http://www.mulesoft.org/schema/mule/splunklogger http://www.mulesoft.org/schema/mule/splunklogger/current/mule-splunklogger.xsd">
    <spring:beans>
        <spring:bean id="sfdcSessionIdExtractor" name="sfdcSessionIdExtractor" class="components.GetSalesforceSessionId" scope="singleton">
            <spring:property name="connectionManager" ref="Salesforce"/>
        </spring:bean>
    </spring:beans>

    <https:connector name="httpsOutboundConnector" cookieSpec="rfc2109" validateConnections="true" doc:name="HTTP-HTTPS">
		<service-overrides sessionHandler="org.mule.session.NullSessionHandler"/>
    </https:connector>
    
    <flow name="stripe-renewals-main" doc:name="stripe-renewals-main">
        <https:inbound-endpoint exchange-pattern="request-response" host="localhost" port="${https.endpoint.port}" path="events" doc:name="HTTPS events endpoint" connector-ref="HTTPS_Conn"/>
        <object-to-string-transformer doc:name="Read event"/>
        <splunklogger:logger config-ref="SplunkLogger" message="Payload Received: #[payload]" doc:name="Log payload"/>
        <json:json-to-object-transformer returnClass="java.util.HashMap" doc:name="Parse webhook call"/>
        <expression-transformer expression="#[payload['id']]" doc:name="Extract event ID"/>
        <set-variable variableName="eventId" value="#[payload]" doc:name="eventId -&gt; flowvars[eventId]"/>
        <set-property propertyName="Authorization" value="Basic #[new String(org.apache.commons.codec.binary.Base64.encodeBase64('${stripe.api.key}:'.getBytes()))]" doc:name="Set auth"/>
        <https:outbound-endpoint exchange-pattern="request-response" method="GET" address="${stripe.events.endpoint}/#[payload]" doc:name="Query event"  connector-ref="httpsOutboundConnector"/>
        <json:json-to-object-transformer doc:name="Parse Event" returnClass="java.util.HashMap"/>
        <splunklogger:logger config-ref="SplunkLogger" message="Output from Stripe: #[payload]" doc:name="Output from Stripe"/>
        <set-variable variableName="originalEvent" value="#[payload]" doc:name="Save message"/>
        <choice doc:name="Event type">
            <when expression="#[message.inboundProperties['http.status'] != 200]">
                <json:object-to-json-transformer doc:name="Make error printable"/>
                <splunklogger:logger config-ref="SplunkLogger" message="Polling for event ID #[flowVars['eventId']] returned status code #[message.inboundProperties['http.status']]. Payload is: #[payload]" severity="ERROR" doc:name="Log status != 200"/>
            </when>
            <otherwise>
                <splunklogger:logger config-ref="SplunkLogger" message="Events passed to the flow" doc:name="Entering Process Event"/>
                <flow-ref name="validate-splunk-user" doc:name="Validate user"/>
                <choice doc:name="Valid User?">
                    <when expression="#[flowVars['validSplunkUser']]">
                        <flow-ref name="forward-request-to-sfdc" doc:name="Process Request"/>
                    </when>
                    <otherwise>
                        <flow-ref name="user-invalid" doc:name="User invalid"/>
                    </otherwise>
                </choice>
            </otherwise>
        </choice>
        <set-payload doc:name="Set Payload" value="{'Result': 'OK'}"/>

        <http:response-builder status="200" contentType="application/json" doc:name="HTTP Response Builder">
            <http:cache-control noCache="true"/>
        </http:response-builder>
        <choice-exception-strategy doc:name="Choice Exception Strategy">
            <catch-exception-strategy doc:name="Catch Exception Strategy">
                <http:response-builder status="500" doc:name="HTTP Response Builder"/>
            </catch-exception-strategy>
        </choice-exception-strategy> 
    </flow>

    <sub-flow name="validate-splunk-user" doc:name="validate-splunk-user">
        <enricher doc:name="flowVars[validSplunkUser]" target="#[flowVars['validSplunkUser']]">
            <set-payload value="#[true]" doc:name="Users are always valid"/>
        </enricher>
    </sub-flow>

    <sub-flow name="user-invalid" doc:name="user-invalid">
        <splunklogger:logger config-ref="SplunkLogger" message="Invalid event (#[]) received for user (#[])" severity="ERROR" doc:name="Log invalid event"/>
        <logger message="Invalid event (#[]) received for user (#[])" level="ERROR" doc:name="Log invalid event"/>
    </sub-flow>

    <sub-flow name="forward-request-to-sfdc" doc:name="forward-request-to-sfdc">
        <enricher doc:name="flowVars[sfdcSessionId]" target="#[flowVars['sfdcSessionId']]">
            <processor-chain doc:name="Processor Chain">
                <sfdc:get-user-info config-ref="Salesforce" doc:name="Refresh salesforce session"/>
                <component doc:name="Extract SFDC Session ID">
                    <spring-object bean="sfdcSessionIdExtractor"/>
                </component>
            </processor-chain>
        </enricher>
       <remove-property propertyName="*" doc:name="Property"/>
        <message-properties-transformer overwrite="true" doc:name="Message Properties">
            <add-message-property key="Authorization" value="#['Bearer ' + flowVars['sfdcSessionId']]"/>
            <add-message-property key="Content-Type" value="application/json"/>
        </message-properties-transformer>
        <set-payload value="#[flowVars['originalEvent']]" doc:name="Retrieve original message"/>
        <json:object-to-json-transformer doc:name="re-create JSON payload"/>
        <splunklogger:logger config-ref="SplunkLogger" message="Calling SFDC eCommerce endpoint with payload: #[payload]" doc:name="Send Email"/>
        <https:outbound-endpoint address="${sfdc.apex.processPayment.endpoint}" connector-ref="httpsOutboundConnector" exchange-pattern="request-response" method="POST"  responseTimeout="30000" mimeType="application/json" doc:name="HTTP: SFDC REST Send Email"/>
        <choice doc:name="Choice">
            <when expression="#[message.inboundProperties['http.status'] != 200]">
                <object-to-string-transformer doc:name="Object to String"/>
                <splunklogger:logger config-ref="SplunkLogger" doc:name="Error when calling SFDC"/>
            </when>
            <otherwise>
                <splunklogger:logger config-ref="SplunkLogger" message="Webhook processed successfully" doc:name="Success"/>
            </otherwise>
        </choice>
    </sub-flow>

</mule>
