<?xml version="1.0" encoding="UTF-8" standalone="yes"?>
<mule-project xmlns="http://www.mulesoft.com/tooling/project" runtimeId="org.mule.tooling.server.3.5.1.ee" schemaVersion="3.5.0.0">
    <name>trial-provisioning</name>
    <description></description>
    <muleExtension name="Salesforce" qualifier="org.mule.tooling.ui.contribution.sfdc.3.5.0"/>
    <muleExtension name="APIkit" qualifier="org.mule.tooling.apikit"/>
    <muleExtension name="SplunkLogger" qualifier="org.mule.tooling.ui.contribution.splunklogger.3.5.0"/>
    <muleExtension name="APIkit" qualifier="org.mule.tooling.apikit"/>
</mule-project>
