<?xml version="1.0" encoding="UTF-8"?>

<mule xmlns:tcp="http://www.mulesoft.org/schema/mule/tcp" 
	xmlns:tls="http://www.mulesoft.org/schema/mule/tls"
	xmlns:splunklogger="http://www.mulesoft.org/schema/mule/splunklogger" 
	xmlns:core="http://www.mulesoft.org/schema/mule/core" 
	xmlns:vm="http://www.mulesoft.org/schema/mule/vm" 
	xmlns:context="http://www.springframework.org/schema/context" 
	xmlns="http://www.mulesoft.org/schema/mule/core" 
	xmlns:sfdc="http://www.mulesoft.org/schema/mule/sfdc" 
	xmlns:objectstore="http://www.mulesoft.org/schema/mule/objectstore" 
	xmlns:doc="http://www.mulesoft.org/schema/mule/documentation" 
	xmlns:spring="http://www.springframework.org/schema/beans" 
	xmlns:xsi="http://www.w3.org/2001/XMLSchema-instance" 
	xmlns:http="http://www.mulesoft.org/schema/mule/http" 
	xmlns:https="http://www.mulesoft.org/schema/mule/https"
	xmlns:ee="http://www.mulesoft.org/schema/mule/ee/core"
xsi:schemaLocation="http://www.mulesoft.org/schema/mule/core http://www.mulesoft.org/schema/mule/core/current/mule.xsd
http://www.mulesoft.org/schema/mule/vm http://www.mulesoft.org/schema/mule/vm/current/mule-vm.xsd
http://www.mulesoft.org/schema/mule/ee/core http://www.mulesoft.org/schema/mule/ee/core/current/mule-ee.xsd
http://www.mulesoft.org/schema/mule/objectstore http://www.mulesoft.org/schema/mule/objectstore/1.0/mule-objectstore.xsd
http://www.springframework.org/schema/beans http://www.springframework.org/schema/beans/spring-beans-current.xsd
http://www.mulesoft.org/schema/mule/http http://www.mulesoft.org/schema/mule/http/current/mule-http.xsd
http://www.mulesoft.org/schema/mule/https http://www.mulesoft.org/schema/mule/https/current/mule-https.xsd
http://www.mulesoft.org/schema/mule/sfdc http://www.mulesoft.org/schema/mule/sfdc/current/mule-sfdc.xsd
http://www.springframework.org/schema/context http://www.springframework.org/schema/context/spring-context-current.xsd
http://www.mulesoft.org/schema/mule/splunklogger http://www.mulesoft.org/schema/mule/splunklogger/current/mule-splunklogger.xsd
http://www.mulesoft.org/schema/mule/tcp http://www.mulesoft.org/schema/mule/tcp/current/mule-tcp.xsd
http://www.mulesoft.org/schema/mule/tls http://www.mulesoft.org/schema/mule/tls/current/mule-tls.xsd">
    <context:property-placeholder location="common.properties,mule.${mule.env}.properties,api.properties" />
	<configuration doc:name="configuration">
		<expression-language>
			 <import class="org.apache.commons.codec.binary.Base64" name="Base64"/>
			 <import class="java.text.SimpleDateFormat" name="SimpleDateFormat"/>
			 <import class="com.splunk.enterprisetrials.orchestration.deletestack.StackType" name="StackType" />			 
			 <global-functions>
			 	def isEmpty(value) { value == null || value.isEmpty() }
			 	def sanitizeError(text) { (text == null)?"null":text.replace('"', ' ').replace('\n', ' ') }
			 	def rootCause(exception) { org.mule.util.ExceptionUtils.getRootCause(exception) }
			 	def valueOrEmptyString(value) {(value != null)?value:""}
			 	def mapStatus(status) { app.registry['statusMap'][status] }
			 	def isContactId(crmId) { crmId.startsWith('${sfdc.contact.id.prefix}') }
			 	def isLeadId(crmId) { crmId.startsWith('${sfdc.lead.id.prefix}') }
			 	def isOrderItemId(crmId) { crmId.startsWith('${sfdc.orderItem.id.prefix}') }
			 	def isOpportunityLineItemId(crmId) { crmId.startsWith('${sfdc.opportunityLineItem.id.prefix}') }
			 	def buildCreateStackJSON(sName, sParams, sTempURL) { return '{ "stackName": "' + sName + '", "parameters": ' + sParams + ', "templateUrl": "' + sTempURL + '"}' }
				def fifteenCharacterId(sfdcId) { sfdcId.size() >= 15 ? sfdcId.substring(0, 15) : sfdcId }
				def toListOfIds(ids) { "('" + ids.join("', '") + "')" }  
				def requestIsInvalid(nothing)  { 
					if (flowVars['licenses'].size &lt; 1) return true; 
					if (isEmpty(flowVars['poolName']) ) return true;
					if (isEmpty(flowVars['fulfillmentCaseId'])) return true;
					if (isEmpty(flowVars['subscriptionId']) &amp;&amp; isEmpty(flowVars['opportunityProductId'])) return true; 
					if (!isEmpty(flowVars['opportunityProductId']) &amp;&amp; !isEmpty(flowVars['subscriptionId'])) return true;
					return false;
				}
				def errorIsRetriable(error) {
					return (error == 404 || error == 503)
				}
			 </global-functions>
		</expression-language>
	</configuration>

    <sfdc:config name="salesforce" username="${sfdc.username}" password="${sfdc.password}" securityToken="${sfdc.token}" url="${sfdc.endpoint}" doc:name="salesforce">
    	<!-- added pool eviction: maximum session time around 20 minutes, eviction runs every 10 minutes. This will force sessions to expire and the connector to re-login -->
        <sfdc:connection-pooling-profile maxActive="60" initialisationPolicy="INITIALISE_ONE" exhaustedAction="WHEN_EXHAUSTED_GROW" minEvictionMillis="1200000" maxIdle="600000" evictionCheckIntervalMillis="600000"/>
		<!-- Added reconnection strategy -->
    	<reconnect-forever frequency="1000"  />
    </sfdc:config>

   
    
    <http:request-config name="HttpSfdcConnectorConfig" protocol="HTTPS" host="${sfdc.apex.email.host}" port="${sfdc.port}" doc:name="HTTP Request Configuration">
        <tcp:client-socket-properties connectionTimeout="60000"/>
    </http:request-config>
    
    <http:request-config name="BelugaConnectorConfig" protocol="HTTPS" host="${beluga.host}" port="${beluga.port}" doc:name="HTTP Request Configuration">
        <http:basic-authentication username="${beluga.http.username}" password="${beluga.http.password}" preemptive="true"/>
        <tcp:client-socket-properties connectionTimeout="60000"/>
        <tls:context>
            <tls:trust-store path="hydra.cacerts" password="changeit" />
            <tls:key-store path="hydra-keystore-${mule.env}.jks" alias="1" keyPassword="${hydra.keystore.password}" password="${hydra.keystore.password}" />
        </tls:context>
    </http:request-config>
    
    <http:request-config name="StarfishConnectorConfig" protocol="HTTPS" host="${starfish.host}" port="${starfish.port}" doc:name="HTTP Request Configuration">
        <http:basic-authentication username="${starfish.http.username}" password="${starfish.http.password}" preemptive="true"/>
        <tcp:client-socket-properties connectionTimeout="60000"/>
        <tls:context>
            <tls:trust-store path="hydra.cacerts" password="changeit" />
            <tls:key-store path="hydra-keystore-${mule.env}.jks" alias="1" keyPassword="${hydra.keystore.password}" password="${hydra.keystore.password}" />
        </tls:context>
    </http:request-config>
    
    <http:request-config name="PirateshipConnectorConfig" protocol="HTTPS" host="${pirateship.host}" port="${pirateship.port}" doc:name="HTTP Request Configuration">
        <http:basic-authentication username="${pirateship.http.username}" password="${pirateship.http.password}" preemptive="true"/>
        <tcp:client-socket-properties connectionTimeout="60000"/>
        <tls:context>
            <tls:trust-store path="hydra.cacerts" password="changeit" />
            <tls:key-store path="hydra-keystore-${mule.env}.jks" alias="1" keyPassword="${hydra.keystore.password}" password="${hydra.keystore.password}" />
        </tls:context>
    </http:request-config>
    
    <http:request-config name="http_Configuration" protocol="HTTPS"   doc:name="HTTP Request Configuration" >
    </http:request-config>
         
    <ee:object-store-caching-strategy name="cachingStrategy" keyGenerationExpression="#[payload]" doc:name="Caching Strategy">
        <managed-store storeName="stackNameToCrmIdObjectStore" maxEntries="1000" expirationInterval="36000"/>
    </ee:object-store-caching-strategy>
    
    <ee:object-store-caching-strategy name="idForStackNamesCachingStrategy" keyGenerationExpression="#[payload]" doc:name="Caching Strategy">
        <managed-store storeName="idForStackNamesObjectStore" maxEntries="1000" expirationInterval="36000"/>
    </ee:object-store-caching-strategy>
    
    <ee:object-store-caching-strategy name="trialsCachingStrategy" keyGenerationExpression="#[payload]" doc:name="Caching Strategy">
        <managed-store storeName="trialsObjectStore" maxEntries="100" entryTTL="36000" expirationInterval="36000"/>

    </ee:object-store-caching-strategy>

    <ee:object-store-caching-strategy name="cloudStacksCachingStrategy" keyGenerationExpression="#[payload]" doc:name="Caching Strategy">
        <managed-store storeName="cloudStacksObjectStore" maxEntries="100" entryTTL="36000" expirationInterval="36000"/>

    </ee:object-store-caching-strategy>
       
    <vm:connector name="VmConnector" doc:name="VM" queueTimeout="100000" validateConnections="true">
        <vm:queue-profile maxOutstandingMessages="1000"/>
    </vm:connector>
    
    <spring:beans>
    	<spring:bean id="splunkNotificationListener" class="com.splunk.enterprisetrials.components.SplunkLogger">
    		<spring:property name="environment" value="${mule.env}" />
    	</spring:bean>
    	
    	<spring:bean name="expireTrialCacheEntries" class="com.splunk.enterprisetrials.components.ExpireCacheEntry" scope="singleton">
			<spring:property name="cachingStrategy" ref="trialsCachingStrategy" />
			<spring:property name="IdExpressions">
				 <spring:list>
				 	<spring:value>#[flowVars['ContactId']]</spring:value>
				 	<spring:value>#[flowVars['LeadId']]</spring:value>
				 	<spring:value>#[flowVars['ContactId']]</spring:value>
				 </spring:list>
			</spring:property>
    	</spring:bean>
    	
    	<spring:bean name="expireCloudStackCacheEntries" class="com.splunk.enterprisetrials.components.ExpireCacheEntry" scope="singleton">
			<spring:property name="cachingStrategy" ref="cloudStacksCachingStrategy" />
			<spring:property name="IdExpressions">
				 <spring:list>
				 	<spring:value>#[flowVars['CrmId']]</spring:value>
				 </spring:list>
			</spring:property>
    	</spring:bean>    	
    </spring:beans>
    
    <splunklogger:config name="SplunkLoggerConfig" doc:name="SplunkLogger" quoteNames="false" category="com.splunk.enterprisetrials.components.SplunkLogger">
		<splunklogger:global-fields>
			<splunklogger:global-field key="messageId">#[message.rootId]</splunklogger:global-field>
			<splunklogger:global-field key="stackName">#[flowVars['actualStackName']]</splunklogger:global-field>
			<splunklogger:global-field key="stackName">#[flowVars['MessageItems']['StackName']]</splunklogger:global-field>
			<splunklogger:global-field key="userName">#[flowVars['createTrial']['userName']]</splunklogger:global-field>
			<splunklogger:global-field key="productType">#[flowVars['createTrial']['trialProductType']]</splunklogger:global-field>
			<splunklogger:global-field key="env">${mule.env}</splunklogger:global-field>
			<splunklogger:global-field key="apiCall">#[flowVars['apiCall']]</splunklogger:global-field>
		</splunklogger:global-fields>
    </splunklogger:config>

    <http:listener-config name="HTTP_listener" host="0.0.0.0" port="8082" doc:name="HTTP Listener Configuration" protocol="HTTPS">
        <tls:context>
            <tls:key-store path="keystore.jks" keyPassword="splunkkeystore" password="splunkkeystore"/>
        </tls:context>
    </http:listener-config>
   


   
</mule>
