<?xml version="1.0" encoding="UTF-8"?>

<mule xmlns:splunklogger="http://www.mulesoft.org/schema/mule/splunklogger" xmlns:https="http://www.mulesoft.org/schema/mule/https" xmlns:sfdc="http://www.mulesoft.org/schema/mule/sfdc" xmlns:scripting="http://www.mulesoft.org/schema/mule/scripting" xmlns:json="http://www.mulesoft.org/schema/mule/json" xmlns:http="http://www.mulesoft.org/schema/mule/http" xmlns:tracking="http://www.mulesoft.org/schema/mule/ee/tracking" xmlns="http://www.mulesoft.org/schema/mule/core" xmlns:doc="http://www.mulesoft.org/schema/mule/documentation" xmlns:spring="http://www.springframework.org/schema/beans" version="EE-3.7.0" xmlns:xsi="http://www.w3.org/2001/XMLSchema-instance"
	xsi:schemaLocation="http://www.springframework.org/schema/beans http://www.springframework.org/schema/beans/spring-beans-current.xsd
http://www.mulesoft.org/schema/mule/core http://www.mulesoft.org/schema/mule/core/current/mule.xsd
http://www.mulesoft.org/schema/mule/ee/tracking http://www.mulesoft.org/schema/mule/ee/tracking/current/mule-tracking-ee.xsd
http://www.mulesoft.org/schema/mule/http http://www.mulesoft.org/schema/mule/http/current/mule-http.xsd
http://www.mulesoft.org/schema/mule/json http://www.mulesoft.org/schema/mule/json/current/mule-json.xsd
http://www.mulesoft.org/schema/mule/scripting http://www.mulesoft.org/schema/mule/scripting/current/mule-scripting.xsd
http://www.mulesoft.org/schema/mule/sfdc http://www.mulesoft.org/schema/mule/sfdc/current/mule-sfdc.xsd
http://www.mulesoft.org/schema/mule/https http://www.mulesoft.org/schema/mule/https/current/mule-https.xsd
http://www.mulesoft.org/schema/mule/splunklogger http://www.mulesoft.org/schema/mule/splunklogger/current/mule-splunklogger.xsd">
	<spring:beans>
		<spring:bean id="trialBean" name="trialBean" class="com.splunk.enterprisetrials.components.CreateTrialRecord">
			<spring:property name="status" value="${aws.stack.status.createPending}" />
		</spring:bean>
		<spring:bean id="trialsLockObjectStore" name="trialsLockObjectStore" class="org.mule.util.store.SimpleMemoryObjectStore">
		</spring:bean>
		<spring:bean id="rateLimitBegin" name="rateLimitBegin" class="com.splunk.enterprisetrials.components.ratelimit.RateLimitBegin">
			<spring:property name="objectStore" ref="trialsLockObjectStore" />
			<spring:property name="timeBetweenRequestsMillis" value="${createStack.timeBetweenRequestsMillis}" />
		</spring:bean>
		<spring:bean id="rateLimitEnd" name="rateLimitEnd" class="com.splunk.enterprisetrials.components.ratelimit.RateLimitEnd">
			<spring:property name="objectStore" ref="trialsLockObjectStore" />
		</spring:bean>
	</spring:beans>
	<flow name="createTrialFlow" >
		<enricher target="#[flowVars['createTrial']]" doc:name="flowVars['createTrial']">
			<json:json-to-object-transformer doc:name="JSON to HasMap" returnClass="java.util.HashMap" />
		</enricher>
        <splunklogger:logger config-ref="SplunkLoggerConfig" doc:name="Log parameters" message="#[payload]">
			<splunklogger:fields>
				<splunklogger:field key="crmId">#[flowVars['createTrial']['crmId']]</splunklogger:field>
				<splunklogger:field key="username">#[flowVars['createTrial']['userName']]</splunklogger:field>
				<splunklogger:field key="trialProductType">#[flowVars['createTrial']['trialProductType']]</splunklogger:field>
			</splunklogger:fields>
		</splunklogger:logger>
		<set-variable variableName="originalMessageId" value="#[message.id]" doc:name="Variable" />
		<component doc:name="RateLimit Begin critical section">
			<spring-object bean="rateLimitBegin" />
		</component>
		<splunklogger:logger config-ref="SplunkLoggerConfig" message="flowVars['createTrial]: #[flowVars['createTrial']]" severity="DEBUG" doc:name="Logger" />
		<splunklogger:time config-ref="SplunkLoggerConfig" message="Validation of CRM ID took #[flowVars['elapsedTime']] milliseconds" doc:name="Time execution" destination="">
            <flow-ref name="createTrialValidateCrmId" doc:name="Validate CRM ID" />
		</splunklogger:time>
		<choice doc:name="Access control">
			<when expression="#[true]">
				<splunklogger:logger config-ref="SplunkLoggerConfig" message="Querying Trial Product defaults" severity="DEBUG" doc:name="Query trial product" />
				<set-variable variableName="trialProductQuery" value="${sfdc.trialProduct.query}" doc:name="flowVars['trialProductQuery']" />
				<splunklogger:logger config-ref="SplunkLoggerConfig" message="flowVars['trialProductQuery']: #[flowVars['trialProductQuery']]" severity="DEBUG" doc:name="Log trial product query" />
				<splunklogger:time config-ref="SplunkLoggerConfig" message="Call to SFDC:Query Trial_Product_Details took #[flowVars['elapsedTime']] ms." doc:name="Time execution" destination="">
					<enricher target="#[flowVars['trialProduct']]" doc:name="flowVars['trialProduct']">
						<sfdc:query-single config-ref="salesforce" query="#[flowVars['trialProductQuery']]" doc:name="Query Trial Product Details" />
					</enricher>
				</splunklogger:time>
				<splunklogger:logger config-ref="SplunkLoggerConfig" message="flowVars['trialProduct']: #[flowVars['trialProduct']]" severity="DEBUG" doc:name="Log trialProduct response" />
				<flow-ref name="queryTrial" doc:name="FlowRef: QueryTrial" />
				<choice doc:name="Does trial exist already?">
					<when expression="#[flowVars['trial'] == null || (flowVars['trial'] != null &amp;&amp; (flowVars['trial']['Status__c'] != '${aws.stack.status.createPending}' &amp;&amp; flowVars['trial']['Status__c'] != '${aws.stack.status.createComplete}'))]">
						<flow-ref name="queryTrialInfo" doc:name="FlowRef: QueryTrialInfo" />
						<choice doc:name="Does TrialInfo exist?">
							<when expression="#[flowVars['trialInfo'] == null]">
								<splunklogger:logger config-ref="SplunkLoggerConfig" message="Creating Default Trial Info for Trial Product: #[flowVars['trialProduct']]" severity="DEBUG" doc:name="Create Default Trial Info" />
								<enricher target="#[flowVars['trialInfo']]" doc:name="flowVars['trialInfo']">
									<processor-chain doc:name="Processor Chain">
										<set-variable variableName="createTrialInfoMap" value="#[ ['Additional_Allowed_Trials__c': 0, (isContactId(flowVars['createTrial'].get('crmId')) ? 'Contact__c' : 'Lead__c'): flowVars['createTrial'].get('crmId'), 'Trial_Product__c': flowVars['trialProduct'].get('Id'), 'Used_Trials__c': 0 ] ]" doc:name="flowVars['createTrialInfoMap']" />
										<splunklogger:logger config-ref="SplunkLoggerConfig" message="flowVars['createTrialInfoMap']: #[flowVars['createTrialInfoMap']]" severity="DEBUG" doc:name="flowVars['createTrialInfoMap']" />
										<splunklogger:time config-ref="SplunkLoggerConfig" message="Call to SFDC:Create Trial Info took #[flowVars['elapsedTime']] ms." doc:name="Time execution" destination="">
											<sfdc:create-single config-ref="salesforce" type="Trial_Info__c" doc:name="Create Default Trial Info">
												<sfdc:object ref="#[flowVars['createTrialInfoMap']]" />
											</sfdc:create-single>
										</splunklogger:time>
                                        <choice doc:name="Error when creating Trial Info object?">
                                            <when expression="#[payload != null &amp;&amp; payload.getErrors().size() &gt; 0]">
                                                <splunklogger:logger config-ref="SplunkLoggerConfig" message="Trial Info record creation failed." doc:name="Trial Info record creation failed"/>
                                                <scripting:component doc:name="Groovy">
                                                    <scripting:script engine="Groovy"><![CDATA[throw new Exception('An internal error was detected while creating trial Info record. Please try again later.');]]></scripting:script>
                                                </scripting:component>
                                            </when>
                                            <otherwise>
                                                <splunklogger:logger config-ref="SplunkLoggerConfig" message="Created Trial_Info__c: #[payload]" severity="DEBUG" doc:name="Create Trial Info"/>
                                                <set-payload value="#[ ['Id': payload.getId(), 'Additional_Allowed_Trials__c': 0, (isContactId(flowVars['createTrial'].get('crmId')) ? 'Contact__c' : 'Lead__c'): flowVars['createTrial'].get('crmId'), 'Trial_Product__c': flowVars['trialProduct'].get('Id'), 'Used_Trials__c': 0, 'Allowed_Trials__c': flowVars['trialProduct'].get('Max_Allowed_Trials__c'), 'hasTrialsAvailable__c': true ] ]" doc:name="Construct Trial Info Map"/>
                                            </otherwise>
                                        </choice>

									</processor-chain>
								</enricher>
								<splunklogger:logger config-ref="SplunkLoggerConfig" message="flowVars['trialInfo']: #[flowVars['trialInfo']]" severity="DEBUG" doc:name="flowVars['trialInfo']" />
							</when>
							<otherwise>
								<splunklogger:logger config-ref="SplunkLoggerConfig" message="Trial Info Exists: #[flowVars['trialInfo']]" severity="DEBUG" doc:name="Trial Info Exists" />
							</otherwise>
						</choice>
						<splunklogger:logger config-ref="SplunkLoggerConfig" message="Trials Available: #[flowVars['trialInfo']['hasTrialsAvailable__c']]" severity="DEBUG" doc:name="Trials available?" />
						<choice doc:name="Does user have trials left?">
							<when expression="#[flowVars['trialInfo']['hasTrialsAvailable__c']]">
								<!-- <expression-component doc:name="flowVars['stackName'] = userName + yyyyMMdd"><![CDATA[ java.text.SimpleDateFormat formatter = new java.text.SimpleDateFormat("yyyyMMddHHmmss"); java.util.Date d = new java.util.Date(); flowVars["stackName"] = flowVars["createTrial"]["userName"] + "-" + formatter.format(d); ]]></expression-component> -->
								<enricher doc:name="flowVars['trialCount']" target="#[flowVars['trialCount']]" source="#[payload['trialCount']]">
									<sfdc:query-single config-ref="salesforce" doc:name="Query Total Trials" query="${sfdc.trial.query.count}" />
								</enricher>
                                <set-variable variableName="instanceType" value="${sfdc.stack.type.trial}" doc:name="Set instancetype"/>
                                <set-variable variableName="stackType" value="${sfdc.stack.stackType.single}" doc:name="Set stackType"/>
								<component doc:name="flowVars[createTrialMap]">
									<spring-object bean="trialBean" />
								</component>
								<splunklogger:logger config-ref="SplunkLoggerConfig" message="Creating new Pending trial with map: #[flowVars['createTrialMap']]" doc:name="Create pending trial" />
								<splunklogger:time config-ref="SplunkLoggerConfig" message="Call to SFDC:Create Pending Trial took #[flowVars['elapsedTime']] ms." doc:name="Time execution" destination="">
									<enricher target="#[flowVars['trial']]" doc:name="flowVars['trial']">
										<sfdc:create-single config-ref="salesforce" type="Cloud_Stack__c" doc:name="Create Pending Trial">
											<sfdc:object ref="#[flowVars['createTrialMap']]" />
										</sfdc:create-single>
									</enricher>
								</splunklogger:time>
								<choice doc:name="Error when creating Trial object?">
                                            <when expression="#[! flowVars['trial'].getSuccess()]">
                                                <splunklogger:logger config-ref="SplunkLoggerConfig" message="Trial record creation failed" doc:name="Trial record creation failed"/>
                                        <scripting:component doc:name="Groovy">
                                            <scripting:script engine="Groovy"><![CDATA[throw new Exception('An internal error was detected while creating trial record. Please try again later.');]]></scripting:script>
                                        </scripting:component>
                                            </when>
                                            <otherwise>
                                        <splunklogger:logger config-ref="SplunkLoggerConfig" message="New Trial: #[flowVars['trial']]" severity="DEBUG" doc:name="New Trial" />
                                        <set-variable variableName="trialId" value="#[flowVars['trial'].getId()]" doc:name="flowVars['trialId']" />
                                        <expression-component doc:name="Increment Trials_Used__c"><![CDATA[
		                        	flowVars['trialInfo']['Used_Trials__c'] = (int)Double.parseDouble(flowVars['trialInfo']['Used_Trials__c']) + 1;
		                       	]]></expression-component>
                                        <flow-ref name="removeReadOnlyFieldsFromTrialInfo" doc:name="FlowRef: RemoveReadOnlyFieldsFromTrialInfo" />
                                        <splunklogger:time config-ref="SplunkLoggerConfig" message="Call to SFDC:Update Trials_Used__c took #[flowVars['elapsedTime']] ms." doc:name="Time execution" destination="">
        									<sfdc:update-single config-ref="salesforce" type="Trial_Info__c" doc:name="Update Trials_Used__c">
        										<sfdc:object ref="#[flowVars['trialInfo']]" />
        									</sfdc:update-single>
        								</splunklogger:time>
                                            </otherwise>
                                            </choice>

								<splunklogger:logger config-ref="SplunkLoggerConfig" message="Trial Info updated" severity="DEBUG" doc:name="Trial Info updated" />
								<remove-property propertyName="*" doc:name="Clean Headers" />
								<set-property propertyName="Content-Type" value="application/json" doc:name="Set Content-Type" />
								<set-variable variableName="stackCreated" value="#[false]" doc:name="Set success flag" />
								<choice doc:name="Use Starfish? (always true)">
									<when expression="#[true]">
										<splunklogger:logger config-ref="SplunkLoggerConfig" message="Calling Starfish API to create stack #[payload]" severity="DEBUG" doc:name="Log call to Starfish" />
										<set-payload value="{&quot;CrmId&quot;:&quot;#[flowVars['createTrial'].get('crmId')]&quot;, &quot;pool&quot;:&quot;#[flowVars['trialProduct'].get('Pool__c')]&quot;}" doc:name="Create Starfish JSON" />
										<flow-ref name="create-trial-call-starfish" doc:name="Call starfish createStackv2" />
										<set-variable variableName="starfishResponse" value="#[payload]" doc:name="Save starfish response" />
										<choice doc:name="Starfish returned OK?">
											<when expression="#[message.inboundProperties['http.status'] == 200]">
                                                <choice doc:name="Valid Starfish Response?">
                                                    <when expression="#[flowVars['invalidResponse']]">

                                                        <set-variable variableName="stackCreated" value="#[false]" doc:name="set stack creation status"/>
                                                    </when>
                                                    <otherwise>
                                                        <message-properties-transformer scope="invocation" doc:name="Export name and URL">
                                                            <add-message-property key="stackName" value="#[flowVars['starfishResponse']['StackName']]"/>
                                                            <add-message-property key="stackUrl" value="#['${cloud.stack.protocol}://' + payload['StackName'] + '${trial.dns.suffix}']"/>
                                                            <add-message-property key="stackRegion" value="#[(flowVars['starfishResponse']['region'] != null)?flowVars['starfishResponse']['region']:'us-east-1']"/>
                                                        </message-properties-transformer>
                                                        <choice doc:name="Is stack pre-provisioned?">
                                                            <when expression="#[payload['StackName'].split('-')[1].equals('p')]">
                                                                <expression-component doc:name="Update stack name and state"><![CDATA[record = [:];

record['Id'] = flowVars['trialId']; 
record['Status__c'] = 'CREATE_COMPLETE'; 
record['URL__c'] = flowVars['stackUrl'];
record['Region__c'] = flowVars['stackRegion']; 
record['Subdomain__c'] = payload['StackName'];
record['Instance_Id__c'] = payload['StackName']; 
record['Name'] = payload['StackName'];
record['Stack_ID__c'] = payload['StackId'];
record['Stack_Type__c'] = '${sfdc.stack.stackType.single}';

payload = [record];
]]></expression-component>
                                                                <splunklogger:time config-ref="SplunkLoggerConfig" destination="" message="Call to SFDC:Update Cloud_Stack__c took #[flowVars['elapsedTime']] ms." doc:name="Time execution">
                                                                    <sfdc:update config-ref="salesforce" type="Cloud_Stack__c" doc:name="update SFDC">
                                                                        <sfdc:objects ref="#[payload]"/>
                                                                    </sfdc:update>
                                                                </splunklogger:time>
                                                                <parse-template location="templates/email-success-starfish.tmpl" doc:name="Generate email template"/>
                                                                <enricher target="#[flowVars['notificationResult']]" doc:name="#[flowVars['notificationResult']]">
                                                                    <flow-ref name="sns-call-email-service" doc:name="Send notification"/>
                                                                </enricher>
                                                                <splunklogger:logger config-ref="SplunkLoggerConfig" message="Trial provisioning complete" doc:name="Log end of provisioning">
                                                                    <splunklogger:fields>
                                                                        <splunklogger:field key="stackName">#[flowVars['starfishResponse']['StackName']]</splunklogger:field>
                                                                        <splunklogger:field key="crmId">#[flowVars['createTrial'].get('crmId')]</splunklogger:field>
                                                                    </splunklogger:fields>
                                                                </splunklogger:logger>
                                                            </when>
                                                            <otherwise>
                                                                <expression-component doc:name="Update stack name"><![CDATA[record = [:];

record['Id'] = flowVars['trialId']; 
record['URL__c'] = flowVars['stackUrl']; 
record['Subdomain__c'] = payload['StackName']; 
record['Region__c'] = flowVars['stackRegion'];
record['Instance_Id__c'] = payload['StackName']; 
record['Name'] = payload['StackName'];
record['Stack_ID__c'] = payload['StackId'];
record['Stack_Type__c'] = '${sfdc.stack.stackType.single}';

payload = [record];]]></expression-component>
                                                                <splunklogger:time config-ref="SplunkLoggerConfig" destination="" message="Call to SFDC:Update to Cloud_Stack__c took #[flowVars['elapsedTime']] ms." doc:name="Time execution">
                                                                    <sfdc:update config-ref="salesforce" type="Cloud_Stack__c" doc:name="update SFDC">
                                                                        <sfdc:objects ref="#[payload]"/>
                                                                    </sfdc:update>
                                                                </splunklogger:time>
                                                            </otherwise>
                                                        </choice>
                                                        <message-properties-transformer scope="invocation" doc:name="Set creation status">
        													<add-message-property key="stackCreated" value="#[true]" />
        													<add-message-property key="actualStackName" value="#[flowVars['starfishResponse']['StackName']]" />
        												</message-properties-transformer>
                                                    </otherwise>
                                                </choice>

											</when>

											<otherwise>
												<object-to-string-transformer doc:name="Read Starfish error" />
												<splunklogger:logger config-ref="SplunkLoggerConfig" message="Call to Starfish failed. Response from Starfish was: #[payload]" severity="ERROR" doc:name="Log operation failed" />
												<scripting:component doc:name="remove HTTP status code">
													<scripting:script engine="Groovy"><![CDATA[message.removeProperty('http.status', org.mule.api.transport.PropertyScope.INBOUND);]]></scripting:script>
												</scripting:component>
												<set-variable variableName="stackCreated" value="#[false]" doc:name="Set creation status" />
											</otherwise>
										</choice>
									</when>
									<otherwise>
										<splunklogger:logger config-ref="SplunkLoggerConfig" message="Starfish is disabled for this product" severity="DEBUG" doc:name="Log no Starfish " />
									</otherwise>
								</choice>
								<!-- <https:outbound-endpoint exchange-pattern="request-response" method="POST" address="https://localhost:${https.port}/api/createStack" doc:name="post:/createStack" responseTimeout="10000000"/> -->
								<object-to-string-transformer doc:name="Object to String" />
								<choice doc:name="Provisioning succeeded?">
									<when expression="#[flowVars['stackCreated']]">
										<set-payload doc:name="Create Success Response" value="${api.response.createTrial.200}" />
										<flow-ref name="createTrialExpireCache" doc:name="Expire cache" />
										<set-property propertyName="http.status" value="200" doc:name="http.status=200" />
									</when>
									<otherwise>
										<splunklogger:logger config-ref="SplunkLoggerConfig" message="createStack threw an error: #[payload]" severity="ERROR" doc:name="CreateStack failed" />
										<set-variable value="${aws.stack.status.createFailed}" variableName="markAs" doc:name="flowVars['markAs'] = CREATE_FAILED" />
										<flow-ref name="rollbackSFDCTrial" doc:name="Rollback TrialInfo and Trial" />
										<flow-ref name="createTrialExpireCache" doc:name="Expire cache" />
										<set-payload doc:name="/createStack Failed" value="${api.response.createTrial.500.stackFailed}" />
										<set-property propertyName="http.status" value="500" doc:name="http.status=500" />
									</otherwise>
								</choice>
							</when>
							<otherwise>
								<set-payload value="${api.response.createTrial.400.trialUnavailable}" doc:name="No Available Trials" />
								<splunklogger:logger config-ref="SplunkLoggerConfig" message="No available trials remaining. Payload is: #[payload]" doc:name="No Available Trials" />
								<set-property value="400" propertyName="http.status" doc:name="http.status=400" />
							</otherwise>
						</choice>
					</when>
					<otherwise>
						<set-payload value="${api.response.createTrial.400.trialExists}" doc:name="Trial already exists with URL..." />
						<splunklogger:logger config-ref="SplunkLoggerConfig" message="Trial already exists. Payload is: #[payload]" doc:name="Trial exists" />
						<set-property value="400" propertyName="http.status" doc:name="http.status=400" />
					</otherwise>
				</choice>
			</when>
			<otherwise>
				<splunklogger:logger config-ref="SplunkLoggerConfig" message="Validation failed. Payload is: #[payload]" doc:name="Logger" />
				<set-payload value="${api.response.createTrial.400.invalid}" doc:name="Validation Failed" />
				<set-property value="400" propertyName="http.status" doc:name="http.status=400" />
			</otherwise>
		</choice>
		<component doc:name="RateLimit end critical section">
			<spring-object bean="rateLimitEnd" />
		</component>
		<choice-exception-strategy doc:name="Choice Exception Strategy">
			<catch-exception-strategy when="#[exception is com.splunk.enterprisetrials.components.ratelimit.RateLimitException ]" doc:name="Catch Exception Strategy">
				<splunklogger:logger config-ref="SplunkLoggerConfig" severity="ERROR" doc:name="Log error">
					<splunklogger:fields>
						<splunklogger:field key="apiCall">#[flowVars['apiCall']]</splunklogger:field>
					</splunklogger:fields>
				</splunklogger:logger>
				<set-property doc:name="Content-Type=application/json" propertyName="Content-Type" value="application/json" />
				<set-property doc:name="http.status=409" propertyName="http.status" value="409" />
				<set-payload doc:name="catch-all exception message" value="${api.response.createTrial.409.ratelimit}" />
			</catch-exception-strategy>
			<catch-exception-strategy doc:name="Catch_Exception_Strategy">
				<splunklogger:logger config-ref="SplunkLoggerConfig" severity="ERROR" doc:name="Log error">
					<splunklogger:fields>
						<splunklogger:field key="apiCall">#[flowVars['apiCall']]</splunklogger:field>
					</splunklogger:fields>
				</splunklogger:logger>
				<set-property doc:name="Content-Type=application/json" propertyName="Content-Type" value="application/json" />
				<set-property doc:name="http.status=500" propertyName="http.status" value="500" />
				<set-payload doc:name="catch-all exception message" value="${api.response.createTrial.500.stackFailed}" />
			</catch-exception-strategy>
		</choice-exception-strategy>
	</flow>
	<flow name="create-trial-call-starfish" >
		<flow-ref name="create-stack-v2Flow-internal" doc:name="Call createTrialV2" />
		<catch-exception-strategy doc:name="Catch Exception Strategy">
			<scripting:component doc:name="Set HTTP error code">
				<scripting:script engine="Groovy"><![CDATA[message.setInboundProperty('http.status', '500');]]></scripting:script>
			</scripting:component>
			<set-payload value="#['Error connecting to Starfish. The system may be down.']" doc:name="Set Payload" />
		</catch-exception-strategy>
	</flow>

	<sub-flow name="rollbackSFDCTrial" >
		<splunklogger:logger config-ref="SplunkLoggerConfig" message="Rolling back SFDC Trial and Trial Info; decrementing 1 from Trial_Info__c.Used_Trials__c and deleting Cloud_Stack__c" doc:name="Rollback SFDC Trials" />
		<flow-ref name="decrementUsedTrials" doc:name="FlowRef: DecrementUsedTrials" />
		<flow-ref name="markTrialAs" doc:name="FlowRef: MarkTrialAs - Initialized Error" />
	</sub-flow>

	<sub-flow name="decrementUsedTrials" >
		<expression-component doc:name="Decrement Trials_Used__c"><![CDATA[flowVars['trialInfo']['Used_Trials__c'] = (int)Double.parseDouble(flowVars['trialInfo']['Used_Trials__c']) - 1;
flowVars['trialInfo']['Used_Trials__c'] = (flowVars['trialInfo']['Used_Trials__c'] < 0)?0:flowVars['trialInfo']['Used_Trials__c'];]]></expression-component>
		<flow-ref name="removeReadOnlyFieldsFromTrialInfo" doc:name="FlowRef: RemoveReadOnlyFieldsFromTrialInfo" />
		<splunklogger:time config-ref="SplunkLoggerConfig" message="Call to SFDC:Update Trial_Info__c took #[flowVars['elapsedTime']] ms." doc:name="Time execution" destination="">
			<sfdc:update-single config-ref="salesforce" type="Trial_Info__c" doc:name="Decrementing Trial_Info__c.Used_Trials__c">
				<sfdc:object ref="#[flowVars['trialInfo']]" />
			</sfdc:update-single>
		</splunklogger:time>
	</sub-flow>

	<sub-flow name="deleteTrial" >
		<splunklogger:time config-ref="SplunkLoggerConfig" message="Call to SFDC:Delete Cloud_Stack__c took #[flowVars['elapsedTime']] ms." doc:name="Time execution" destination="">
			<sfdc:delete config-ref="salesforce" doc:name="Deleting Trial">
				<sfdc:ids>
					<sfdc:id>#[flowVars['trialId']]</sfdc:id>
				</sfdc:ids>
			</sfdc:delete>
		</splunklogger:time>
	</sub-flow>

	<sub-flow name="markTrialAs" >
		<splunklogger:time config-ref="SplunkLoggerConfig" message="Call to SFDC:Update Cloud_Stack__c status took #[flowVars['elapsedTime']] ms." doc:name="Time execution" destination="">
			<sfdc:update-single config-ref="salesforce" type="Cloud_Stack__c" doc:name="Update Trial Status">
				<sfdc:object ref="#[['Id': flowVars['trialId'], 'Status__c': flowVars['markAs']]]" />
			</sfdc:update-single>
		</splunklogger:time>
	</sub-flow>

	<sub-flow name="queryTrial" >
		<set-variable variableName="trialQuery" value="${sfdc.trial.query}" doc:name="flowVars['trialQuery']" />
		<enricher target="#[flowVars['trial']]" doc:name="flowVars['trial']">
			<sfdc:query-single config-ref="salesforce" query="#[flowVars['trialQuery']]" doc:name="Query Existing Trials" />
		</enricher>
	</sub-flow>

	<sub-flow name="queryTrialInfo" >
		<set-variable variableName="trialInfoQuery" value="${sfdc.trialInfo.query}" doc:name="flowVars['trialInfoQuery']" />
		<enricher target="#[flowVars['trialInfo']]" doc:name="flowVars['trialInfo']">
			<sfdc:query-single config-ref="salesforce" query="#[flowVars['trialInfoQuery']]" doc:name="Query Trial Info" />
		</enricher>
	</sub-flow>

	<sub-flow name="removeReadOnlyFieldsFromTrialInfo" >
		<expression-component doc:name="Increment Trials_Used__c"><![CDATA[
        	flowVars['trialInfo'].remove('Allowed_Trials__c');
        	flowVars['trialInfo'].remove('Name');
        	flowVars['trialInfo'].remove('hasTrialsAvailable__c');
       	]]></expression-component>
	</sub-flow>
	<sub-flow name="createTrialExpireCache" >
		<enricher doc:name="Expire cache" target="#[flowVars['_expiration_status_']]" source="#[payload]">
			<processor-chain doc:name="Processor Chain">
				<set-variable variableName="ContactId" value="#[flowVars['createTrial'].get('crmId')]" doc:name="Variable" />
				<custom-processor name="expireTrialCacheEntriesForTrial" class="com.splunk.enterprisetrials.components.ExpireCacheEntry" doc:name="Expire cache">
					<spring:property name="cachingStrategy" ref="trialsCachingStrategy" />
					<spring:property name="IdExpressions">
						<spring:list>
							<spring:value>#[flowVars['ContactId']]</spring:value>
							<spring:value>#[flowVars['LeadId']]</spring:value>
							<spring:value>#[flowVars['ContactId']]</spring:value>
						</spring:list>
					</spring:property>
				</custom-processor>
			</processor-chain>
		</enricher>
	</sub-flow>
	<sub-flow name="createTrialValidateCrmId" >
		<set-variable variableName="savedPayload" value="#[payload]" doc:name="Save payload" />
		<choice doc:name="Is CRMId Contact or lead?">
			<when expression="#[isLeadId(flowVars['createTrial']['crmId'])]">
				<sfdc:query-single config-ref="salesforce" query="Select Id, splunk_com_username__c  from Lead where Id = '#[flowVars[&quot;createTrial&quot;][&quot;crmId&quot;]]' and ConvertedDate = null" doc:name="Search Lead" />
                <choice doc:name="Update Lead record with splunk.com user name">
                    <when expression="#[(payload != null || payload.getSuccess()) &amp;&amp; (payload['splunk_com_username__c'] == null || payload['splunk_com_username__c'].length() == 0)]">
                        <scripting:component doc:name="Construct update request">
                            <scripting:script engine="Groovy"><![CDATA[def updateRequest = [:];

updateRequest['Id'] =  payload['Id'];
updateRequest['splunk_com_username__c'] = flowVars['createTrial']['userName'];

payload = updateRequest;

]]></scripting:script>
                        </scripting:component>
                        <sfdc:update-single config-ref="salesforce" type="Lead" doc:name="Update Lead">
                        </sfdc:update-single>
                        <splunklogger:logger config-ref="SplunkLoggerConfig" message="Lead record was updated with Splunk.com username successfully." doc:name="updated splunk.com user name"/>
                    </when>
                    <otherwise>
                        <splunklogger:logger config-ref="SplunkLoggerConfig" message="Splunk.com user name exists already" severity="DEBUG" doc:name="Splunk.com user name exists already"/>
                    </otherwise>
                </choice>

			</when>
			<when expression="#[isContactId(flowVars['createTrial']['crmId'])]">
				<sfdc:query-single config-ref="salesforce" query="Select Id, splunk_com_username__c  from Contact where Id = '#[flowVars[&quot;createTrial&quot;][&quot;crmId&quot;]]'" doc:name="Search Contact" />
				<choice doc:name="Update Contact record with splunk.com user name">
                    <when expression="#[payload['splunk_com_username__c'] == null || payload['splunk_com_username__c'].length() == 0]">

                        <scripting:component doc:name="Construct update request">
                            <scripting:script engine="Groovy"><![CDATA[def updateRequest = [:];

updateRequest['Id'] =  payload['Id'];
updateRequest['splunk_com_username__c'] = flowVars['createTrial']['userName'];

payload = updateRequest;]]></scripting:script>
                        </scripting:component>

                        <sfdc:update-single config-ref="salesforce" type="Contact" doc:name="Update Contact">

                        </sfdc:update-single>
                        <splunklogger:logger config-ref="SplunkLoggerConfig" message="Contact record was updated with Splunk.com username successfully." doc:name="updated splunk.com user name"/>
                    </when>
                    <otherwise>
                        <splunklogger:logger config-ref="SplunkLoggerConfig" message="Splunk.com user name exists already" severity="DEBUG" doc:name="Splunk.com user name exists already"/>
                    </otherwise>
                </choice>
			</when>
			<otherwise>
				<set-payload value="#[null]" doc:name="Set Payload" />
			</otherwise>
		</choice>
		<choice doc:name="payload != null?">
			<when expression="#[payload != null || payload.getSuccess()]">
				<splunklogger:logger config-ref="SplunkLoggerConfig" message="CRM ID Validation successful"  doc:name="Log OK" />
				<set-payload value="#[flowVars['savedPayload']]" doc:name="Restore payload" />
				<remove-variable variableName="savedPayload" doc:name="Remove saved payload" />
			</when>
			<otherwise>
				<splunklogger:logger config-ref="SplunkLoggerConfig" message="CRM ID #[flowVars['createTrial']['crmId']] is neither a Lead ID nor a Contact ID. Rejecting request." doc:name="Log errror" />
				<scripting:component doc:name="Throw error">
					<scripting:script engine="Groovy"><![CDATA[throw new com.splunk.enterprisetrials.exceptions.InvalidCRMIdException('The CRM ID is neither a Lead ID nor a Contact ID. If it is a Lead ID, check that it has not been converted to a Contact or Account');]]></scripting:script>
				</scripting:component>
			</otherwise>
		</choice>
	</sub-flow>
</mule>
