<?xml version="1.0" encoding="UTF-8"?>

<mule xmlns:scripting="http://www.mulesoft.org/schema/mule/scripting" xmlns:splunklogger="http://www.mulesoft.org/schema/mule/splunklogger" xmlns:sfdc="http://www.mulesoft.org/schema/mule/sfdc" xmlns:json="http://www.mulesoft.org/schema/mule/json" xmlns:tracking="http://www.mulesoft.org/schema/mule/ee/tracking" xmlns="http://www.mulesoft.org/schema/mule/core" xmlns:doc="http://www.mulesoft.org/schema/mule/documentation"
	xmlns:spring="http://www.springframework.org/schema/beans" version="EE-3.5.2"
	xmlns:xsi="http://www.w3.org/2001/XMLSchema-instance"
	xsi:schemaLocation="http://www.mulesoft.org/schema/mule/json http://www.mulesoft.org/schema/mule/json/current/mule-json.xsd
http://www.mulesoft.org/schema/mule/splunklogger http://www.mulesoft.org/schema/mule/splunklogger/current/mule-splunklogger.xsd
http://www.mulesoft.org/schema/mule/ee/tracking http://www.mulesoft.org/schema/mule/ee/tracking/current/mule-tracking-ee.xsd
http://www.mulesoft.org/schema/mule/sfdc http://www.mulesoft.org/schema/mule/sfdc/current/mule-sfdc.xsd
http://www.mulesoft.org/schema/mule/scripting http://www.mulesoft.org/schema/mule/scripting/current/mule-scripting.xsd
http://www.springframework.org/schema/beans http://www.springframework.org/schema/beans/spring-beans-current.xsd
http://www.mulesoft.org/schema/mule/core http://www.mulesoft.org/schema/mule/core/current/mule.xsd">
    
    <flow name="create-cloud-stack" doc:name="create-cloud-stack">
        <object-to-string-transformer doc:name="Object to String"/>
        <splunklogger:logger config-ref="SplunkLoggerConfig" message="Create Cloud Stack called. Request: #[payload]" doc:name="Logger"/>
        <json:json-to-object-transformer returnClass="java.util.HashMap" doc:name="Parse input"/>
        <flow-ref name="create-cloud-stack-load-pool-name-and-license" doc:name="Load Pool Name and license"/>
        <choice doc:name="Any missing values?">
            <when expression="#[requestIsInvalid(message)]">
                <splunklogger:logger config-ref="SplunkLoggerConfig" message="The crmId (#[flowVars['crmId']]) does not have a product with a pool name, a license or a  Fulfillment Case Id. Please check the data in SFDC for these items. " severity="ERROR" doc:name="Log error"/>
                <set-variable variableName="errorCause" value="The request is invalid. Please check that all IDs and parameters are valid, and that you are only providing an subscriptionId OR an opportunityProductId but not both." doc:name="Set error cause"/>
                <flow-ref name="create-cloud-stack-throw-error" doc:name="Throw error"/>
            </when>
            <otherwise>
                <splunklogger:time config-ref="SplunkLoggerConfig" message="Creating stack through Starfish and PirateShip took #[flowVars['elapsedTime']] ms." doc:name="Time execution" destination="">
                    <flow-ref name="create-cloud-stack-create-stack" doc:name="Call create-licensed-stack"/>
                </splunklogger:time>
                <set-variable variableName="createStackResponse" value="#[payload]" doc:name="Save CreateStack response"/>
                <flow-ref name="create-cloud-stack-save-information" doc:name="Save information in SFDC"/>
                <set-payload value="#[flowVars['createStackResponse']]" doc:name="Retrieve createStack response"/>
                <expression-component doc:name="Add status code"><![CDATA[message.outboundProperties['http.status'] = 200;
payload['statusCode'] = 'STS-200-SUCCESS';]]></expression-component>
                <json:object-to-json-transformer doc:name="Object to JSON"/>
            </otherwise>
        </choice>
    </flow>
    
    <sub-flow name="create-cloud-stack-throw-error" doc:name="create-cloud-stack-throw-error">
        <scripting:component doc:name="Groovy">
            <scripting:script engine="Groovy"><![CDATA[throw new Exception('A call to Create Licensed Product encountered a problem.');]]></scripting:script>
        </scripting:component>
    </sub-flow>
    
    <sub-flow name="create-cloud-stack-load-pool-name-and-license" doc:name="create-cloud-stack-load-pool-name-and-license">
        <set-variable variableName="licenses" value="#[payload['licenseKeys']]" doc:name="Extract license"/>
        <set-variable variableName="poolName" value="#[payload['poolName']]" doc:name="Extract pool name"/>
        <set-variable variableName="opportunityProductId" value="#[payload['opportunityProductId']]" doc:name="Extract opportunityProductId"/>
        <set-variable variableName="subscriptionId" value="#[payload['subscriptionId']]" doc:name="Extract subscriptionId"/>
        <set-variable variableName="fulfillmentCaseId" value="#[payload['fulfillmentCaseId']]" doc:name="Extract FulfillmentCaseId"/>
        <set-variable variableName="productType" value="#[payload['productType']]" doc:name="Extract ProductType"/>
    </sub-flow>
    
    <sub-flow name="create-cloud-stack-create-stack" doc:name="create-cloud-stack-create-stack">
        <expression-component doc:name="Create request"><![CDATA[request = [:];
request['crmId'] = (flowVars['opportunityProductId'] == null)?flowVars['subscriptionId']:flowVars['opportunityProductId'];
request['pool'] = flowVars['poolName'];
request['licenses'] = flowVars['licenses'];

payload = request;
]]></expression-component>
        <json:object-to-json-transformer doc:name="Object to JSON"/>
        <flow-ref name="provision-cloud-stack" doc:name="Call Provision Cloud Stack"/>
        <choice doc:name="Check result">
            <when expression="#[message.outboundProperties['http.status'] == 200]">
                <json:json-to-object-transformer returnClass="java.util.HashMap" doc:name="JSON to Object"/>
                <splunklogger:logger config-ref="SplunkLoggerConfig" message="Stack provisioned by Starfish. Stack info: #[payload]" severity="DEBUG" doc:name="Log provisioned OK"/>
            </when>
            <otherwise>
                <splunklogger:logger config-ref="SplunkLoggerConfig" message="Error calling Starfish for product provisioning. The error was: #[payload]" severity="ERROR" doc:name="Log error"/>
                <set-variable variableName="errorCause" value="Error provisioning product. The error was: #[sanitizeError((flowVars['errorCause'] != null)?flowVars['errorCause']:payload)]" doc:name="Set error cause"/>
                <flow-ref name="create-cloud-stack-throw-error" doc:name="Throw error"/>
            </otherwise>
        </choice>
    </sub-flow>
    
    <sub-flow name="create-cloud-stack-save-information" doc:name="create-cloud-stack-save-information">
        <scripting:component doc:name="Create CloudStack record">
            <scripting:script engine="Groovy"><![CDATA[cloudStackRecord = [:];

def isEmpty(value) { return ((value == null) || (value.isEmpty())); } 

cloudStackRecord['URL__c'] = '${cloud.stack.protocol}://' + flowVars['starfishResponse']['StackName'] + '${cloud.stack.dns.suffix}';
cloudStackRecord['Status__c'] = flowVars['stackStatus'];
cloudStackRecord['Stack_ID__c'] = flowVars['starfishResponse']['StackId'];
cloudStackRecord['Name'] = flowVars['starfishResponse']['StackName'];
cloudStackRecord['Fulfillment_Case__c'] = flowVars['fulfillmentCaseId'];
if (!isEmpty(flowVars['fulfillmentCaseId']))  { cloudStackRecord['InstanceType__c'] = "Paid" ;}
cloudStackRecord['Fulfillment_Case__c'] = flowVars['fulfillmentCaseId'];
if (!isEmpty(flowVars['opportunityProductId'])) { cloudStackRecord['Opportunity_Product_Id__c'] = flowVars['opportunityProductId']; }
if (!isEmpty(flowVars['subscriptionId'])) { cloudStackRecord['Subscription_Payment__c'] = flowVars['subscriptionId']; }
cloudStackRecord['Region__c'] = flowVars['starfishResponse']['region'];
cloudStackRecord['Product_Type__c'] = flowVars['productType']; 
cloudStackRecord['Stack_Type__c'] = '${sfdc.stack.stackType.single}';

payload = [cloudStackRecord];]]></scripting:script>
        </scripting:component>
        <sfdc:create config-ref="salesforce" type="Cloud_Stack__c" doc:name="Create CloudStack">
            <sfdc:objects ref="#[payload]"/>
        </sfdc:create>
        <choice doc:name="Choice">
            <when expression="#[payload[0].errors.length == 0]">
                <splunklogger:logger config-ref="SplunkLoggerConfig" message="Information inserted in Salesforce correctly" doc:name="Log success"/>
            </when>
            <otherwise>
                <splunklogger:logger config-ref="SplunkLoggerConfig" message="Error inserting Cloud Stack object in Salesforce. Stack information: #[flowVars['starfishResponse'].toString()]. Response from SFDC was: #[payload]" severity="ERROR" doc:name="Log failure"/>
                <set-variable variableName="errorCause" value="Error inserting Cloud Stack object in Salesforce. Error message: #[sanitizeError(payload)]" doc:name="Set error cause"/>
                <flow-ref name="create-cloud-stack-throw-error" doc:name="Throw exception"/>
            </otherwise>
        </choice>
    </sub-flow>
    
</mule>
