<?xml version="1.0" encoding="UTF-8"?>

<mule xmlns:splunklogger="http://www.mulesoft.org/schema/mule/splunklogger" xmlns:https="http://www.mulesoft.org/schema/mule/https" xmlns:http="http://www.mulesoft.org/schema/mule/http" xmlns:json="http://www.mulesoft.org/schema/mule/json" xmlns:tracking="http://www.mulesoft.org/schema/mule/ee/tracking" xmlns="http://www.mulesoft.org/schema/mule/core" xmlns:doc="http://www.mulesoft.org/schema/mule/documentation"
	xmlns:spring="http://www.springframework.org/schema/beans" version="EE-3.7.0"
	xmlns:xsi="http://www.w3.org/2001/XMLSchema-instance"
	xsi:schemaLocation="http://www.springframework.org/schema/beans http://www.springframework.org/schema/beans/spring-beans-current.xsd
http://www.mulesoft.org/schema/mule/core http://www.mulesoft.org/schema/mule/core/current/mule.xsd
http://www.mulesoft.org/schema/mule/ee/tracking http://www.mulesoft.org/schema/mule/ee/tracking/current/mule-tracking-ee.xsd
http://www.mulesoft.org/schema/mule/json http://www.mulesoft.org/schema/mule/json/current/mule-json.xsd
http://www.mulesoft.org/schema/mule/http http://www.mulesoft.org/schema/mule/http/current/mule-http.xsd
http://www.mulesoft.org/schema/mule/https http://www.mulesoft.org/schema/mule/https/current/mule-https.xsd
http://www.mulesoft.org/schema/mule/splunklogger http://www.mulesoft.org/schema/mule/splunklogger/current/mule-splunklogger.xsd">
    
    <flow name="createStackv2Flow" >
        <json:json-to-object-transformer doc:name="JSON to Object" returnClass="java.util.HashMap"/>
        <splunklogger:logger config-ref="SplunkLoggerConfig" doc:name="Log create stack parameters">
			<splunklogger:fields>
                <splunklogger:field key="CrmId">#[payload.get('CrmId')]</splunklogger:field>
                <splunklogger:field key="pool">#[payload.get('pool')]</splunklogger:field>
			</splunklogger:fields>
        </splunklogger:logger>
        <json:object-to-json-transformer doc:name="Object to JSON"/>
        <flow-ref name="create-stack-v2Flow-internal" doc:name="Call create stack v2"/>
        <choice doc:name="Operation succeeded?">
            <when expression="#[message.inboundProperties['http.status'] == 200]">
                <expression-transformer expression="#[['statusCode':'STS-200-SUCCESS', 'stackId':payload['StackId']]]" doc:name="Expression"/>
                <json:object-to-json-transformer doc:name="Object to JSON"/>
                <set-property propertyName="http.status" value="200" doc:name="http.status = 200"/>
            </when>
            <otherwise>
                <set-payload value="${api.response.createStack.500.error}" doc:name="Set Payload"/>
                <set-property propertyName="http.status" value="500" doc:name="http.status = 500"/>
            </otherwise>
        </choice>
        <catch-exception-strategy doc:name="Catch Exception Strategy">
            <set-payload value="${api.response.createStack.500.error}" doc:name="Set Payload"/>
            <set-property propertyName="http.status" value="500" doc:name="http.status = 500"/>
        </catch-exception-strategy>
    </flow>
    
    <sub-flow name="create-stack-v2Flow-internal" >
        <set-property propertyName="Content-Type" value="application/json" doc:name="Property"/>
        <set-variable variableName="_retry_payload" value="#[payload]" doc:name="Save payload"/>
        <splunklogger:time config-ref="SplunkLoggerConfig" message="Call to Starfish (Create Stack) took #[flowVars['elapsedTime']] milliseconds" doc:name="Time execution" destination="">
            <until-successful maxRetries="2" doc:name="Until Successful" millisBetweenRetries="5000" synchronous="true" failureExpression="errorIsRetriable(message.inboundProperties['http.status'])">
                <processor-chain doc:name="Processor Chain">
                    <set-payload value="#[_retry_payload]" doc:name="Set Payload"/>
                    <http:request config-ref="StarfishConnectorConfig" path="${starfish.endpoint}" method="POST" host="${starfish.host}" port="${starfish.port}" doc:name="HTTP">
                    <http:success-status-code-validator values="0..499"/>
                    </http:request>
                    <object-to-string-transformer doc:name="Object to String"/>
                    <splunklogger:logger config-ref="SplunkLoggerConfig" message="Starfish returned: #[payload]" doc:name="Logger"/>
                </processor-chain>
            </until-successful>

        </splunklogger:time>

        <choice doc:name="Operation Succeeded?">
        	<when expression="#[message.inboundProperties['http.status'] == 200]">
                <choice doc:name="Check if it's a valid response from Starfish">
                    <when expression="#[payload.startsWith(&quot;&lt;&quot;) || payload.contains(&quot;error&quot;)]">
                        <splunklogger:logger config-ref="SplunkLoggerConfig" message="Unexpected or failure response from Starfish" doc:name="Logger"/>
                        <set-variable variableName="invalidResponse" value="#[true]" doc:name="Variable"/>
                    </when>
                    <otherwise>
                        <json:json-to-object-transformer returnClass="java.util.HashMap" doc:name="JSON to Object"/>
                    </otherwise>
                </choice>

        	</when>
        	<otherwise>
                <splunklogger:logger config-ref="SplunkLoggerConfig" message="Call to starfish failed. HTTP Code was #[message.inboundProperties['http.status']]" doc:name="Log error"/>
        	</otherwise>
        </choice>
    </sub-flow>
</mule>
