<?xml version="1.0" encoding="UTF-8"?>

<mule xmlns:scripting="http://www.mulesoft.org/schema/mule/scripting" xmlns:splunklogger="http://www.mulesoft.org/schema/mule/splunklogger" xmlns:json="http://www.mulesoft.org/schema/mule/json" xmlns:tracking="http://www.mulesoft.org/schema/mule/ee/tracking" xmlns="http://www.mulesoft.org/schema/mule/core" xmlns:doc="http://www.mulesoft.org/schema/mule/documentation" xmlns:spring="http://www.springframework.org/schema/beans" version="EE-3.5.1" xmlns:xsi="http://www.w3.org/2001/XMLSchema-instance" xsi:schemaLocation="http://www.springframework.org/schema/beans http://www.springframework.org/schema/beans/spring-beans-current.xsd
http://www.mulesoft.org/schema/mule/core http://www.mulesoft.org/schema/mule/core/current/mule.xsd
http://www.mulesoft.org/schema/mule/ee/tracking http://www.mulesoft.org/schema/mule/ee/tracking/current/mule-tracking-ee.xsd
http://www.mulesoft.org/schema/mule/json http://www.mulesoft.org/schema/mule/json/current/mule-json.xsd
http://www.mulesoft.org/schema/mule/splunklogger http://www.mulesoft.org/schema/mule/splunklogger/current/mule-splunklogger.xsd
http://www.mulesoft.org/schema/mule/scripting http://www.mulesoft.org/schema/mule/scripting/current/mule-scripting.xsd">
    <flow name="createStackFlow" doc:name="createStackFlow">
        <scripting:component doc:name="Error-out">
            <scripting:script engine="Groovy"><![CDATA[throw new Exception('Create Stack not supported anymore due to the loss of direct access to AWS');]]></scripting:script>
        </scripting:component>
        <catch-exception-strategy doc:name="Catch Exception Strategy">
        	<set-payload doc:name="AWS Errored" value="${api.response.createStack.500.error}" />
            <splunklogger:logger config-ref="SplunkLoggerConfig" message="Error from AWS: #[payload]" doc:name="Logger"/>
            <set-property propertyName="http.status" value="500" doc:name="http.status=500"/>
        </catch-exception-strategy>
    </flow>
</mule>
