<?xml version="1.0" encoding="UTF-8"?>

<mule xmlns:splunklogger="http://www.mulesoft.org/schema/mule/splunklogger" xmlns:scripting="http://www.mulesoft.org/schema/mule/scripting" xmlns:http="http://www.mulesoft.org/schema/mule/http" xmlns:https="http://www.mulesoft.org/schema/mule/https" xmlns:sfdc="http://www.mulesoft.org/schema/mule/sfdc" xmlns:json="http://www.mulesoft.org/schema/mule/json" xmlns:tracking="http://www.mulesoft.org/schema/mule/ee/tracking" xmlns="http://www.mulesoft.org/schema/mule/core" xmlns:doc="http://www.mulesoft.org/schema/mule/documentation"
	xmlns:spring="http://www.springframework.org/schema/beans" 
	xmlns:xsi="http://www.w3.org/2001/XMLSchema-instance"
	xsi:schemaLocation="http://www.mulesoft.org/schema/mule/http http://www.mulesoft.org/schema/mule/http/current/mule-http.xsd
http://www.mulesoft.org/schema/mule/https http://www.mulesoft.org/schema/mule/https/current/mule-https.xsd
http://www.springframework.org/schema/beans http://www.springframework.org/schema/beans/spring-beans-current.xsd
http://www.mulesoft.org/schema/mule/core http://www.mulesoft.org/schema/mule/core/current/mule.xsd
http://www.mulesoft.org/schema/mule/json http://www.mulesoft.org/schema/mule/json/current/mule-json.xsd
http://www.mulesoft.org/schema/mule/ee/tracking http://www.mulesoft.org/schema/mule/ee/tracking/current/mule-tracking-ee.xsd
http://www.mulesoft.org/schema/mule/sfdc http://www.mulesoft.org/schema/mule/sfdc/current/mule-sfdc.xsd
http://www.mulesoft.org/schema/mule/scripting http://www.mulesoft.org/schema/mule/scripting/current/mule-scripting.xsd
http://www.mulesoft.org/schema/mule/splunklogger http://www.mulesoft.org/schema/mule/splunklogger/current/mule-splunklogger.xsd">
    <flow name="create-or-recover-cloud-stack" >
        <set-variable doc:name="Save payload" value="#[payload]" variableName="_Saved_Request"/>
        <json:json-to-object-transformer doc:name="JSON to Object" returnClass="java.util.HashMap"/>
        <set-variable variableName="_Saved_Request_Json" value="#[payload]" doc:name="Save HashMap request"/>
        <choice doc:name="Is Stack provided?">
            <when expression="#[payload['stack'] != null &amp;&amp; payload['stack'].length() &gt; 0]">
                <splunklogger:logger config-ref="SplunkLoggerConfig" message="Received a Create Cloud Stack retry: #[payload]" doc:name="Logger"/>
                <sfdc:query-single config-ref="salesforce" query="SELECT Id,Name,Region__c,Stack_ID__c,URL__c FROM Cloud_Stack__c WHERE Name = '#[payload['stack']]'" doc:name="Salesforce"/>
                <choice doc:name="Is stack name correct?">
                    <when expression="#[payload != null &amp;&amp; !payload.getClass().equals(NullPayload)]">
                        <splunklogger:logger config-ref="SplunkLoggerConfig" message="Stack name is correct" doc:name="Logger"/>
                        <set-variable variableName="stackInfo" value="#[payload]" doc:name="Save SFDC info"/>
                        <set-payload value="#[flowVars['_Saved_Request_Json']]" doc:name="Restore payload"/>
                        <enricher  target="#[flowVars['stackExists']]" doc:name="Test stack existence">
                            <flow-ref name="create-or-recover-cloud-stack-stack-exists" doc:name="Test stack existence"/>
                        </enricher>
                        <choice doc:name="Stack exists?">
                            <when expression="#[flowVars['stackExists']]">
                                <splunklogger:logger config-ref="SplunkLoggerConfig" message="Stack exists. Installing license through Pirateship." doc:name="Logger"/>
                                <scripting:component doc:name="Prepare Pirateship request">
                                    <scripting:script engine="Groovy"><![CDATA[def request = [:];

request['stack_id'] = flowVars['_Saved_Request_Json']['stack'];
request['licenses'] = flowVars['_Saved_Request_Json']['licenseKeys'].collect { license -> 
	['name': license.name, 'license_content': license.licenseContent]
};

return request;]]></scripting:script>
                                </scripting:component>
                                <flow-ref name="provision-cloud-stack-call-pirateship" doc:name="Call Pirateship"/>
                                <choice doc:name="Pirateship call OK?">
                                    <when expression="#[message.inboundProperties['http.status'] == 200]">
                                        <splunklogger:logger config-ref="SplunkLoggerConfig" message="Pirateship call succeeded. Stack is available." doc:name="Logger"/>
                                        <scripting:component doc:name="Create update request">
                                            <scripting:script engine="Groovy"><![CDATA[update = [:];

isRenew = flowVars['_Saved_Request_Json']['isRenewal'];
update['Id'] = flowVars['stackInfo']['Id'];
if(!isRenew)

	update['Status__c'] = 'CREATE_COMPLETE';
	
else{
	update['Status__c'] = 'RENEWAL_COMPLETE';
	update['Fulfillment_Case__c'] = flowVars['_Saved_Request_Json']['fulfillmentCaseId'];
	update['Opportunity_Product_Id__c'] = flowVars['_Saved_Request_Json']['opportunityProductId'];
	}
return [update];]]></scripting:script>
                                        </scripting:component>
                                        <sfdc:update config-ref="salesforce" type="Cloud_Stack__c" doc:name="Set stack status CREATE/RENEW_COMPLETE">
                                            <sfdc:objects ref="#[payload]"/>
                                        </sfdc:update>
                                        <expression-component doc:name="Create response"><![CDATA[response = [:];

response['statusCode'] = 'STS-200-SUCCESS';
response['StackId'] = flowVars['stackInfo']['Stack_ID__c'];
response['StackName']= flowVars['stackInfo']['Name'];
response['StackStatus'] = 'CREATE_COMPLETE';

payload = response;]]></expression-component>
                                        <json:object-to-json-transformer doc:name="Generate JSON"/>
                                    </when>
                                    <otherwise>
                                        <splunklogger:logger config-ref="SplunkLoggerConfig" message="Pirateship call failed" severity="ERROR" doc:name="Logger"/>
                                        <scripting:component doc:name="Create failed response">
                                            <scripting:script engine="Groovy"><![CDATA[update = [:];

isRenew = flowVars['_Saved_Request_Json']['isRenewal'];
update['Id'] = flowVars['stackInfo']['Id'];
if(isRenew)
	update['Status__c'] = 'RENEWAL_FAILED';
else
	update['Status__c'] = 'CREATE_FAILED';
	update['Opportunity_Product_Id__c'] = flowVars['_Saved_Request_Json']['opportunityProductId'];
return [update];]]></scripting:script>
                                        </scripting:component>
                                        <sfdc:update config-ref="salesforce" type="Cloud_Stack__c" doc:name="Set Stack Status to CREATE or RENEWAL_FAILED">
                                            <sfdc:objects ref="#[payload]"/>
                                        </sfdc:update>
                                        <expression-component doc:name="Set error cause"><![CDATA[flowVars['errorCause'] = 'Pirateship call failed.']]></expression-component>
                                        <set-property propertyName="http.status" value="400" doc:name="Set error status"/>
                                        <set-payload value="${api.response.provision.cloud.stack.error}" doc:name="Set Error Payload"/>
                                        <json:object-to-json-transformer doc:name="Error Response JSON"/>

                                    </otherwise>
                                </choice>
                            </when>
                            <otherwise>
                                <splunklogger:logger config-ref="SplunkLoggerConfig" message="The stack exists in SFDC but is not running in AWS. Connection failed." severity="ERROR" doc:name="Logger"/>
                                <expression-component doc:name="Create update request"><![CDATA[updateOperation = [:];

updateOperation['Id'] = flowVars['stackInfo']['Id'];
updateOperation['Status__c'] ='DELETE_COMPLETE';

payload = [updateOperation];]]></expression-component>
                                <sfdc:update config-ref="salesforce" type="Cloud_Stack__c" doc:name="Mark stack as Deleted">
                                    <sfdc:objects ref="#[payload]"/>
                                </sfdc:update>
                                <set-payload value="#[flowVars['_Saved_Request']]" doc:name="Retrieve original payload"/>
                                <remove-variable variableName="_Saved_Request" doc:name="Remove saved request"/>
                                <flow-ref name="create-cloud-stack" doc:name="Call create Stack"/>
                            </otherwise>
                        </choice>
                    </when>
                    <otherwise>
                        <splunklogger:logger config-ref="SplunkLoggerConfig" message="The stack does not exist in SFDC" doc:name="Logger"/>
                        <expression-component doc:name="Set error cause"><![CDATA[flowVars['errorCause'] = 'The stack name does not exist.']]></expression-component>
                        <set-payload value="${api.response.provision.cloud.stack.error}" doc:name="Set Error Payload"/>
                        <set-property propertyName="http.status" value="400" doc:name="Set error status"/>
                    </otherwise>
                </choice>
            </when>
            <otherwise>
                <set-payload value="#[flowVars['_Saved_Request']]" doc:name="Retrieve original payload"/>
                <remove-variable variableName="_Saved_Request" doc:name="Remove saved request"/>
                <flow-ref name="create-cloud-stack" doc:name="Call create flow stack"/>
            </otherwise>
        </choice>
        <catch-exception-strategy doc:name="Catch Exception Strategy">
            <expression-component doc:name="Set error cause"><![CDATA[flowVars['errorCause'] = (flowVars['errorCause'] == null)?rootCause(exception).getMessage():flowVars['errorCause'];]]></expression-component>
            <set-payload value="${api.response.provision.cloud.stack.error}" doc:name="Set Error Payload"/>
            <set-property propertyName="http.status" value="500" doc:name="Set error status"/>
        </catch-exception-strategy>
    </flow>
    <flow name="create-or-recover-cloud-stack-stack-exists" >
        <http:request config-ref="http_Configuration" path="/" method="GET" host="#[flowVars['stackInfo']['URL__c'].substring(8)]" port="443" doc:name="Connect to Stack"/>
        <set-payload value="#[message.inboundProperties['http.status'] &gt; 199 &amp;&amp;  message.inboundProperties['http.status'] &lt; 400]" doc:name="Set Payload"/>
        <catch-exception-strategy doc:name="Catch Exception Strategy">
            <set-payload value="#[false]" doc:name="The stack doesn't exist"/>
        </catch-exception-strategy>
    </flow>
    <sub-flow name="create-or-recover-cloud-stack-reset-variables" >
        <remove-variable variableName="stackInfo" doc:name="delete stackInfo"/>
    </sub-flow>
</mule>
