<?xml version="1.0" encoding="UTF-8"?>

<mule xmlns:http="http://www.mulesoft.org/schema/mule/http" xmlns:https="http://www.mulesoft.org/schema/mule/https" xmlns:vm="http://www.mulesoft.org/schema/mule/vm" xmlns:splunklogger="http://www.mulesoft.org/schema/mule/splunklogger" xmlns:scripting="http://www.mulesoft.org/schema/mule/scripting" xmlns:sfdc="http://www.mulesoft.org/schema/mule/sfdc" xmlns:json="http://www.mulesoft.org/schema/mule/json" xmlns:tracking="http://www.mulesoft.org/schema/mule/ee/tracking" xmlns="http://www.mulesoft.org/schema/mule/core" xmlns:doc="http://www.mulesoft.org/schema/mule/documentation" xmlns:spring="http://www.springframework.org/schema/beans" version="EE-3.5.2" xmlns:xsi="http://www.w3.org/2001/XMLSchema-instance" xsi:schemaLocation="http://www.springframework.org/schema/beans http://www.springframework.org/schema/beans/spring-beans-current.xsd
http://www.mulesoft.org/schema/mule/core http://www.mulesoft.org/schema/mule/core/current/mule.xsd
http://www.mulesoft.org/schema/mule/json http://www.mulesoft.org/schema/mule/json/current/mule-json.xsd
http://www.mulesoft.org/schema/mule/ee/tracking http://www.mulesoft.org/schema/mule/ee/tracking/current/mule-tracking-ee.xsd
http://www.mulesoft.org/schema/mule/sfdc http://www.mulesoft.org/schema/mule/sfdc/current/mule-sfdc.xsd
http://www.mulesoft.org/schema/mule/scripting http://www.mulesoft.org/schema/mule/scripting/current/mule-scripting.xsd
http://www.mulesoft.org/schema/mule/splunklogger http://www.mulesoft.org/schema/mule/splunklogger/current/mule-splunklogger.xsd
http://www.mulesoft.org/schema/mule/vm http://www.mulesoft.org/schema/mule/vm/current/mule-vm.xsd
http://www.mulesoft.org/schema/mule/http http://www.mulesoft.org/schema/mule/http/current/mule-http.xsd
http://www.mulesoft.org/schema/mule/https http://www.mulesoft.org/schema/mule/https/current/mule-https.xsd">
    <flow name="deleteStackFlow" doc:name="deleteStackFlow">
        <splunklogger:logger config-ref="SplunkLoggerConfig" message="Deleting stacks: #[payload]" severity="DEBUG" doc:name="Logger"/>
        <json:json-to-object-transformer returnClass="com.splunk.enterprisetrials.orchestration.deletestack.DeleteStackRequest" doc:name="JSON to Object"/>
        <scripting:component doc:name="Initialize requests">
            <scripting:script engine="Groovy"><![CDATA[import com.splunk.enterprisetrials.orchestration.deletestack.*;

// Set the correct stack type
payload.trials*.stackType = StackType.TRIAL;
payload.cloudStacks*.stackType = StackType.CLOUD_STACK;

// Merge lists
def stacks = (payload.trials != null?payload.trials:[]) + (payload.cloudStacks != null?payload.cloudStacks:[]);

// Set the default state and error message
//stacks*.result = DeleteStackResult.VALIDATION_FAILED;
//stacks*.cause = 'The combination of CRM ID and Stack Name does not exist in SFDC';

// Save list in Flow Var and set it into the payload
flowVars['deleteStackRequestItems'] = stacks;
payload = stacks;

]]></scripting:script>
        </scripting:component>
        <enricher source="#[flowVars['deleteStackRequestItems']]" target="#[flowVars['trialsValidation']]" doc:name="Validate Trials">
            <flow-ref name="delete-stack-validate-trials" doc:name="Validate trials"/>
        </enricher>
        <enricher target="#[flowVars['stacksValidation']]" doc:name="Message Enricher" source="[flowVars['deleteStackRequestItems']]">
            <flow-ref name="delete-stack-validate-stacks" doc:name="Validate Cloud Stacks"/>
        </enricher>
        <scripting:component doc:name="Select valid records">
            <scripting:script engine="Groovy"><![CDATA[import com.splunk.enterprisetrials.orchestration.deletestack.DeleteStackResult;

validRequests = payload.findAll {request -> request.result.equals(DeleteStackResult.MARKED_FOR_DELETION)};
payload = validRequests]]></scripting:script>
        </scripting:component>

        <scripting:component doc:name="Create response">
            <scripting:script engine="Groovy"><![CDATA[import com.splunk.enterprisetrials.orchestration.deletestack.*;

requests = flowVars['deleteStackRequestItems'];

// Creates a response entry from a request
def createResponses(requests) {
	responses = [];
	requests.each { request -> 
		response = [:];
		response['crmId'] = request.crmId;
		response['stackName'] = request.stackName;
		response['status'] = request.result;
		response['cause'] = request.cause.toString();
		responses.add(response)
	}
	return responses;
}


apiResponse = [:];
apiResponse['statusCode']='STS-200-SUCCESS';
// Create list of trial responses
trialRequests = requests.findAll {request -> request.stackType.equals(StackType.TRIAL)};
apiResponse['trials'] = createResponses(trialRequests);

// Create list of Cloud Stack responses
cloudStackRequests = requests.findAll {request -> request.stackType.equals(StackType.CLOUD_STACK)};
apiResponse['cloudStacks'] = createResponses(cloudStackRequests);

payload = apiResponse;
]]></scripting:script>
        </scripting:component>
        <json:object-to-json-transformer doc:name="Object to JSON"/>
        <splunklogger:logger config-ref="SplunkLoggerConfig" message="Response from DeleteStack: #[payload]" doc:name="Logger"/>



        <set-property propertyName="http.status" value="200" doc:name="http.status=200"/>
        <catch-exception-strategy doc:name="Catch Exception Strategy">
            <expression-component doc:name="Set error cause"><![CDATA[flowVars['errorCause'] = (flowVars['errorCause'] == null)?rootCause(exception).getMessage():flowVars['errorCause'];]]></expression-component>
        	<set-payload doc:name="AWS Errored" value="${api.response.deleteStack.500.error}" />

            <set-property propertyName="http.status" value="500" doc:name="http.status=500"/>
        </catch-exception-strategy>
    </flow>
    <sub-flow name="delete-stack-validate-trials" doc:name="delete-stack-validate-trials">
        <scripting:transformer doc:name="Extract trials">
            <scripting:script engine="Groovy"><![CDATA[import com.splunk.enterprisetrials.orchestration.deletestack.StackType;

// Extract all trials and their IDs
def trialRequests = payload.findAll {request -> request.stackType.equals(StackType.TRIAL)};
def listOfIds = trialRequests*.getCrmId();

payload = "'" + listOfIds.join("', '") + "'";
]]></scripting:script>
        </scripting:transformer>


        <sfdc:non-paginated-query config-ref="salesforce" query="Select Id, Name, Stack_Name__c, Lead__c, Contact__c, Region__c From Trial__c where Lead__c in (#[payload]) Or Contact__c in (#[payload])" doc:name="Validate crmId/stackName combos"/>
        <scripting:component doc:name="Enrich the results">
            <scripting:script engine="Groovy"><![CDATA[import com.splunk.enterprisetrials.orchestration.deletestack.StackType;
import com.splunk.enterprisetrials.orchestration.deletestack.DeleteStackResult;

def requestItems = flowVars['deleteStackRequestItems'];

def fifteenCharacterId(id) {
	if (id == null) return "";
	return id.substring(0,15);	
}


/* Whether a record returned from SFDC matches a particular request item */
def matchesId(validRecord, requestItem) {
	fifteenCharacterRequestId = fifteenCharacterId(requestItem.crmId);
	if (fifteenCharacterId(validRecord['Contact__c']).equals(fifteenCharacterRequestId)) return true;
	if (fifteenCharacterId(validRecord['Lead__c']).equals(fifteenCharacterRequestId)) return true;
	return false;
}

// Enrich each returned value
payload.each { validRecord ->
	def match = requestItems.find { requestItem -> matchesId(validRecord, requestItem) && requestItem.stackName.equals(validRecord['Stack_Name__c']) }
	if (match != null) {
		match.stackRegion = validRecord['Region__c'];
		match.result = DeleteStackResult.MARKED_FOR_DELETION;
		match.stackRecordCrmId = validRecord['Id'];
	}
}]]></scripting:script>
        </scripting:component>

    </sub-flow>
    <sub-flow name="delete-stack-validate-stacks" doc:name="delete-stack-validate-stacks">
        <scripting:transformer doc:name="Extract stacks">
            <scripting:script engine="Groovy"><![CDATA[import com.splunk.enterprisetrials.orchestration.deletestack.StackType;

// Extract all trials and their IDs
def trialRequests = payload.findAll {request -> request.stackType.equals(StackType.CLOUD_STACK)};
def listOfIds = trialRequests*.getCrmId();

payload = "'" + listOfIds.join("', '") + "'";
]]></scripting:script>
        </scripting:transformer>
        <sfdc:non-paginated-query config-ref="salesforce" query="SELECT Id,Name,Opportunity_Product_Id__c,Region__c FROM Cloud_Stack__c where  Opportunity_Product_Id__c in (#[payload]) or Order_Product_Id__c in (#[payload])" doc:name="Validate crmId/stackName combos"/>
        <scripting:component doc:name="Enrich the results">
            <scripting:script engine="Groovy"><![CDATA[import com.splunk.enterprisetrials.orchestration.deletestack.StackType;
import com.splunk.enterprisetrials.orchestration.deletestack.DeleteStackResult;

def requestItems = flowVars['deleteStackRequestItems'];

def fifteenCharacterId(id) {
	if (id == null || (id != null && id.length()<15)) return "";
	return id.substring(0,15);	
}


/* Whether a record returned from SFDC matches a particular request item */
def matchesId(validRecord, requestItem) {
	fifteenCharacterRequestId = fifteenCharacterId(requestItem.crmId);
	if (fifteenCharacterId(validRecord['Opportunity_Product_Id__c']).equals(fifteenCharacterRequestId)) return true;
	if (fifteenCharacterId(validRecord['Order_Product_Id__c']).equals(fifteenCharacterRequestId)) return true;
	return false;
}

// Enrich each returned value
payload.each { validRecord ->
	def match = requestItems.find { requestItem -> matchesId(validRecord, requestItem) && requestItem.stackName.equals(validRecord['Name']) }
	if (match != null) {
		match.stackRegion = validRecord['Region__c'];
		match.result = DeleteStackResult.MARKED_FOR_DELETION;
		match.stackRecordCrmId = validRecord['Id'];
	}
}]]></scripting:script>
        </scripting:component>
    </sub-flow>

</mule>
