<?xml version="1.0" encoding="UTF-8"?>

<mule xmlns:tracking="http://www.mulesoft.org/schema/mule/ee/tracking" xmlns:scripting="http://www.mulesoft.org/schema/mule/scripting" xmlns:sfdc="http://www.mulesoft.org/schema/mule/sfdc" xmlns:http="http://www.mulesoft.org/schema/mule/http" xmlns:splunklogger="http://www.mulesoft.org/schema/mule/splunklogger" xmlns:json="http://www.mulesoft.org/schema/mule/json" xmlns="http://www.mulesoft.org/schema/mule/core" xmlns:doc="http://www.mulesoft.org/schema/mule/documentation"
	xmlns:spring="http://www.springframework.org/schema/beans" 
	xmlns:xsi="http://www.w3.org/2001/XMLSchema-instance"
	xsi:schemaLocation="http://www.springframework.org/schema/beans http://www.springframework.org/schema/beans/spring-beans-current.xsd
http://www.mulesoft.org/schema/mule/json http://www.mulesoft.org/schema/mule/json/current/mule-json.xsd
http://www.mulesoft.org/schema/mule/http http://www.mulesoft.org/schema/mule/http/current/mule-http.xsd
http://www.mulesoft.org/schema/mule/scripting http://www.mulesoft.org/schema/mule/scripting/current/mule-scripting.xsd
http://www.mulesoft.org/schema/mule/sfdc http://www.mulesoft.org/schema/mule/sfdc/current/mule-sfdc.xsd
http://www.mulesoft.org/schema/mule/splunklogger http://www.mulesoft.org/schema/mule/splunklogger/current/mule-splunklogger.xsd
http://www.mulesoft.org/schema/mule/core http://www.mulesoft.org/schema/mule/core/current/mule.xsd
http://www.mulesoft.org/schema/mule/ee/tracking http://www.mulesoft.org/schema/mule/ee/tracking/current/mule-tracking-ee.xsd">
    <http:listener-config name="HTTP_Listener_Configuration" host="0.0.0.0" port="8083" doc:name="HTTP Listener Configuration"/>
   
    <flow name="deleteCloudStackFlow">
        <splunklogger:logger config-ref="SplunkLoggerConfig" message="Delete Cloudstack API Input: #[payload]" doc:name="Log API Input"/>

    <json:json-to-object-transformer returnClass="java.util.HashMap" doc:name="Parse Input"/>
        <set-variable variableName="cloudStackList" value="#[payload.'cloudStacks']" doc:name="cloudStackList"/>
        
        <set-payload value="#[payload.'cloudStacks']" doc:name="Set Payload to ArrayList"/>
        <set-session-variable variableName="deleteResponses" value="#[new java.util.ArrayList()]" doc:name="Set Delete Responses"/>
        <foreach collection="#[payload]" doc:name="For Each Stack">
            <splunklogger:logger config-ref="SplunkLoggerConfig" message="Processing of stack #[payload.get('stackName')] started" doc:name="Log Current stack"/>
            <flow-ref name="delete-cloud-stack-query-sfdc" doc:name="delete-cloud-stack-query-sfdc"/>
            <expression-transformer expression="#[[sessionVars['deleteResponses'].add(payload)]]" doc:name="Expression"/>
        </foreach>
       <!--  <set-payload value="#[sessionVars.deleteResponses]" doc:name="Set Payload to Delete Responses"/> -->
        <scripting:component doc:name="Create API Response">
            <scripting:script engine="Groovy"><![CDATA[apiResponse = [:];
//apiResponse['statusCode']='STS-200-SUCCESS';

apiResponse['cloudStacks'] = sessionVars['deleteResponses'];

payload = apiResponse;



]]></scripting:script>
        </scripting:component>
        <json:object-to-json-transformer doc:name="Object to JSON"/>
        <splunklogger:logger config-ref="SplunkLoggerConfig" message="Final response from Delete Cloudstack API : #[payload]" doc:name="Log Final response"/>


  
    </flow>
    <flow name="delete-cloud-stack-query-sfdc">

        <set-variable variableName="lineItem" value="#[payload]" doc:name="lineItem"/>
        <set-variable variableName="deleteFlag" value="#[(payload.get('delete') == null) || (payload.get('delete') is NullPayload)? '' :payload.get('delete')]" doc:name="deleteFlag"/>
        <flow-ref name="delete-cloud-stack-validate-cloudstack" doc:name="Validate CloudStack"/>
        <choice doc:name="Is stack OK?">
            <when expression="#[flowVars['errorCause'] == null]">
               <!--  <sfdc:query-single config-ref="salesforce" query="SELECT Stack_ID__c FROM Cloud_Stack__c WHERE Id = '#[payload]'" doc:name="Salesforce"/> -->
             <!--    <message-properties-transformer scope="invocation" doc:name="Set Cloud_Stack__c variables">
                    <add-message-property key="StackId" value="#[(payload == null || payload is NullPayload)?flowVars['StackId']:payload['Stack_ID__c']]"/>
                </message-properties-transformer> -->
                <splunklogger:logger config-ref="SplunkLoggerConfig" doc:name="Stack is OK. Check if Delete field is present or not." message="Stack #[flowVars.lineItem.get('stackName')] is OK. Check if delete parameter present or not."/>
                <choice doc:name="Delete Parameter specified?">
                <when expression="#[(!(flowVars.deleteFlag.equals('')) &amp;&amp; (flowVars.deleteFlag.length() &gt; 0))]">
                        <splunklogger:logger config-ref="SplunkLoggerConfig" message="Delete parameter present." doc:name="Delete parameter present"/>

                        <choice doc:name="Delete == cancel??">
                            <when expression="#[flowVars.deleteFlag.equals('cancel')]">
                                <splunklogger:logger config-ref="SplunkLoggerConfig" message="delete = &quot;cancel&quot;" doc:name="delete = cancel"/>
                                <flow-ref name="delete-cloud-stack-call-Beluga-put" doc:name="call Beluga PUT"/>
                            </when>
                            <otherwise>
                                <splunklogger:logger config-ref="SplunkLoggerConfig" message="delete = &quot;immediate&quot;" doc:name="delete = immediate"/>
                                <flow-ref name="delete-cloud-stack-call-Beluga-delete" doc:name="call Beluga DELETE"/>
                                <choice doc:name="If Beluga Delete Response == Success??">
                                    <when expression="#[deleteCloudStackSuccessful]">
                                        <splunklogger:logger config-ref="SplunkLoggerConfig" message="Beluga Delete Success. Call Beluga PUT." doc:name="Beluga Delete Success"/>
                                        <flow-ref name="delete-cloud-stack-call-Beluga-put" doc:name="Call Beluga PUT"/>
                                    </when>
                                    <otherwise>
                                        <splunklogger:logger config-ref="SplunkLoggerConfig" message="Beluga Delete Failed. Don't call Beluga PUT." doc:name="Beluga Delete Failure"/>
                                    </otherwise>
                                </choice>
                            </otherwise>
                        </choice>
                    </when>
                    <otherwise >
                        <splunklogger:logger config-ref="SplunkLoggerConfig" message="Delete parameter not present. Call Beluga Delete." doc:name="Delete field not present"/>
                        <flow-ref name="delete-cloud-stack-call-Beluga-delete" doc:name="call Beluga DELETE"/>
                    </otherwise>
                </choice>

                <choice doc:name="Delete Cloud Stack successful?">
                    <when expression="#[flowVars['deleteCloudStackSuccessful']]">
                        <splunklogger:logger config-ref="SplunkLoggerConfig" message="Delete Cloudstack successful. " doc:name="Delete Successful"/>
                        <!-- <set-payload doc:name="Create Delete_Complete Request" value="#[[['Id': flowVars['cloudStackId'], 'Status__c': 'DELETE_COMPLETE']]]"/> -->
                      <!--   <scripting:component doc:name="Create Delete_Complete Request">
                            <scripting:script engine="Groovy"><![CDATA[updateRecord = [:];

updateRecord['Id'] = flowVars['cloudStackId'];
updateRecord['Status__c']='DELETE_COMPLETE';
payload = updateRecord;]]></scripting:script>
                        </scripting:component> -->
                        <!-- <sfdc:update config-ref="salesforce" type="Cloud_Stack__c" doc:name="Update Status to Delete Complete">
                            <sfdc:objects ref="#[payload]"/>
                        </sfdc:update> -->
                        <scripting:component doc:name="Create success response">
                            <scripting:script engine="Groovy"><![CDATA[stackRecord = flowVars['lineItem']

errorCauseForSuccess = "";
deleteRecord = [:];

//deleteRecord['crmId'] = stackRecord.get('crmId');
deleteRecord['stackName'] = stackRecord.get('stackName');
deleteRecord['status'] = 'DELETE_COMPLETE';

if(flowVars['errorCause'] == null) {
deleteRecord['cause'] = "";
}
else{
deleteRecord['cause'] = flowVars['errorCause'];
}

payload = deleteRecord;]]></scripting:script>
                        </scripting:component>
                    </when>
                    <otherwise>
                        <splunklogger:logger config-ref="SplunkLoggerConfig" message="Error in call to Beluga." severity="ERROR" doc:name="Delete Not Successful"/>
                        <!-- <set-payload value="#[[['Id': flowVars['cloudStackId'], 'Status__c': 'DELETE_FAILED']]]" doc:name="Create Delete_Failed Request"/> -->

                       <!--  <scripting:component doc:name="Create Delete_Failed request">
                            <scripting:script engine="Groovy"><![CDATA[updateRecord = [:];

updateRecord['Id'] = flowVars['cloudStackId'];
updateRecord['Status__c']='DELETE_FAILED';
payload = updateRecord;]]></scripting:script>
                        </scripting:component> -->
                       <!--   <sfdc:update config-ref="salesforce" type="Cloud_Stack__c" doc:name="Update Status to Delete Failed">
                            <sfdc:objects ref="#[payload]"/>
                        </sfdc:update> -->
                        <scripting:component doc:name="Create failure response">
                            <scripting:script engine="Groovy"><![CDATA[stackRecord = flowVars['lineItem']

deleteRecord = [:];

//deleteRecord['crmId'] = stackRecord.get('crmId');
deleteRecord['stackName'] = stackRecord.get('stackName');
deleteRecord['status'] = 'DELETE_FAILED';
deleteRecord['cause'] = flowVars['errorCause'];

//deleteRecord['statusCode'] = 'STS-500-ERROR';
//deleteRecord['Id'] = flowVars['cloudStackId'];
//deleteRecord['message']='Delete operation failed.';
//deleteRecord['cause'] = flowVars['errorCause'];

payload = deleteRecord;]]></scripting:script>
                        </scripting:component>
                    </otherwise>
                </choice>
            </when>
            <otherwise>
                <scripting:component doc:name="Create failure response">
                    <scripting:script engine="Groovy"><![CDATA[stackRecord = flowVars['lineItem']

deleteRecord = [:];

//deleteRecord['crmId'] = stackRecord.get('crmId');
deleteRecord['stackName'] = stackRecord.get('stackName');
deleteRecord['status'] = 'DELETE_FAILED';
deleteRecord['cause'] = flowVars['errorCause'];
payload = deleteRecord;]]></scripting:script>
                </scripting:component>
            </otherwise>
        </choice>

        <catch-exception-strategy doc:name="Catch Exception Strategy">
            <set-property propertyName="Content-Type" value="application/json" doc:name="Content-Type=application/json"/>
            <expression-component doc:name="Set error cause"><![CDATA[flowVars['errorCause'] = (flowVars['errorCause'] == null)?rootCause(exception).getMessage():flowVars['errorCause'];]]></expression-component>
            <scripting:component doc:name="Create failure response">
                <scripting:script engine="Groovy"><![CDATA[stackRecord = flowVars['lineItem'];

deleteRecord = [:];

//deleteRecord['statusCode'] = 'STS-500-ERROR';
//deleteRecord['Id'] = flowVars['cloudStackId'];
//deleteRecord['message']='Delete operation failed.';

//deleteRecord['crmId'] = stackRecord.get('crmId');
deleteRecord['stackName'] = stackRecord.get('stackName');
deleteRecord['status'] = 'DELETE_FAILED';
deleteRecord['cause'] = flowVars['errorCause'];
payload = deleteRecord;]]></scripting:script>
            </scripting:component>
            <splunklogger:logger config-ref="SplunkLoggerConfig" message="Final response from Delete Cloudstack API : #[message.payloadAs(String)]" doc:name="Log Final Error response"/>
            <set-property propertyName="http.status" value="500" doc:name="http.status=500"/>
        </catch-exception-strategy>
    </flow>
    
      <flow name="delete-cloud-stack-validate-cloudstack">
        <sfdc:query-single config-ref="salesforce" query="SELECT Id FROM Cloud_Stack__c WHERE Name = '#[payload.get('stackName')]'" doc:name="Search Cloud_Stack__c object"/>

        <choice doc:name="payload!=null">
            <when expression="#[!(payload == null)]">
                <splunklogger:logger config-ref="SplunkLoggerConfig" message="Stack Id validation for stack #[flowVars.lineItem.get('stackName')] successful"  doc:name="Log OK"/>
                <set-variable variableName="cloudStackId" value="#[payload.get('Id')]" doc:name="CloudstackId"/>
            <!--     <set-variable variableName="errorCause" value="null" doc:name="Initialize errorCause"/> -->

                <sfdc:query-single config-ref="salesforce" query="SELECT  Status__c, Stack_ID__c FROM Cloud_Stack__c WHERE Id = '#[flowVars['cloudStackId']]'" doc:name="Search status"/>
                <choice doc:name="Stack Status Check to initiate DELETE">
                    <when expression="#[(payload.Status__c.equals('CREATE_COMPLETE')) || (payload.Status__c.equals('UPGRADE_COMPLETE')) || (payload.Status__c.equals('RENEWAL_COMPLETE')) || (payload.Status__c.equals('DELETE_FAILED'))]">
                        <splunklogger:logger config-ref="SplunkLoggerConfig" doc:name="Initiate Delete" message="Status is #[payload.'Status__c']. Proceed with Deletion."/>
                        <remove-variable variableName="errorCause" doc:name="Clear errorCause"/>
                        <set-variable variableName="StackId" value="#[payload.get('Stack_ID__c')]" doc:name="Assign StackId"/>
                      <!--   <set-payload value="#[flowVars['cloudStackId']]" doc:name="Set Payload to CloudstackId"/> -->
                    </when>
                     <otherwise >
                        <splunklogger:logger config-ref="SplunkLoggerConfig" doc:name="Cannot Delete" message="#[payload.'Status__c']. Status is not valid to proceed with deletion request."/>
                        <set-variable variableName="errorCause" value="Stack is not active." doc:name="Set errorCause"/>
                        <set-variable variableName="statusCode" value="STS-400-001" doc:name="Set http status=400"/>
                    </otherwise>
                </choice>
            </when>
            <otherwise>
                <splunklogger:logger config-ref="SplunkLoggerConfig" message="There is no stack with name #[flowVars.lineItem.get('stackName')]. Rejecting request." doc:name="Log Error" severity="ERROR"/>
                <set-variable variableName="statusCode" value="STS-404-001" doc:name="Set http status=404"/>
                <set-variable variableName="errorCause" value="Stack with this name does not exist." doc:name="Set errorCause"/>
            </otherwise>
        </choice>
    </flow>
    
    <flow name="delete-cloud-stack-call-Beluga-delete">
        <message-properties-transformer doc:name="Set properties">
            <add-message-property key="Content-Type" value="application/json"/>
        </message-properties-transformer>

        <expression-component doc:name="Expression"><![CDATA[
request = [:];
request['stack_id'] = flowVars['StackId'] ;

payload = request;]]></expression-component>
        <json:object-to-json-transformer mimeType="application/json" doc:name="Object to JSON"/>

        <http:request config-ref="BelugaConnectorConfig" path="${beluga.delete.path}" method="DELETE" doc:name="Call Beluga">
            <http:success-status-code-validator values="0..599"/>
        </http:request>

        <!-- <until-successful maxRetries="2" millisBetweenRetries="5000" synchronous="true" doc:name="Until Successful" failureExpression="errorIsRetriable(message.inboundProperties['http.status'])"> -->
        <!-- </until-successful> -->

        <object-to-string-transformer doc:name="Object to String"/>
                <choice doc:name="Error in response?">
            <when expression="#[(message.inboundProperties['http.status'] == 200) || (message.inboundProperties['http.status'] == 202) || (message.inboundProperties['http.status'] == 410) || (message.inboundProperties['http.status'] == 400)]">
                <set-variable variableName="deleteCloudStackSuccessful" value="#[true]" doc:name="Success"/>
            </when>
             <otherwise >
                <splunklogger:logger config-ref="SplunkLoggerConfig" message="Error in call to Beluga: Error #[message.inboundProperties['http.status']]. #[payload]" severity="ERROR" doc:name="Error Path"/>
                <json:json-to-object-transformer returnClass="java.util.HashMap" doc:name="JSON to Object"/>

                <scripting:component doc:name="Set errorCause">
                    <scripting:script engine="Groovy"><![CDATA[status = message.getInboundProperty('http.status');

if(status == 200) {
	flowVars['errorCause'] = '';
} else if (status == 202) {
//	flowVars['errorCause'] = 'Beluga returned Error Code: 202: Delete request accepted or already-accepted (duplicate request).';	
    flowVars['errorCause'] = '';
} else if (status == 404) { 	
	flowVars['errorCause'] = 'Beluga returned Error Code: 404: Stack not found in AWS. Please double-check the stack name';
} else if (status == 410) {
//	flowVars['errorCause'] = 'Beluga returned Error Code: 410: Stack has already been deleted.';
    flowVars['errorCause'] = '';
} else if (status == 400) {
//	flowVars['errorCause'] = 'Beluga reported Error Code: 400: ' + payload.get('message') + ' ' + payload.get('error');
 flowVars['errorCause'] = '';
} else if (status == 500) {
	flowVars['errorCause'] = 'Beluga reported an internal error: 500: ' + payload.get('message') + '. Please try again in a few minutes. If the problem persists contact Support.';
} else {
	flowVars['errorCause'] = 'Beluga reported an unknown error: ' + payload.get('message') + '. Please report this problem to Support.';
}]]></scripting:script>
                </scripting:component>
                <set-variable variableName="deleteCloudStackSuccessful" value="#[false]" doc:name="Error"/>
            </otherwise>
        </choice>
    </flow>

    <flow name="delete-cloud-stack-call-Beluga-put">
        <splunklogger:logger config-ref="SplunkLoggerConfig" message="Inside Beluga Put Flow" doc:name="Logger"/>
        <message-properties-transformer doc:name="Set properties">
            <add-message-property key="Content-Type" value="application/json"/>
        </message-properties-transformer>

        <expression-component doc:name="Expression"><![CDATA[
request = [:];
request['stack_id'] = flowVars['StackId'] ;
request['delete']=flowVars['deleteFlag'];

payload = request;]]></expression-component>
        <json:object-to-json-transformer mimeType="application/json" doc:name="Object to JSON"/>

        <http:request config-ref="BelugaConnectorConfig" path="${beluga.delete.path}" method="PUT" doc:name="Call Beluga">
            <http:success-status-code-validator values="0..599"/>
        </http:request>

        <!-- <until-successful maxRetries="2" millisBetweenRetries="5000" synchronous="true" doc:name="Until Successful" failureExpression="errorIsRetriable(message.inboundProperties['http.status'])"> -->
        <!-- </until-successful> -->

        <object-to-string-transformer doc:name="Object to String"/>
        <choice doc:name="Error in response of Beluga PUT?">

            <when expression="#[(message.inboundProperties['http.status'] == 200) || (message.inboundProperties['http.status'] == 202) || (message.inboundProperties['http.status'] == 410) || (message.inboundProperties['http.status'] == 400)]">
                <set-variable variableName="deleteCloudStackSuccessful" value="#[true]" doc:name="Success"/>
            </when>
            <otherwise >
                <splunklogger:logger config-ref="SplunkLoggerConfig" message="Error in call to Beluga: Error #[message.inboundProperties['http.status']]. #[payload]" severity="ERROR" doc:name="Error Path"/>
                <json:json-to-object-transformer returnClass="java.util.HashMap" doc:name="JSON to Object"/>
                <scripting:component doc:name="Set errorCause">
                    <scripting:script engine="Groovy"><![CDATA[status = message.getInboundProperty('http.status');

if(status == 200) {
	flowVars['errorCause'] = '';
} else if (status == 202) {
//	flowVars['errorCause'] = 'Beluga returned Error Code: 202: Delete request accepted or already-accepted (duplicate request).';	
    flowVars['errorCause'] = '';
} else if (status == 404) { 	
	flowVars['errorCause'] = 'Beluga returned Error Code: 404: Stack not found in AWS. Please double-check the stack name';
} else if (status == 410) {
//	flowVars['errorCause'] = 'Beluga returned Error Code: 410: Stack has already been deleted.';
 flowVars['errorCause'] = '';
} else if (status == 400) {
//	flowVars['errorCause'] = 'Beluga reported Error Code: 400: ' + payload.get('message') + ' ' + payload.get('error');
 flowVars['errorCause'] = '';
} else if (status == 500) {
	flowVars['errorCause'] = 'Beluga reported an internal error: 500: ' + payload.get('message') + '. Please try again in a few minutes. If the problem persists contact Support.';
} else {
	flowVars['errorCause'] = 'Beluga reported an unknown error: ' + payload.get('message') + '. Please report this problem to Support.';
}]]></scripting:script>
                </scripting:component>
                <set-variable variableName="deleteCloudStackSuccessful" value="#[false]" doc:name="Error"/>
            </otherwise>
        </choice>
    </flow>
</mule>
