<?xml version="1.0" encoding="UTF-8"?>

<mule xmlns:splunklogger="http://www.mulesoft.org/schema/mule/splunklogger" xmlns:json="http://www.mulesoft.org/schema/mule/json" xmlns:sfdc="http://www.mulesoft.org/schema/mule/sfdc" xmlns:ee="http://www.mulesoft.org/schema/mule/ee/core" xmlns:tracking="http://www.mulesoft.org/schema/mule/ee/tracking" xmlns="http://www.mulesoft.org/schema/mule/core" xmlns:doc="http://www.mulesoft.org/schema/mule/documentation" xmlns:spring="http://www.springframework.org/schema/beans" version="EE-3.5.2" xmlns:xsi="http://www.w3.org/2001/XMLSchema-instance" xsi:schemaLocation="http://www.springframework.org/schema/beans http://www.springframework.org/schema/beans/spring-beans-current.xsd
http://www.mulesoft.org/schema/mule/core http://www.mulesoft.org/schema/mule/core/current/mule.xsd
http://www.mulesoft.org/schema/mule/sfdc http://www.mulesoft.org/schema/mule/sfdc/current/mule-sfdc.xsd
http://www.mulesoft.org/schema/mule/ee/core http://www.mulesoft.org/schema/mule/ee/core/current/mule-ee.xsd
http://www.mulesoft.org/schema/mule/ee/tracking http://www.mulesoft.org/schema/mule/ee/tracking/current/mule-tracking-ee.xsd
http://www.mulesoft.org/schema/mule/json http://www.mulesoft.org/schema/mule/json/current/mule-json.xsd
http://www.mulesoft.org/schema/mule/splunklogger http://www.mulesoft.org/schema/mule/splunklogger/current/mule-splunklogger.xsd">
    <flow name="describeTrials" doc:name="describeTrials">
        <set-payload value="#[flowVars['crmId']]" doc:name="Set Payload"/>
        <enricher source="#[payload]" target="#[payload]" doc:name="[payload]">
            <ee:cache cachingStrategy-ref="trialsCachingStrategy" doc:name="Cache">
                <splunklogger:time config-ref="SplunkLoggerConfig" message="Call to SFDC:Retrieve Trials took #[flowVars['elapsedTime']] ms." doc:name="Time execution" destination="">
                    <flow-ref name="describe-trialsQueryAll" doc:name="Flow Reference"/>

                </splunklogger:time>
            </ee:cache>
        </enricher>
        <choice doc:name="Results &gt; 0?">
        	<when expression="#[payload.size() > 0]">
   		        <choice doc:name="Do we have a stack name?">
		            <when expression="#[flowVars['stackName'] != null]">
		            	<component  doc:name="Select trial from list">
		                    <singleton-object class="com.splunk.enterprisetrials.components.SelectTrial"/>
		                </component>
		            </when>
		            <otherwise>
                        <splunklogger:logger config-ref="SplunkLoggerConfig" message="returning all trials for crmId" severity="DEBUG" doc:name="Returning all trials"/>
		            </otherwise>
		        </choice>
		        <choice doc:name="Is the stack name valid?">
		        	<when expression="#[!(payload is NullPayload)]">
		        		<component doc:name="SFDC results to Maps">
		                    <singleton-object class="com.splunk.enterprisetrials.components.TrialRecordMapper"/>
		                </component>
				        <json:object-to-json-transformer doc:name="Object to JSON"/>
                        <splunklogger:logger config-ref="SplunkLoggerConfig" message="#[payload]" doc:name="Log response"/>
		        	</when>
		        	<otherwise>
		        		<set-property doc:name="Content-Type=application/json" propertyName="Content-Type" value="application/json" />
				       	<set-property doc:name="http.status=404" propertyName="http.status" value="404" />
				        <set-payload doc:name="404 stackName not recognized" value="${api.response.describeTrials.404.stackNameNotFound}" />
		        	</otherwise>
		        </choice>
        	</when>
        	<otherwise>
	        	<set-property doc:name="Content-Type=application/json" propertyName="Content-Type" value="application/json" />
		       	<set-property doc:name="http.status=404" propertyName="http.status" value="404" />
		        <set-payload doc:name="404 crmId not recognized" value="${api.response.describeTrials.404.crmIdNotFound}" />
        	</otherwise>
        </choice>
        <catch-exception-strategy doc:name="Catch_Exception_Strategy">
            <splunklogger:logger config-ref="SplunkLoggerConfig" message="Error in Describe Trials. Payload is: #[payload]" severity="ERROR" doc:name="Log error"/>
        	<set-property doc:name="Content-Type=application/json" propertyName="Content-Type" value="application/json" />
        	<set-property doc:name="http.status=500" propertyName="http.status" value="500" />
            <set-payload doc:name="catch-all exception message" value="${api.response.exception.401.badIpRange}" />
        </catch-exception-strategy>
    </flow>
    <flow name="describe-trialsQueryAll" >
       <!--  <enricher target="#[flowVars['Trial_list']]" doc:name="#[flowVars['Trial_list']]">
            <sfdc:non-paginated-query config-ref="salesforce" query="SELECT End_Date__c,Name,Instance_Id__c,Start_Date__c,Status__c,InstanceType__c,Trial_Product__r.Name,Trial_Product__r.Product_Name__c,URL__c,Subdomain__c FROM Cloud_Stack__c WHERE Lead__c = '#[payload]' OR Contact__c = '#[payload]'" doc:name="Retrieve Trials"/>
        </enricher> -->
        <enricher target="#[flowVars['Stacks_list']]" doc:name="#[flowVars['Stacks_list']]">
            <sfdc:non-paginated-query config-ref="salesforce" query="SELECT End_Date__c,Name,Instance_Id__c,Start_Date__c,Status__c,InstanceType__c,Trial_Product__r.Name,Trial_Product__r.Product_Name__c,URL__c,Subdomain__c FROM Cloud_Stack__c WHERE Lead__c = '#[payload]' OR Contact__c = '#[payload]'" doc:name="Retrieve Stacks"/>
        </enricher>
        <set-payload value="#[flowVars['Stacks_list'] == null?[]:flowVars['Stacks_list']]" doc:name="Set Payload"/>
    </flow>
</mule>
