<?xml version="1.0" encoding="UTF-8"?>

<mule xmlns:scripting="http://www.mulesoft.org/schema/mule/scripting" xmlns:https="http://www.mulesoft.org/schema/mule/https" xmlns:http="http://www.mulesoft.org/schema/mule/http" xmlns:splunklogger="http://www.mulesoft.org/schema/mule/splunklogger" xmlns:json="http://www.mulesoft.org/schema/mule/json" xmlns:tracking="http://www.mulesoft.org/schema/mule/ee/tracking" xmlns="http://www.mulesoft.org/schema/mule/core" xmlns:doc="http://www.mulesoft.org/schema/mule/documentation"
	xmlns:spring="http://www.springframework.org/schema/beans" version="EE-3.7.0"
	xmlns:xsi="http://www.w3.org/2001/XMLSchema-instance"
	xsi:schemaLocation="http://www.springframework.org/schema/beans http://www.springframework.org/schema/beans/spring-beans-current.xsd
http://www.mulesoft.org/schema/mule/core http://www.mulesoft.org/schema/mule/core/current/mule.xsd
http://www.mulesoft.org/schema/mule/json http://www.mulesoft.org/schema/mule/json/current/mule-json.xsd
http://www.mulesoft.org/schema/mule/ee/tracking http://www.mulesoft.org/schema/mule/ee/tracking/current/mule-tracking-ee.xsd
http://www.mulesoft.org/schema/mule/splunklogger http://www.mulesoft.org/schema/mule/splunklogger/current/mule-splunklogger.xsd
http://www.mulesoft.org/schema/mule/http http://www.mulesoft.org/schema/mule/http/current/mule-http.xsd
http://www.mulesoft.org/schema/mule/https http://www.mulesoft.org/schema/mule/https/current/mule-https.xsd
http://www.mulesoft.org/schema/mule/scripting http://www.mulesoft.org/schema/mule/scripting/current/mule-scripting.xsd">
    <flow name="provision-cloud-stack" >
        <json:json-to-object-transformer returnClass="java.util.HashMap" doc:name="Parse JSON"/>
        <splunklogger:logger config-ref="SplunkLoggerConfig" message="Provisioning a pre-licensed server. Request is: #[payload]" doc:name="Log parameters">
            <splunklogger:fields>
                <splunklogger:field key="pool">#[payload['pool']]</splunklogger:field>
                <splunklogger:field key="crmId">#[payload['crmId']]</splunklogger:field>
            </splunklogger:fields>
        </splunklogger:logger>
        <flow-ref name="provision-cloud-stack-call-starfish" doc:name="Provision through Starfish"/>
        <choice doc:name="Was call successful?">
            <when expression="#[message.inboundProperties['http.status'] == 200]">
                <choice doc:name="Pre-provisioned?">
                    <when expression="#[payload['StackName'].split('-')[1].equals('p')]">
                        <splunklogger:logger config-ref="SplunkLoggerConfig" message="The stack was already provisioned. Moving on." doc:name="Log pre-provisioned"/>
                        <set-variable variableName="stackStatus" value="${aws.stack.status.createComplete}" doc:name="Save SFDC stack status"/>
                        <scripting:component doc:name="Build Pirateship request">
                            <scripting:script engine="Groovy"><![CDATA[def request = [:];

request['stack_id'] = flowVars['starfishResponse']['StackName'];
request['licenses'] = flowVars['licenses'].collect { license -> 
	['name': license.name, 'license_content': license.licenseContent]
};

payload = request;]]></scripting:script>
                        </scripting:component>
                <flow-ref name="provision-cloud-stack-call-pirateship" doc:name="Install License"/>
                <choice doc:name="Was call successful?">
                    <when expression="#[message.inboundProperties['http.status'] == 200]">
                        <expression-component doc:name="Create response"><![CDATA[response = [:];
response['statusCode'] = 'STS-200-SUCCESS';
response['StackId'] = flowVars['starfishResponse']['StackId'];
response['StackName']= flowVars['starfishResponse']['StackName'];
response['DefaultUserPassword'] = flowVars['starfishResponse']['Outputs']['OutputValue'];
response['CreationTime'] = flowVars['starfishResponse']['CreationTime'];
response['StackStatus'] = 'CREATE_COMPLETE';
payload = response;
]]></expression-component>
                        <json:object-to-json-transformer doc:name="Object to JSON"/>
                        <set-property propertyName="http.status" value="200" doc:name="Set HTTP response code"/>
                    </when>
                    <otherwise>
                        <splunklogger:logger config-ref="SplunkLoggerConfig" message="Error in PirateShip call. HTTP response code was #[message.inboundProperties['http.status']]" doc:name="Log error"/>
                                <set-variable variableName="errorCause" value="Error in PirateShip call. HTTP response code was #[message.inboundProperties['http.status']]" doc:name="Set error cause"/>
                                <flow-ref name="provision-cloud-stack-rollback" doc:name="Flow Reference"/>
                                <set-payload value="${api.response.provision.cloud.stack.error}" doc:name="Set Error Payload"/>
                        <set-property propertyName="http.status" value="500" doc:name="Set HTTP response code"/>
                    </otherwise>
                </choice>
                    </when>
                    <otherwise>
                        <splunklogger:logger config-ref="SplunkLoggerConfig" message="Starfish is provisioning the stack on-demand. Waiting for signal from AWS." doc:name="Log on-demand stack"/>
                        <set-variable variableName="stackStatus" value="${aws.stack.status.createPending}" doc:name="Save SFDC stack status"/>
                        <expression-component doc:name="Create partial response"><![CDATA[response = [:];
response['statusCode'] = 'STS-200-SUCCESS';
response['StackId'] = flowVars['starfishResponse']['StackId'];
response['StackName']= flowVars['starfishResponse']['StackName'];
response['CreationTime'] = flowVars['starfishResponse']['CreationTime'];
response['StackStatus'] = 'CREATE_IN_PROGRESS';
payload = response;
]]></expression-component>
                <json:object-to-json-transformer doc:name="Object to JSON"/>
                <set-property propertyName="http.status" value="200" doc:name="Set HTTP response code"/>
                    </otherwise>
                </choice>
            </when>
            <otherwise>
                <splunklogger:logger config-ref="SplunkLoggerConfig" message="Error in Starfish call. HTTP response code was #[message.inboundProperties['http.status']]" doc:name="Log error in starfish"/>
                <set-variable variableName="errorCause" value="Error in Starfish call. HTTP response code was #[message.inboundProperties['http.status']]" doc:name="Set error cause"/>
                <flow-ref name="provision-cloud-stack-error-response" doc:name="Flow Reference"/>
            </otherwise>
        </choice>
        <catch-exception-strategy doc:name="Catch Exception Strategy">
            <splunklogger:logger config-ref="SplunkLoggerConfig" message="The API Call provisionLicensedServer threw an exception" doc:name="Log error"/>
            <expression-component doc:name="Set error cause"><![CDATA[flowVars['errorCause'] = (flowVars['errorCause'] == null)?rootCause(exception).getMessage():flowVars['errorCause'];]]></expression-component>
            <set-property propertyName="http.status" value="500" doc:name="Set HTTP response code"/>
            <set-payload value="${api.response.provision.cloud.stack.error}" doc:name="Set Error Payload"/>
        </catch-exception-strategy>
    </flow>
    <sub-flow name="provision-cloud-stack-obtain-license" >
        <set-variable variableName="licenseKeys" value="#[payload['licenses']]" doc:name="licenses"/>
        <set-variable variableName="license_ok" value="#[true]" doc:name="license_ok"/>
    </sub-flow>
    <sub-flow name="provision-cloud-stack-call-starfish" >
        <expression-component doc:name="Build Starfish request"><![CDATA[request=[:];
request['CrmId'] = payload['crmId'];
request['pool'] = payload['pool'];
payload = request;]]></expression-component>
        <json:object-to-json-transformer doc:name="Object to JSON"/>
        <flow-ref name="create-stack-v2Flow-internal" doc:name="Call Starfish"/>
        <set-variable variableName="starfishResponse" value="#[payload]" doc:name="Save Starfish response"/>
    </sub-flow>
    <sub-flow name="provision-cloud-stack-call-pirateship" >
        <json:object-to-json-transformer doc:name="Object to JSON"/>
        <set-variable variableName="_retry_payload" value="#[payload]" doc:name="Save payload for retries"/>
        <splunklogger:time config-ref="SplunkLoggerConfig"  doc:name="Time execution" message="Call to PirateShip took #[flowVars['elapsedTime']] milliseconds." destination="">
            <until-successful maxRetries="2" millisBetweenRetries="5000" failureExpression="errorIsRetriable(message.inboundProperties['http.status'])" synchronous="true" doc:name="Until Successful">
                <processor-chain doc:name="Processor Chain">
                    <set-payload value="#[flowVars['_retry_payload']]" doc:name="Set Payload"/>
                    <http:request config-ref="PirateshipConnectorConfig" path="${pirateship.endpoint}" method="POST" host="${pirateship.host}" port="${pirateship.port}" doc:name="Call PirateShip">
						<http:success-status-code-validator values="1..499"/>
					</http:request>
                    <object-to-string-transformer doc:name="Object to String"/>
                    <splunklogger:logger config-ref="SplunkLoggerConfig" message="Pirateship returned: #[payload]" doc:name="Logger"/>
                </processor-chain>
            </until-successful>
        </splunklogger:time>
        <choice doc:name="Success?">
            <when expression="#[message.inboundProperties['http.status'] == 200]">
                <json:json-to-object-transformer returnClass="java.util.HashMap" doc:name="JSON to Object"/>
                <set-variable variableName="pirateship_ok" value="#[true]" doc:name="Set pirateship_ok"/>
            </when>
            <otherwise>
                <splunklogger:logger config-ref="SplunkLoggerConfig" message="Error calling PirateShip. The response was: Error #[message.inboundProperties['http.status']]. The message was: #[payload]" doc:name="Log error"/>
                <set-variable variableName="errorCause" value="Error calling PirateShip. The response was: Error #[message.inboundProperties['http.status']]." doc:name="Set error cause"/>
            </otherwise>
        </choice>
    </sub-flow>
    <sub-flow name="provision-cloud-stack-rollback" >
        <splunklogger:logger config-ref="SplunkLoggerConfig" doc:name="Add rollback here" message="Add rollback code here if necessary" severity="DEBUG"/>
    </sub-flow>
    <sub-flow name="provision-cloud-stack-error-response" >
        <set-property propertyName="http.status" value="500" doc:name="Set HTTP response code"/>
        <set-payload value="${api.response.provision.cloud.stack.error}" doc:name="Set Error Payload"/>
    </sub-flow>
</mule>
