<?xml version="1.0" encoding="UTF-8"?>
<mule xmlns:vm="http://www.mulesoft.org/schema/mule/vm"
	xmlns="http://www.mulesoft.org/schema/mule/core" 
xmlns:apikit="http://www.mulesoft.org/schema/mule/apikit" 
xmlns:context="http://www.springframework.org/schema/context" 
xmlns:core="http://www.mulesoft.org/schema/mule/core" 
xmlns:doc="http://www.mulesoft.org/schema/mule/documentation" 
xmlns:http="http://www.mulesoft.org/schema/mule/http" 
xmlns:https="http://www.mulesoft.org/schema/mule/https" 
xmlns:json="http://www.mulesoft.org/schema/mule/json" 
xmlns:xsi="http://www.w3.org/2001/XMLSchema-instance" 
xmlns:mule-ss="http://www.mulesoft.org/schema/mule/spring-security" 
xmlns:splunklogger="http://www.mulesoft.org/schema/mule/splunklogger" 
xmlns:spring="http://www.springframework.org/schema/beans" 
xmlns:ss="http://www.springframework.org/schema/security" 
xmlns:tracking="http://www.mulesoft.org/schema/mule/ee/tracking" 

xsi:schemaLocation="http://www.mulesoft.org/schema/mule/vm http://www.mulesoft.org/schema/mule/vm/current/mule-vm.xsd
http://www.mulesoft.org/schema/mule/http http://www.mulesoft.org/schema/mule/http/current/mule-http.xsd
http://www.mulesoft.org/schema/mule/https http://www.mulesoft.org/schema/mule/https/current/mule-https.xsd
http://www.springframework.org/schema/context http://www.springframework.org/schema/context/spring-context.xsd
http://www.mulesoft.org/schema/mule/apikit http://www.mulesoft.org/schema/mule/apikit/current/mule-apikit.xsd
http://www.springframework.org/schema/beans http://www.springframework.org/schema/beans/spring-beans-current.xsd
http://www.mulesoft.org/schema/mule/core http://www.mulesoft.org/schema/mule/core/current/mule.xsd
http://www.mulesoft.org/schema/mule/json http://www.mulesoft.org/schema/mule/json/current/mule-json.xsd
http://www.mulesoft.org/schema/mule/ee/tracking http://www.mulesoft.org/schema/mule/ee/tracking/current/mule-tracking-ee.xsd
http://www.mulesoft.org/schema/mule/spring-security http://www.mulesoft.org/schema/mule/spring-security/3.7/mule-spring-security.xsd
http://www.springframework.org/schema/security http://www.springframework.org/schema/security/spring-security-3.0.xsd
http://www.mulesoft.org/schema/mule/splunklogger http://www.mulesoft.org/schema/mule/splunklogger/current/mule-splunklogger.xsd">
    <context:property-placeholder location="common.properties,mule.${mule.env}.properties,api.properties" />
    <mule-ss:security-manager>
        <mule-ss:delegate-security-provider name="memory-provider" delegate-ref="authenticationManager" />
    </mule-ss:security-manager>
    <spring:beans>
        <ss:authentication-manager alias="authenticationManager">
            <ss:authentication-provider>
                <ss:user-service id="userService">
                    <ss:user name="${api.auth.username}" password="${api.auth.password}" authorities="ROLE_ADMIN" />
                </ss:user-service>
            </ss:authentication-provider>
        </ss:authentication-manager>
    </spring:beans>
    <apikit:config name="apiConfig" raml="api.raml" consoleEnabled="true" consolePath="console" doc:name="Router" />
    <apikit:mapping-exception-strategy name="apiKitGlobalExceptionMapping" >
        <apikit:mapping statusCode="404">
            <apikit:exception value="org.mule.module.apikit.exception.NotFoundException" />
            <set-property propertyName="Content-Type" value="application/json" doc:name="Property" />
            <set-payload value="${api.response.exception.404.notFound}" doc:name="Set Payload" />
        </apikit:mapping>
        <apikit:mapping statusCode="405">
            <apikit:exception value="org.mule.module.apikit.exception.MethodNotAllowedException" />
            <set-property propertyName="Content-Type" value="application/json" doc:name="Property" />
            <set-payload value="${api.response.exception.405.methodNotAllowed}" doc:name="Set Payload" />
        </apikit:mapping>
        <apikit:mapping statusCode="415">
            <apikit:exception value="org.mule.module.apikit.exception.UnsupportedMediaTypeException" />
            <set-property propertyName="Content-Type" value="application/json" doc:name="Property" />
            <set-payload value="${api.response.exception.415.unsupportedMediaType}" doc:name="Set Payload" />
        </apikit:mapping>
        <apikit:mapping statusCode="406">
            <apikit:exception value="org.mule.module.apikit.exception.NotAcceptableException" />
            <set-property propertyName="Content-Type" value="application/json" doc:name="Property" />
            <set-payload value="${api.response.exception.406.notAcceptable}" doc:name="Set Payload" />
        </apikit:mapping>
        <apikit:mapping statusCode="400">
            <apikit:exception value="org.mule.module.apikit.exception.BadRequestException" />
            <set-property propertyName="Content-Type" value="application/json" doc:name="Property" />
            <set-payload value="${api.response.exception.400.badRequest}" doc:name="Set Payload" />
        </apikit:mapping>
        <apikit:mapping statusCode="401">
            <apikit:exception value="org.mule.api.routing.filter.FilterUnacceptedException" />
            <set-property propertyName="Content-Type" value="application/json" doc:name="Property" />
            <set-payload value="${api.response.exception.401.badIpRange}" doc:name="Set Payload" />
        </apikit:mapping>
    </apikit:mapping-exception-strategy>

    <flow name="main" >
        <http:listener config-ref="HTTP_listener" path="/api/*" doc:name="HTTP" />
     	<mule-ss:http-security-filter realm="Enterprise Trials API" />
        <message-filter doc:name="Filter non-whitelisted IPs" throwOnUnaccepted="true">
            <custom-filter class="com.splunk.enterprisetrials.components.IPWhitelistFilter">
                <spring:property name="whitelist" value="${api.source.whitelist}" />
            </custom-filter>
        </message-filter>
        <set-variable variableName="apiCall" value="#[message.inboundProperties['http.request.path']]" doc:name="Variable" />
        <splunklogger:logger config-ref="SplunkLoggerConfig" doc:name="Logger">
            <splunklogger:fields>
                <splunklogger:field key="action">receive</splunklogger:field>
            </splunklogger:fields>
        </splunklogger:logger>
        <splunklogger:time config-ref="SplunkLoggerConfig" message="API Call handled in #[flowVars['elapsedTime']] milliseconds" doc:name="Time execution" destination="">
            <apikit:router config-ref="apiConfig" doc:name="APIkit Router"/>
        </splunklogger:time>
        <splunklogger:logger config-ref="SplunkLoggerConfig" doc:name="Logger">
            <splunklogger:fields>
                <splunklogger:field key="action">respond</splunklogger:field>
            </splunklogger:fields>
        </splunklogger:logger>
        <exception-strategy ref="apiKitGlobalExceptionMapping" doc:name="Reference Exception Strategy" />
    </flow>

    <flow name="get:/describeTrials/{crmId}:apiConfig" >
        <splunklogger:time config-ref="SplunkLoggerConfig" message="Total time for Describe Trials (without Stack Name): #[flowVars['elapsedTime']] Milliseconds." doc:name="Time execution" destination="">
            <flow-ref name="describeTrials" doc:name="Call Describe Trials" />
        </splunklogger:time>
    </flow>

    <flow name="get:/describeTrials/{crmId}/{stackName}:apiConfig" >
        <splunklogger:time config-ref="SplunkLoggerConfig" message="Total time for Describe Trials (with Stack Name): #[flowVars['elapsedTime']] Milliseconds." doc:name="Time execution" destination="">
            <flow-ref name="describeTrials" doc:name="Call Describe Trials" />
        </splunklogger:time>
    </flow>

    <flow name="get:/describeStack/{stackName}:apiConfig" >
        <splunklogger:time config-ref="SplunkLoggerConfig" message="Total time for Describe Stack: #[flowVars['elapsedTime']] Milliseconds." doc:name="Time execution" destination="">
            <flow-ref name="describeStackFlow" doc:name="Call Describe Stack" />
        </splunklogger:time>
        <choice doc:name="Choice">
            <when expression="#[payload.equals('{}')]">
                <splunklogger:logger config-ref="SplunkLoggerConfig" message="Element not found" severity="DEBUG" doc:name="Logger" />
                <set-payload value="{&quot;message&quot;: &quot;The stack name is invalid&quot;}" doc:name="Set Payload" />
                <set-property propertyName="http.status" value="404" doc:name="http.status = 404" />
            </when>
            <otherwise>
                <splunklogger:logger config-ref="SplunkLoggerConfig" message="Element found" severity="DEBUG" doc:name="Logger" />
            </otherwise>
        </choice>
    </flow>
    
    <flow name="post:/deleteStack:apiConfig" >
        <splunklogger:time config-ref="SplunkLoggerConfig" message="Total time for Delete Stack: #[flowVars['elapsedTime']] Milliseconds." doc:name="Time execution" destination="">
            <flow-ref name="deleteStackFlow" doc:name="FlowRef: deleteStackFlow" />
        </splunklogger:time>
    </flow>
    <flow name="post:/deleteCloudStack:apiConfig" >
        <splunklogger:time config-ref="SplunkLoggerConfig" message="Total time for Delete Stack: #[flowVars['elapsedTime']] Milliseconds." doc:name="Time execution" destination="">
            <flow-ref name="deleteCloudStackFlow" doc:name="FlowRef: deleteCloudStackFlow" />
        </splunklogger:time>
    </flow>
    <flow name="post:/createStack:apiConfig" >
        <splunklogger:time config-ref="SplunkLoggerConfig" message="Total time for Create Stack: #[flowVars['elapsedTime']] Milliseconds." doc:name="Time execution" destination="">
            <flow-ref name="createStackFlow" doc:name="FlowRef: createStackFlow" />
        </splunklogger:time>
    </flow>
    <flow name="post:/createTrial:apiConfig" >
        <splunklogger:time config-ref="SplunkLoggerConfig" message="Total time for Create Trial: #[flowVars['elapsedTime']] Milliseconds." doc:name="Time execution" destination="">
            <flow-ref name="createTrialFlow" doc:name="FlowRef: createTrialFlow" />
        </splunklogger:time>
    </flow>
    <flow name="post:/createStackV2:apiConfig" >
        <splunklogger:time config-ref="SplunkLoggerConfig" message="Total time for Create Stack V2 (Starfish): #[flowVars['elapsedTime']] Milliseconds." doc:name="Time execution" destination="">
            <flow-ref name="createStackv2Flow" doc:name="FlowRef: createStackv2Flow" />
        </splunklogger:time>
    </flow>
    <flow name="post:/createCloudStack/v1:apiConfig" >
        <flow-ref name="create-or-recover-cloud-stack" doc:name="Flow Ref: createCloudStack"/>
    </flow>
    <flow name="post:/updateStackPlan/v1:apiConfig" >
        <flow-ref name="update-stack-plan" doc:name="Flow ref: updateStackPlan"/>
    </flow>
     <flow name="post:/snsNotification:apiConfig" >
     <object-to-string-transformer doc:name="Read message contents" />
		<copy-properties propertyName="x-amz-sns-message-type" doc:name="Copy message type" />
		<vm:outbound-endpoint path="SNSMessage" connector-ref="VmConnector" doc:name="VM" exchange-pattern="one-way">
			<vm:transaction action="NONE" />
		</vm:outbound-endpoint>
    </flow>
</mule>
