<?xml version="1.0" encoding="UTF-8"?>

<mule xmlns:http="http://www.mulesoft.org/schema/mule/http" xmlns:https="http://www.mulesoft.org/schema/mule/https" xmlns:scripting="http://www.mulesoft.org/schema/mule/scripting" xmlns:splunklogger="http://www.mulesoft.org/schema/mule/splunklogger" xmlns:sfdc="http://www.mulesoft.org/schema/mule/sfdc" xmlns:json="http://www.mulesoft.org/schema/mule/json" xmlns:tracking="http://www.mulesoft.org/schema/mule/ee/tracking" xmlns="http://www.mulesoft.org/schema/mule/core" xmlns:doc="http://www.mulesoft.org/schema/mule/documentation"
	xmlns:spring="http://www.springframework.org/schema/beans" 
	xmlns:xsi="http://www.w3.org/2001/XMLSchema-instance"
	xsi:schemaLocation="http://www.springframework.org/schema/beans http://www.springframework.org/schema/beans/spring-beans-current.xsd
http://www.mulesoft.org/schema/mule/core http://www.mulesoft.org/schema/mule/core/current/mule.xsd
http://www.mulesoft.org/schema/mule/json http://www.mulesoft.org/schema/mule/json/current/mule-json.xsd
http://www.mulesoft.org/schema/mule/splunklogger http://www.mulesoft.org/schema/mule/splunklogger/current/mule-splunklogger.xsd
http://www.mulesoft.org/schema/mule/ee/tracking http://www.mulesoft.org/schema/mule/ee/tracking/current/mule-tracking-ee.xsd
http://www.mulesoft.org/schema/mule/sfdc http://www.mulesoft.org/schema/mule/sfdc/current/mule-sfdc.xsd
http://www.mulesoft.org/schema/mule/scripting http://www.mulesoft.org/schema/mule/scripting/current/mule-scripting.xsd
http://www.mulesoft.org/schema/mule/http http://www.mulesoft.org/schema/mule/http/current/mule-http.xsd
http://www.mulesoft.org/schema/mule/https http://www.mulesoft.org/schema/mule/https/current/mule-https.xsd">
    <flow name="update-stack-plan" >
        <object-to-string-transformer doc:name="Object to String"/>
        <splunklogger:logger config-ref="SplunkLoggerConfig" message="Received Stack Plan Update request: #[payload]" doc:name="Log request"/>
        <json:json-to-object-transformer returnClass="com.splunk.enterprisetrials.orchestration.updatestackplan.UpdateStackPlanRequest" doc:name="Parse request"/>
        <set-variable variableName="originalRequest" value="#[payload]" doc:name="Save request"/>
        <splunklogger:time config-ref="SplunkLoggerConfig" message="Stack name validated in #[flowVars['elapsedTime']] ms." doc:name="Time execution" destination="">
            <flow-ref name="update-stack-plan-validate-crmIds" doc:name="Validate CRM IDs"/>

        </splunklogger:time>
        <choice doc:name="CRM IDs valid?">
            <when expression="#[flowVars['stackIsCloudStack']]">
                <splunklogger:logger config-ref="SplunkLoggerConfig" message="Stack name is valid. Updating plan. " doc:name="Logger"/>
                <flow-ref name="update-stack-plan-update-sfdc" doc:name="Update SFDC"/>
                <flow-ref name="update-stack-plan-update-plan" doc:name="Update Plan"/>
                <choice doc:name="Plan update successful?">
                    <when expression="#[flowVars['planUpdateSuccessful']]">
                        <splunklogger:logger config-ref="SplunkLoggerConfig" message="Plan update successful. " doc:name="Logger"/>
                        <scripting:component doc:name="Groovy">
                            <scripting:script engine="Groovy"><![CDATA[updateRecord = [:];

updateRecord['statusCode'] = 'STS-200-SUCCESS';
updateRecord['stackId'] = flowVars['OriginalRequest'].stackId;
updateRecord['message']='Stack update scheduled.';
payload = updateRecord;]]></scripting:script>
                        </scripting:component>


                    </when>
                    <otherwise>
                        <splunklogger:logger config-ref="SplunkLoggerConfig" doc:name="Logger" message="Error in call to Beluga." severity="ERROR"/>
                        <scripting:component doc:name="Set Stack to Update Failed">
                            <scripting:script engine="Groovy"><![CDATA[updateRecord = [:];

updateRecord['Id'] = flowVars['stackCrmId'];
updateRecord['status__c']='UPGRADE_FAILED';
payload = updateRecord;]]></scripting:script>
                        </scripting:component>
                        <sfdc:update-single config-ref="salesforce" type="Cloud_Stack__c" doc:name="Update Stack__C"/>

                        <set-payload value="${api.response.provision.cloud.stack.error}" doc:name="Set response"/>

                    </otherwise>
                </choice>
            </when>
            <otherwise>
                <splunklogger:logger config-ref="SplunkLoggerConfig" doc:name="Log error" message="The stack name is invalid." severity="ERROR"/>
                <set-variable variableName="errorCause" value="The stack name is invalid." doc:name="Set errorCause"/>
                <flow-ref name="update-stack-throw-exception" doc:name="Throw exception"/>
            </otherwise>
        </choice>

        <json:object-to-json-transformer doc:name="Object to JSON"/>
        <catch-exception-strategy doc:name="Catch Exception Strategy">
            <expression-component doc:name="Set error cause"><![CDATA[flowVars['errorCause'] = (flowVars['errorCause'] == null)?rootCause(exception).getMessage():flowVars['errorCause'];]]></expression-component>
            <set-payload value="${api.response.update.stack.plan.error}" doc:name="Set Error Payload"/>
            <set-property propertyName="http.status" value="500" doc:name="Set error status"/>
        </catch-exception-strategy>
    </flow>
    <sub-flow name="update-stack-plan-validate-crmIds" >
        <expression-component doc:name="Initialize status"><![CDATA[flowVars['stackIsCloudStack'] = false;
]]></expression-component>
        <scripting:component doc:name="Validate CRM IDs">
            <scripting:script engine="Groovy"><![CDATA[if ((payload.opportunityProductId == null || payload.opportunityProductId.isEmpty()) && (payload.subscriptionId == null || payload.subscriptionId.isEmpty())) {
	flowVars['errorCause'] = 'You must provide either an opportunityProductId or an subscriptionId';
	throw new java.lang.Exception(flowVars['errorCause']);
}

if (payload.opportunityProductId != null && payload.subscriptionId != null && !payload.opportunityProductId.isEmpty() && !payload.subscriptionId.isEmpty()) {
	flowVars['errorCause'] = 'opportunityProductId and subscriptionId cannot be simultaneously present in a request. Use one or the other';
	throw new java.lang.Exception(flowVars['errorCause']);
}

return payload]]></scripting:script>
        </scripting:component>

        <set-payload value="#[flowVars['originalRequest']]" doc:name="Retrieve Payload"/>
        <sfdc:query-single config-ref="salesforce" query="SELECT Url__c, Id FROM Cloud_Stack__c WHERE Stack_ID__c = '#[payload.stackId]'" doc:name="Query Cloud_Stack__c"/>
		<message-properties-transformer scope="invocation" doc:name="Set Cloud_Stack__c variables">
            <add-message-property value="#[(payload == null || payload is NullPayload)?false:true]" key="stackIsCloudStack"/>
            <add-message-property value="#[(payload == null || payload is NullPayload)?flowVars['stackUrl']:payload['URL__c']]" key="stackUrl"/>
            <add-message-property value="#[(payload == null || payload is NullPayload)?flowVars['stackCrmId']:payload['Id']]" key="stackCrmId"/>
		</message-properties-transformer>

        <set-payload value="#[flowVars['originalRequest']]" doc:name="Set Payload"/>
    </sub-flow>
    <sub-flow name="update-stack-plan-update-plan" >

<!--         <message-properties-transformer doc:name="Set properties">
            <add-message-property key="Content-Type" value="application/json"/>
            <add-message-property key="Authorization" value="#['Basic ' + new String(Base64.encodeBase64('${beluga.http.username}:${beluga.http.password}'.getBytes()))]"/>
        </message-properties-transformer> -->
        <expression-component doc:name="Expression"><![CDATA[
request = [:];
request['stack_id'] = flowVars['originalRequest'].stackId ;
request['update_plan'] = flowVars['originalRequest'].poolName;

payload = request;]]></expression-component>
        <json:object-to-json-transformer doc:name="Object to JSON"/>
        
<until-successful maxRetries="2"
	doc:name="Until Successful" millisBetweenRetries="5000" synchronous="true"
	failureExpression="errorIsRetriable(message.inboundProperties['http.status'])">
	<processor-chain doc:name="Processor Chain">
		<set-payload value="#[payload]" doc:name="Set Payload"
			mimeType="application/json" />
		<http:request config-ref="BelugaConnectorConfig" path="${beluga.endpoint}"
			method="POST" host="${beluga.host}" port="${beluga.port}" doc:name="Call Beluga"
			responseTimeout="60000">
		<http:success-status-code-validator values="0..599"/>
		</http:request>
		<object-to-string-transformer doc:name="Object to String" />
		<splunklogger:logger config-ref="SplunkLoggerConfig"
			message="Beluga returned: #[payload]" doc:name="Logger" />
	</processor-chain>
</until-successful>

        <choice doc:name="Error in response?">
            <when expression="#[message.inboundProperties['http.status'] != 200]">
                <splunklogger:logger config-ref="SplunkLoggerConfig" message="Error in call to Beluga: Error #[message.inboundProperties['http.status']]. #[payload]" severity="ERROR" doc:name="Logger"/>
                <scripting:component doc:name="Groovy">
                    <scripting:script engine="Groovy"><![CDATA[status = message.getInboundProperty('http.status');

if(status.equals('200')) {
	flowVars['errorCause'] = '';
} else if (status.equals('400')) {
	flowVars['errorCause'] = 'Beluga reported error. ' + message.payload;
} else if (status.equals('500')) {
	flowVars['errorCause'] = 'Beluga reported an internal error: ' + message.payload + '. Please try again in a few minutes. If the problem persists contact Support.';
} else if (status.equals('404')) {
	flowVars['errorCause'] = 'A stack with the name provided does not exist in AWS. Please double-check the stack name';
} else {
	flowVars['errorCause'] = 'Beluga reported an unknown error: ' + message.payload + '. Please report this problem to Support.';
}]]></scripting:script>
                </scripting:component>
                <set-variable variableName="planUpdateSuccessful" value="#[false]" doc:name="Error"/>
            </when>
            <otherwise>
                <set-variable variableName="planUpdateSuccessful" value="#[true]" doc:name="Success"/>
            </otherwise>
        </choice>
        
    </sub-flow>
    <sub-flow name="update-stack-plan-update-sfdc" >
        <splunklogger:logger config-ref="SplunkLoggerConfig" doc:name="Logger"/>
        <set-payload value="#[flowVars['originalRequest']]" doc:name="Retrieve original request"/>
        <scripting:component doc:name="Generate URL">
            <scripting:script engine="Groovy"><![CDATA[stackUrl = '';

// Generate URL for the new stack by:
// 1) Taking it from the domain parameter
// or 
// 2) copying it from the existing stack

/* REMOVED FOR THE TIME BEING
if (flowVars['originalRequest'].newCustomName != null && !(flowVars['originalRequest'].newCustomName.isEmpty())) {
	stackUrl = '${cloud.stack.protocol}' + '://' + flowVars['originalRequest'].newCustomName;
} else {
	stackUrl = flowVars['stackUrl'];
}

flowVars['stackUrl'] = stackUrl;
*/

return payload;

]]></scripting:script>
        </scripting:component>
        <splunklogger:logger config-ref="SplunkLoggerConfig" doc:name="Updating Cloud Stack" message="Updating the type of a cloud stack"/>
        <scripting:component doc:name="Create update request">
            <scripting:script engine="Groovy"><![CDATA[def updateRecord = [:];
updateRecord['fieldsToNull'] = [];

updateRecord['Id'] = flowVars['stackCrmId'];
updateRecord['Fulfillment_Case__c'] = payload.fulfillmentCaseId;
updateRecord['Url__c'] = flowVars['stackUrl'];
updateRecord['InstanceType__c'] = 'Paid';
updateRecord['status__c']='UPGRADE_IN_PROGRESS';

// Copy opportunity product Id, or null it.
if (payload.opportunityProductId != null && !payload.opportunityProductId.isEmpty()) {
	updateRecord['Opportunity_Product_Id__c'] = payload.opportunityProductId;
} else {
	updateRecord['fieldsToNull'].add('Opportunity_Product_Id__c');
}

// Copy sales order line item Id, or null it.
if (payload.subscriptionId != null && !payload.subscriptionId.isEmpty()) {
	updateRecord['Subscription_Payment__c'] = payload.subscriptionId;
} else {
	updateRecord['fieldsToNull'].add('Subscription_Payment__c');
}
updateRecord['fieldsToNull']= (String[])updateRecord['fieldsToNull'].toArray();
payload = updateRecord;

]]></scripting:script>
        </scripting:component>
        <sfdc:update-single config-ref="salesforce" type="Cloud_Stack__c" doc:name="Update Cloud_Stack__c">

        </sfdc:update-single>

    </sub-flow>

    <sub-flow name="update-stack-throw-exception" >
        <scripting:component doc:name="Throw exception">
            <scripting:script engine="Groovy"><![CDATA[throw new Exception('A call to Update Stack Plan encountered a problem.');]]></scripting:script>
        </scripting:component>
    </sub-flow>
</mule>
